id,title,url,section,lead,date,source,scrape_time,last_update,news_content
2577024,加州州長稱繼續對中國敞開貿易大門,https://www.881903.com/news/china/2577024,china,"美國加州州長紐森接受日本傳媒訪問，指特朗普政府的關稅政策對加州造成巨大傷害，直接和間接經濟損失高達數十億美元，並強調加州會繼續對中國敞開貿易大門。
他說，加州一直是中國穩定的貿易夥伴。雙方簽署了一系列省州、地縣和城市間的合作備忘錄。去年他訪華時，更將與中國的聯繫延伸到國家層面。特朗普政府的貿易政策，對加州影響尤為嚴重。當地不僅與亞洲貿易往來廣泛，而且矽谷科技公司在亞洲擁有一體化的供應鏈和市場。特朗...",2025-05-04 04:56,cradio,2025-05-04 05:00,2025-05-04 04:56:00,"美國加州州長紐森接受日本傳媒訪問，指特朗普政府的關稅政策對加州造成巨大傷害，直接和間接經濟損失高達數十億美元，並強調加州會繼續對中國敞開貿易大門。

他說，加州一直是中國穩定的貿易夥伴。雙方簽署了一系列省州、地縣和城市間的合作備忘錄。去年他訪華時，更將與中國的聯繫延伸到國家層面。特朗普政府的貿易政策，對加州影響尤為嚴重。當地不僅與亞洲貿易往來廣泛，而且矽谷科技公司在亞洲擁有一體化的供應鏈和市場。特朗普的貿易政策對旅遊業、貿易以及大小型企業都造成巨大影響，聲譽損害更是無法估計。"
2577023,股神巴菲特宣布計劃年底退休,https://www.881903.com/news/international/2577023,international,"被稱為股神的美國著名投資者巴菲特，出席旗下投資旗艦巴郡的年度股東會，並在約5小時的答問環節結束時宣布，打算年底退休。在場股東鼓掌感謝巴菲持多年來領導巴郡。現年94歲的巴菲特之前一直表示，無退休計劃。他說，將向董事會推薦，由巴郡非保險業務副董事長阿貝爾擔任行政總裁。他自己仍會留在公司幫手，但最終決定權掌握在阿貝爾手上。
62歲的阿貝爾在加拿大出生。巴菲特曾表示，巴郡有阿貝爾準備接手是非常幸運。他在股...",2025-05-04 04:46,cradio,2025-05-04 05:00,2025-05-04 04:46:00,"被稱為股神的美國著名投資者巴菲特，出席旗下投資旗艦巴郡的年度股東會，並在約5小時的答問環節結束時宣布，打算年底退休。在場股東鼓掌感謝巴菲持多年來領導巴郡。現年94歲的巴菲特之前一直表示，無退休計劃。他說，將向董事會推薦，由巴郡非保險業務副董事長阿貝爾擔任行政總裁。他自己仍會留在公司幫手，但最終決定權掌握在阿貝爾手上。

62歲的阿貝爾在加拿大出生。巴菲特曾表示，巴郡有阿貝爾準備接手是非常幸運。他在股東會指，預料董事會將以一致票數通過阿貝爾的任命。阿貝爾其後上台主持正式業務會議，表示對能夠成為巴郡未來發展的一部分，感到無比榮幸和謙卑。有董事會成員說，不會有另一個巴菲特，但阿貝爾具備巴菲特很多基本特質，是一個勤奮工作的策略思想家。"
2577022,梵蒂岡拒評特朗普AI合成圖扮教宗,https://www.881903.com/news/international/2577022,international,"梵蒂岡發言人拒絕評論美國總統特朗普發放將自己扮成教宗的圖片。本身並非天主教徒的特朗普在自己的社交平台上載這張由人工智能AI合成的圖片。白宮網頁亦有轉載。
梵蒂岡為已故教宗方濟各進行的9日官方哀悼期周日結束，並會由周三起舉行秘密會議，推選新教宗。有意大利報章批評特朗普，指他是病態自大狂。",2025-05-04 03:09,cradio,2025-05-04 03:15,2025-05-04 03:09:00,"梵蒂岡發言人拒絕評論美國總統特朗普發放將自己扮成教宗的圖片。本身並非天主教徒的特朗普在自己的社交平台上載這張由人工智能AI合成的圖片。白宮網頁亦有轉載。

梵蒂岡為已故教宗方濟各進行的9日官方哀悼期周日結束，並會由周三起舉行秘密會議，推選新教宗。有意大利報章批評特朗普，指他是病態自大狂。"
2577021,馬德里網球賽｜莎芭倫卡封后,https://www.881903.com/news/sports/2577021,sports,馬德里網球公開賽，女單決賽，頭號種子白俄羅斯的莎芭倫卡，以直落兩盤6-3及7-6，擊敗4號種子，美國的歌芙，繼2021及23年後，第三次在馬德里公開賽封后，追平捷克姬維杜娃的紀錄，亦是莎芭倫卡繼布里斯班及邁阿密賽事後，今季奪得的第三項錦標。,2025-05-04 02:38,cradio,2025-05-04 02:45,2025-05-04 02:38:00,馬德里網球公開賽，女單決賽，頭號種子白俄羅斯的莎芭倫卡，以直落兩盤6-3及7-6，擊敗4號種子，美國的歌芙，繼2021及23年後，第三次在馬德里公開賽封后，追平捷克姬維杜娃的紀錄，亦是莎芭倫卡繼布里斯班及邁阿密賽事後，今季奪得的第三項錦標。
2577020,英超｜阿仙奴主場1:2不敵般尼茅夫,https://www.881903.com/news/sports/2577020,sports,"英超聯賽，第二位的阿仙奴主場領先下1:2不敵般尼茅夫。
迪格蘭賴斯在34分鐘建功，協助阿仙奴半場一球在手。般尼茅夫的侯辛及伊雲利臣換邊後8分鐘內各入一球。阿仙奴賽後35戰有67分，領先第三位的曼城3分。",2025-05-04 02:27,cradio,2025-05-04 02:30,2025-05-04 02:27:00,"英超聯賽，第二位的阿仙奴主場領先下1:2不敵般尼茅夫。

迪格蘭賴斯在34分鐘建功，協助阿仙奴半場一球在手。般尼茅夫的侯辛及伊雲利臣換邊後8分鐘內各入一球。阿仙奴賽後35戰有67分，領先第三位的曼城3分。"
2577019,警方上水清河邨拘捕曾爬出窗外男子　並檢獲毒品,https://www.881903.com/news/local/2577019,local,"警方在上水清河邨拘捕一名一度爬出窗外的50歲男子，並檢獲毒品。
下午約五時，男子家人報案，指男子在清譽樓的單位內情緒激動。警員到場，男子拒絶合作並爬出窗外。他其後自行爬回另一單位。警員在男子住所檢獲約1.3克海洛英。他涉嫌管有危險藥物及高空墮物被捕。",2025-05-04 02:12,cradio,2025-05-04 02:15,2025-05-04 02:12:00,"警方在上水清河邨拘捕一名一度爬出窗外的50歲男子，並檢獲毒品。

下午約五時，男子家人報案，指男子在清譽樓的單位內情緒激動。警員到場，男子拒絶合作並爬出窗外。他其後自行爬回另一單位。警員在男子住所檢獲約1.3克海洛英。他涉嫌管有危險藥物及高空墮物被捕。"
2577018,德甲｜拜仁慕尼黑賽和萊比錫3:3　未能提早兩輪奪標,https://www.881903.com/news/sports/2577018,sports,"德甲聯賽，榜首拜仁慕尼黑作客賽和萊比錫3:3。

拜仁如果今場取勝可以提早兩輪奪標。但他們上半場兩度失守。換邊後拜仁由迪亞、奧利斯及辛尼建功，連追三球，反先3:2。萊比錫到補時5分鐘憑尤錫夫保臣破網，搶回1分。",2025-05-04 00:23,cradio,2025-05-04 00:30,2025-05-04 00:23:00,"德甲聯賽，榜首拜仁慕尼黑作客賽和萊比錫3:3。

拜仁如果今場取勝可以提早兩輪奪標。但他們上半場兩度失守。換邊後拜仁由迪亞、奧利斯及辛尼建功，連追三球，反先3:2。萊比錫到補時5分鐘憑尤錫夫保臣破網，搶回1分。"
2577017,英超MVP丨阿士東維拉主場1:0擊敗富咸,https://www.881903.com/news/sports/2577017,sports,"一場爭逐歐洲資格的賽事，戰程平淡，維拉球員戰意較強，開賽即在前場逼搶，12分鐘藉角球領先，隨即放慢節奏；富咸作客反擊乏力，維拉小勝富咸1-0。

維拉全取三分後，繼續位於英超榜第七位，保持來屆挑戰歐聯機會。

富咸原本亦有機會爭逐歐霸資格，他們先求穩守，但開賽不久自亂陣腳，一次角球防守失誤，走漏了維拉的中場進攻重心人物，被迪拿曼斯輕易頂入，鑄成大錯。

維拉球員開賽即在前場展開逼搶，球員積極爭取主...",2025-05-03 23:52,cradio,2025-05-04 00:00,2025-05-03 23:52:00,"一場爭逐歐洲資格的賽事，戰程平淡，維拉球員戰意較強，開賽即在前場逼搶，12分鐘藉角球領先，隨即放慢節奏；富咸作客反擊乏力，維拉小勝富咸1-0。

維拉全取三分後，繼續位於英超榜第七位，保持來屆挑戰歐聯機會。

富咸原本亦有機會爭逐歐霸資格，他們先求穩守，但開賽不久自亂陣腳，一次角球防守失誤，走漏了維拉的中場進攻重心人物，被迪拿曼斯輕易頂入，鑄成大錯。

維拉球員開賽即在前場展開逼搶，球員積極爭取主動，形勢稍佔上風，但入球後，維拉放慢節奏，集中和富咸在中場爭逐，雙方推進緩慢，埋門鏡頭不多，射門更少，上半場兩隊合共僅 7次射門，2次中目標，包括唯一入球。

領先下，他們下半場繼續放慢步伐，保持控球在腳，慎防富咸反擊。

中場球員迪拿曼斯和卡馬夏各司其職，分別負起了球隊中場的攻守責任，前者更取得重要入球，成為今仗英超MVP。

前綫屈堅斯、羅渣士和阿辛斯奧表現未及水準，維拉下半場換入藍斯和馬倫後威脅增強，如非屈堅斯單刀射失，完埸前馬倫又射中門楣，維拉入球不止一個。

富咸上半場集中防守，間中利用右翼施斯隆的速度反擊，但中場失勢，反擊較難發揮。

一對防中貝加和盧傑，一次走漏迪拿曼斯，導致球隊落後。

兩翼施斯隆和伊禾比表現普通，球隊沒有側擊，兩閘羅賓遜和戴迪亦缺乏支援，箭頭占美利斯和輔鋒威爾遜威脅不大。

12分鐘主隊藉角球先開紀錄；麥堅右面長角球開出，無人監管的迪拿曼斯，右輔楔入10碼頭槌破網。

45分鐘維拉未能增添入球；迪拿斯中路推順，30碼抽射，利奴叉出底線，但球證判處富咸球門球。

半場完場補時階段富咸未能追成平手；伊禾比左面禁區角推順施射，馬天尼斯輕易沒收。

50分鐘富咸入球”詐糊”；伊禾比右路傳中，施斯隆禁區內胸口控球，彈地後抽入。

經VR核實後，證實施斯隆犯手球在先。

54分鐘富咸未能追和；占美利斯近中綫橫俾伊禾比，右路大步推過前場，40碼斜綫送前，威爾遜禁區邊第一時間左腳挑射欠力，馬天尼斯沒收。

61分鐘主隊錯失入球機會；羅渣士前場右邊斜綫送前，屈堅斯突破越位推入禁區單刀，14碼施射地波，利奴及時封位右腳擋出。

79分鐘維拉未能增添入球；羅渣士右面邊綫傳交禁區角附近安拿拿，然後衝入底線，迎接安拿拿撞牆回傳，第一時間地波傳中，剛入替屈堅斯的馬倫在利奴壓逼下撞射出底線。

完場前補時4分鐘富咸險些多失；藍斯開波圈直綫送前，馬倫追入禁區，右輔12碼抽射，中楣彈出。

撰文：足球評述員蔡文堅"
2577016,巴菲特：貿易不應該成為武器  是重大錯誤,https://www.881903.com/news/international/2577016,international,"美國股神巴菲特，出席旗下投資旗艦巴郡的年度股東會時，不點名批評美國總統特普力主的高關稅政策，強調貿易不應成為武器，當全球有75億人心懷不滿，而美國國內的3億人仍然只顧自吹自擂的時候，就是重大錯誤，如果世界變得更富庶，對所有人都是好事，亦會更安全，但不應建設在他人的犧牲之上。
94歲的巴菲特說，比較平衡的貿易，對世界而言會更好，美國應該尋求與世界其他地區進行貿易，專注於自身最擅長的領域，其他國家應發...",2025-05-03 23:46,cradio,2025-05-04 00:00,2025-05-03 23:46:00,"美國股神巴菲特，出席旗下投資旗艦巴郡的年度股東會時，不點名批評美國總統特普力主的高關稅政策，強調貿易不應成為武器，當全球有75億人心懷不滿，而美國國內的3億人仍然只顧自吹自擂的時候，就是重大錯誤，如果世界變得更富庶，對所有人都是好事，亦會更安全，但不應建設在他人的犧牲之上。

94歲的巴菲特說，比較平衡的貿易，對世界而言會更好，美國應該尋求與世界其他地區進行貿易，專注於自身最擅長的領域，其他國家應發揮它們的優勢。他同時指出，對美國的財政問題感到擔憂，但指這個問題並非美國所獨有。

巴郡今年首季的現金儲備，增至破紀錄的3470億美元，比去年底增加130億美元。巴菲特表示，他目前沒有看到很多價格具有吸引力的投資，但預測巴郡終有一天將面臨大量投資機會，將會慶幸坐擁大量現金。

巴郡今年首季盈利46億美元，只及去年同期3分1；運營收益則下降14%，至96.4億美元。按每股A股計算，運營收益為6703美元，低於去年同期每股7796美元的水平。亦不及市場預期。主要是由於保險承保利潤暴跌48.6% 所致。

巴郡指，特朗普的關稅政策和其他地緣政治風險，令他們投資的鐵路公司及保險公司營造不確定的環境。目前無法預測關稅可能產生的任何影響。"
2577015,英冠聯賽煞科　列斯聯封王,https://www.881903.com/news/sports/2577015,sports,"英冠聯賽煞科，列斯聯補時入球，作客2:1反勝普利茅夫，與般尼同得100分。列斯聯憑較佳得失球封王，與般尼來季直接升班。

第三至第六名的錫菲聯、新特蘭、高雲地利及布里斯托城踢升班附加賽，爭奪餘下一個升班席位。

至於三支降班球隊分別是盧頓、普利茅夫及卡迪夫城。",2025-05-03 23:20,cradio,2025-05-03 23:45,2025-05-03 23:20:00,"英冠聯賽煞科，列斯聯補時入球，作客2:1反勝普利茅夫，與般尼同得100分。列斯聯憑較佳得失球封王，與般尼來季直接升班。

第三至第六名的錫菲聯、新特蘭、高雲地利及布里斯托城踢升班附加賽，爭奪餘下一個升班席位。

至於三支降班球隊分別是盧頓、普利茅夫及卡迪夫城。"
2577014,外交部祝賀澳洲工黨勝選  冀構建更富成果戰略夥伴關係,https://www.881903.com/news/china/2577014,china,澳洲國會大選投票結束，總理阿爾巴尼斯領導的執政工黨勝出，繼續執政多3年。中國政府對澳洲工黨和阿爾巴尼斯表示祝賀。外交部發言人說，中方願同阿爾巴尼斯領導的澳洲新一屆政府一道，以兩國領導人重要共識為根本遵循，繼續推動構建更加成熟穩定、更加富有成果的中澳全面戰略夥伴關係，更好造福兩國和兩國人民，為促進地區和世界的和平穩定作出積極貢獻。,2025-05-03 23:04,cradio,2025-05-03 23:15,2025-05-03 23:04:00,澳洲國會大選投票結束，總理阿爾巴尼斯領導的執政工黨勝出，繼續執政多3年。中國政府對澳洲工黨和阿爾巴尼斯表示祝賀。外交部發言人說，中方願同阿爾巴尼斯領導的澳洲新一屆政府一道，以兩國領導人重要共識為根本遵循，繼續推動構建更加成熟穩定、更加富有成果的中澳全面戰略夥伴關係，更好造福兩國和兩國人民，為促進地區和世界的和平穩定作出積極貢獻。
2577013,烏方稱使用海上無人艇發射導彈  擊落俄軍蘇-30戰機,https://www.881903.com/news/international/2577013,international,"烏克蘭軍事情報機構聲稱，烏軍海上無人艇發射導彈，在俄羅斯新羅西斯克市附近海域，擊落俄軍一架蘇-30戰機，如果屬實，將是無人艦艇擊落戰機的世界首例。
俄方就指，新羅西斯克市遭到烏軍的無人機、無人艦艇和導彈襲擊，當地進入緊急狀態，並以防空系統擊落最少47架烏方無人機，目前已經擊退烏軍的攻勢。",2025-05-03 22:31,cradio,2025-05-03 22:45,2025-05-03 22:31:00,"烏克蘭軍事情報機構聲稱，烏軍海上無人艇發射導彈，在俄羅斯新羅西斯克市附近海域，擊落俄軍一架蘇-30戰機，如果屬實，將是無人艦艇擊落戰機的世界首例。

俄方就指，新羅西斯克市遭到烏軍的無人機、無人艦艇和導彈襲擊，當地進入緊急狀態，並以防空系統擊落最少47架烏方無人機，目前已經擊退烏軍的攻勢。"
2577012,跳水世界盃總決賽丨陳芋汐力壓全紅嬋奪冠,https://www.881903.com/news/sports/2577012,sports,"在北京水立方舉行的世界泳聯跳水世界盃總決賽，進行第2日比賽。中國包攬男子3米彈板和女子10米高台金銀牌。
在備受關注的女子10米台決賽，依舊是中國“雙子星”陳芋汐及全紅嬋的對決。陳芋汐憑藉完美表現，以431.25分獲得金牌。全紅嬋落後21.45分得銀牌。
陳芋汐奪冠後表示，十分榮幸能在‘水立方’拿下金牌，意義非凡。指2008年陳若琳在‘水立方’拿下奧運金牌的時候，也是她夢想開始的時候。
男子3米板...",2025-05-03 21:54,cradio,2025-05-03 22:00,2025-05-03 21:54:00,"在北京水立方舉行的世界泳聯跳水世界盃總決賽，進行第2日比賽。中國包攬男子3米彈板和女子10米高台金銀牌。

在備受關注的女子10米台決賽，依舊是中國“雙子星”陳芋汐及全紅嬋的對決。陳芋汐憑藉完美表現，以431.25分獲得金牌。全紅嬋落後21.45分得銀牌。

陳芋汐奪冠後表示，十分榮幸能在‘水立方’拿下金牌，意義非凡。指2008年陳若琳在‘水立方’拿下奧運金牌的時候，也是她夢想開始的時候。

男子3米板決賽，王宗源以519.25分獲得冠軍，隊友鄭九源得亞軍。"
2577011,新醫學院工作組與3所大學代表會晤  料年內完成評核,https://www.881903.com/news/local/2577011,local,"籌備新醫學院工作組分別同浸會大學、理工大學及科技大學代表會面，就他們提交建設第三所醫學院建議書，作深入討論。就建議書內容深入交流，包括創新策略定位、課程結構與評估方法，及財政可持續性等；了解他們就落實建議書內容的準備工作及資源安排。
工作組聯席主席、醫務衞生局局長盧寵茂表示，成立第三所醫學院是發展醫學教育重要工程，樂見大學積極回應。 工作組會提速提效推進工作，採用全面和綜合方法評核建議書，預期年內...",2025-05-03 21:24,cradio,2025-05-03 21:30,2025-05-03 21:24:00,"籌備新醫學院工作組分別同浸會大學、理工大學及科技大學代表會面，就他們提交建設第三所醫學院建議書，作深入討論。就建議書內容深入交流，包括創新策略定位、課程結構與評估方法，及財政可持續性等；了解他們就落實建議書內容的準備工作及資源安排。

工作組聯席主席、醫務衞生局局長盧寵茂表示，成立第三所醫學院是發展醫學教育重要工程，樂見大學積極回應。 工作組會提速提效推進工作，採用全面和綜合方法評核建議書，預期年內完成。

另一聯席主席、教育局局長蔡若蓮期望，新醫學院推動大學發展，提升本港競爭力。她說，新醫學院選址「北都大學教育城」，地理位置有效促進學界、科研及產業協同發展，與大灣區內夥伴產生協同效應。"
2577010,塞爾維亞總統武契奇突發健康問題 縮短訪美返國住院,https://www.881903.com/news/international/2577010,international,"塞爾維亞總統武契奇，突發健康問題，縮短在美國的訪問行程，緊急返回塞爾維亞，他返抵首都貝爾格萊德後，隨即送入軍方醫院治療。
塞爾維亞傳媒報道，武契奇在美國當地星期五下午，與美國眾議員、伊利諾伊州前州長以及塞爾維亞裔商界代表舉行一系列會晤後感到不適。諮詢醫生後，決定取消後續訪問計劃，立即返回塞爾維亞。
武契奇周一抵達美國佛羅里達州展開美國之行，原計劃與包括美國總統特使格雷內爾在內的美國多名官員會面。",2025-05-03 20:57,cradio,2025-05-03 21:15,2025-05-03 20:57:00,"塞爾維亞總統武契奇，突發健康問題，縮短在美國的訪問行程，緊急返回塞爾維亞，他返抵首都貝爾格萊德後，隨即送入軍方醫院治療。

塞爾維亞傳媒報道，武契奇在美國當地星期五下午，與美國眾議員、伊利諾伊州前州長以及塞爾維亞裔商界代表舉行一系列會晤後感到不適。諮詢醫生後，決定取消後續訪問計劃，立即返回塞爾維亞。

武契奇周一抵達美國佛羅里達州展開美國之行，原計劃與包括美國總統特使格雷內爾在內的美國多名官員會面。"
2577009,警方在梅窩岸邊及貨車  檢逾880萬元私煙,https://www.881903.com/news/local/2577009,local,"警方凌晨在梅窩一帶進行反走私行動，在一架貨車上和岸邊共檢獲197箱懷疑私煙，市值約886萬，應課稅值約651萬，扣查涉案貨車調查。
警員在行動中，發現一艘沒有亮起航行燈的快艇，駛至梅窩碼頭路岸邊，有數名可疑男子將貨物由快艇搬到岸上一輛貨車上，警員隨即採取行動。可疑男子立即跳上快艇，高速往香港南面水域逃去。水警人員展開追截，但快艇最終往內地方向逃離。",2025-05-03 20:24,cradio,2025-05-03 20:30,2025-05-03 20:24:00,"警方凌晨在梅窩一帶進行反走私行動，在一架貨車上和岸邊共檢獲197箱懷疑私煙，市值約886萬，應課稅值約651萬，扣查涉案貨車調查。

警員在行動中，發現一艘沒有亮起航行燈的快艇，駛至梅窩碼頭路岸邊，有數名可疑男子將貨物由快艇搬到岸上一輛貨車上，警員隨即採取行動。可疑男子立即跳上快艇，高速往香港南面水域逃去。水警人員展開追截，但快艇最終往內地方向逃離。"
2577008,林定國客串舞台劇　冀以貼地方式推廣法治,https://www.881903.com/news/local/2577008,local,"律政司舉辦以法治為主題的舞台劇，一連兩日在文化中心上演。律政司司長林定國及副司長張國鈞有份客串演出，在舞台上呼籲觀眾堅守法治。
林定國表示，演出對他而言是一個挑戰，唯一遺憾是參與時間不夠多，希望下次做得更好，可爭取更多對白。他說，以舞台劇推廣法治，將較難掌握、抽象的概念，如公平和誠實，以及基礎法治觀念，憲制秩序甚至國家安全的知識，讓小朋友感覺在欣賞娛樂節目而非聽書，用「貼地」方式推廣給公眾。",2025-05-03 20:21,cradio,2025-05-03 20:30,2025-05-03 20:21:00,"律政司舉辦以法治為主題的舞台劇，一連兩日在文化中心上演。律政司司長林定國及副司長張國鈞有份客串演出，在舞台上呼籲觀眾堅守法治。

林定國表示，演出對他而言是一個挑戰，唯一遺憾是參與時間不夠多，希望下次做得更好，可爭取更多對白。他說，以舞台劇推廣法治，將較難掌握、抽象的概念，如公平和誠實，以及基礎法治觀念，憲制秩序甚至國家安全的知識，讓小朋友感覺在欣賞娛樂節目而非聽書，用「貼地」方式推廣給公眾。"
2577007,澤連斯基拒普京停火3日提議  不保證閱兵式外國政要安全,https://www.881903.com/news/international/2577007,international,"烏克蘭總統澤連斯基表明，拒絕俄羅斯總統普京提出，為紀念俄羅斯衛國戰爭勝利80周年，在下周四起全面停火3日的提議，認為停火72小時，根本不可能達成任何協議，重申至少要停火30日。對於將有多國政要到莫斯科出席勝利日閱兵，澤連斯基聲稱，不能為他們的安全作出任何保證。

國家主席習近平預料將會出席閱兵式及對俄羅斯進行訪問。

澤連斯基又說，上月與美國總統特朗普在梵蒂岡的短暫交談，是兩人歷來最好的一次會面，...",2025-05-03 19:22,cradio,2025-05-03 19:30,2025-05-03 19:22:00,"烏克蘭總統澤連斯基表明，拒絕俄羅斯總統普京提出，為紀念俄羅斯衛國戰爭勝利80周年，在下周四起全面停火3日的提議，認為停火72小時，根本不可能達成任何協議，重申至少要停火30日。對於將有多國政要到莫斯科出席勝利日閱兵，澤連斯基聲稱，不能為他們的安全作出任何保證。

國家主席習近平預料將會出席閱兵式及對俄羅斯進行訪問。

澤連斯基又說，上月與美國總統特朗普在梵蒂岡的短暫交談，是兩人歷來最好的一次會面，雙方討論了制裁俄羅斯以及增強烏軍防空能力等議題，又指美烏達成的礦產協議是互惠互利，能確保美國對烏克蘭未來的投資，及有助烏方保衛領土和人民，相信協議將促成美國為烏克蘭提供防空系統。"
2577006,中國海警直升機將闖釣魚島日本民用飛機  警告驅離,https://www.881903.com/news/china/2577006,china,"中國海警在中日有主權爭議的釣魚島，出動艦載直升機，將闖入釣魚島空域的日本民用飛機，警告驅離；中國海警局發言人表示，中國海警艦艇今日在釣魚島海域例行巡航時，發現1架日本民用飛機於11時許非法進入中方釣魚島領空，11時24分飛離。中方海警艦艇迅即採取必要管控措施，並起飛艦載直升機警告驅離。敦促日方立即停止一切違法活動，中國海警將持續在釣魚島領海領空開展維權執法活動，維護國家領土主權和海洋權益。
日本海...",2025-05-03 19:13,cradio,2025-05-03 19:15,2025-05-03 19:13:00,"中國海警在中日有主權爭議的釣魚島，出動艦載直升機，將闖入釣魚島空域的日本民用飛機，警告驅離；中國海警局發言人表示，中國海警艦艇今日在釣魚島海域例行巡航時，發現1架日本民用飛機於11時許非法進入中方釣魚島領空，11時24分飛離。中方海警艦艇迅即採取必要管控措施，並起飛艦載直升機警告驅離。敦促日方立即停止一切違法活動，中國海警將持續在釣魚島領海領空開展維權執法活動，維護國家領土主權和海洋權益。

日本海上保安總部稱，4艘搭載機關炮的中國海警船中午前後，相繼駛入釣魚島周邊海域，之後1架直升機起飛進入空域，約15分鐘後飛離。"
2577005,香港劍擊隊總教練鄭兆康  第7度榮膺全年最佳教練,https://www.881903.com/news/local/2577005,local,"香港劍擊隊總教練鄭兆康，第七度榮膺全年最佳教練，他去年帶領張家朗及江旻憓出戰巴黎奧運，奪得2金，為香港劍壇締造歷史。鄭兆康在頒獎禮表示，獲獎是對團隊工作的肯定，意義重大，鼓勵團隊努力並無白費，並讓運動員了解，本港具備高水平教練，努力能便能創佳績。

被問到劍擊隊會否出現接班問題，鄭兆康指，去年底開始投入更多資源在青年培訓，讓青年運動員接班，強調運動梯隊建設健康，不會出現斷層問題。

文化體育及旅遊...",2025-05-03 18:29,cradio,2025-05-03 18:45,2025-05-03 18:29:00,"香港劍擊隊總教練鄭兆康，第七度榮膺全年最佳教練，他去年帶領張家朗及江旻憓出戰巴黎奧運，奪得2金，為香港劍壇締造歷史。鄭兆康在頒獎禮表示，獲獎是對團隊工作的肯定，意義重大，鼓勵團隊努力並無白費，並讓運動員了解，本港具備高水平教練，努力能便能創佳績。

被問到劍擊隊會否出現接班問題，鄭兆康指，去年底開始投入更多資源在青年培訓，讓青年運動員接班，強調運動梯隊建設健康，不會出現斷層問題。

文化體育及旅遊局副局長劉震在頒獎禮致辭時表示，會繼續為教練提供更多培訓及實習機會，持續提升教練專業水平及運動員訓練質素。強調運動員的成功，除了需要刻苦訓練，教練的付出亦非常重要，是運動員最強後盾。"
2577002,深水埗5隻貓被棄置垃圾桶　警列殘酷對待動物,https://www.881903.com/news/local/2577002,local,"深水埗有5隻幼貓遭人遺棄街頭，被藏在膠袋內，棄置在深水埗醫局街天后廟外一個垃圾桶。
警方上午10時許接獲途人報案，將案件列作殘酷對待動物，暫未有人被捕。貓隻交由香港愛護動物協會進一步檢查。",2025-05-03 17:27,cradio,2025-05-03 17:45,2025-05-03 17:27:00,"深水埗有5隻幼貓遭人遺棄街頭，被藏在膠袋內，棄置在深水埗醫局街天后廟外一個垃圾桶。

警方上午10時許接獲途人報案，將案件列作殘酷對待動物，暫未有人被捕。貓隻交由香港愛護動物協會進一步檢查。"
2577001,旺角帝京酒店女子疑遇襲不治　警拘42歲男子涉襲擊,https://www.881903.com/news/local/2577001,local,"一名46歲女子，昨日早上在旺角帝京酒店房間內暈倒，面部有瘀傷，昏迷送往廣華醫院，延至昨日傍晚不治。警方拘捕一名42歲懷疑涉案男子調查。
警方昨日早上約6時半接獲酒店職員報案，指一名女子在房內暈倒，被捕男子懷疑曾襲擊事主，其後逃去。警方之後在旺角區拘捕疑犯，涉嫌襲擊致造成身體傷害。",2025-05-03 17:26,cradio,2025-05-03 17:30,2025-05-03 17:26:00,"一名46歲女子，昨日早上在旺角帝京酒店房間內暈倒，面部有瘀傷，昏迷送往廣華醫院，延至昨日傍晚不治。警方拘捕一名42歲懷疑涉案男子調查。

警方昨日早上約6時半接獲酒店職員報案，指一名女子在房內暈倒，被捕男子懷疑曾襲擊事主，其後逃去。警方之後在旺角區拘捕疑犯，涉嫌襲擊致造成身體傷害。"
2577000,麥美娟：數十中學生參與地區發展和社區建設,https://www.881903.com/news/local/2577000,local,"民政及青年事務局局長麥美娟在一個頒獎禮致辭時指，香港政府重視青年發展，局方期望通過《青年發展藍圖》為年青人帶來更多機會，讓他們盡展所長。
她表示，民政事務總署在全港各區設立地區青年社區建設委員會和地區青年發展及公民教育委員會，今年已有數十名中學生參與委員會活動，為地區發展和社區建設工程發表意見。",2025-05-03 17:13,cradio,2025-05-03 17:15,2025-05-03 17:13:00,"民政及青年事務局局長麥美娟在一個頒獎禮致辭時指，香港政府重視青年發展，局方期望通過《青年發展藍圖》為年青人帶來更多機會，讓他們盡展所長。

她表示，民政事務總署在全港各區設立地區青年社區建設委員會和地區青年發展及公民教育委員會，今年已有數十名中學生參與委員會活動，為地區發展和社區建設工程發表意見。"
2576999,NBA季後賽丨火箭挫勇士  追平3:3,https://www.881903.com/news/sports/2576999,sports,"美國NBA籃球西岸季後賽首圈，休斯敦火箭作客115:107，擊敗金州勇士，追平場數3:3，兩隊將要移師休斯敦，進行第7場比賽，爭奪4強資格。

火箭領先2分進入第4節，其後逐步將比分拉開至雙位數，勇士在第4節手感轉冷，連續投失13球，以致未能平反敗局。

火箭主將雲維利特進帳全隊最多的29分；森根21分及14個籃板。史提芬居里取得勇士全隊最多的29分，但投籃命中率一般，23投得9中 ，3分球16投...",2025-05-03 17:06,cradio,2025-05-03 17:15,2025-05-03 17:06:00,"美國NBA籃球西岸季後賽首圈，休斯敦火箭作客115:107，擊敗金州勇士，追平場數3:3，兩隊將要移師休斯敦，進行第7場比賽，爭奪4強資格。

火箭領先2分進入第4節，其後逐步將比分拉開至雙位數，勇士在第4節手感轉冷，連續投失13球，以致未能平反敗局。

火箭主將雲維利特進帳全隊最多的29分；森根21分及14個籃板。史提芬居里取得勇士全隊最多的29分，但投籃命中率一般，23投得9中 ，3分球16投6中；占美畢拿27分。"
2576996,蘇迪曼盃丨中國零封日本  晉級決賽,https://www.881903.com/news/sports/2576996,sports,"在福建廈門舉行的蘇迪曼盃羽毛球混合團體賽，中國以直落3場零封日本，率先晉級決賽，向實現四連冠征途繼續邁進，明日將會同印尼或南韓的勝方爭標。

衛冕的中國隊，在首場混雙，派出馮彥哲及黃東萍上陣，出戰日本組合綠川大輝及五十嵐有紗，贏局數2:0，為國家隊打響頭炮。

第2場男戰，世界排名第1的石宇奇，迎戰日本的奈良岡功大，以21:8及21:16，順利勝出；第3場女單，陳雨菲2:1反勝山口茜，為中國鎖定勝...",2025-05-03 15:58,cradio,2025-05-03 16:15,2025-05-03 15:58:00,"在福建廈門舉行的蘇迪曼盃羽毛球混合團體賽，中國以直落3場零封日本，率先晉級決賽，向實現四連冠征途繼續邁進，明日將會同印尼或南韓的勝方爭標。

衛冕的中國隊，在首場混雙，派出馮彥哲及黃東萍上陣，出戰日本組合綠川大輝及五十嵐有紗，贏局數2:0，為國家隊打響頭炮。

第2場男戰，世界排名第1的石宇奇，迎戰日本的奈良岡功大，以21:8及21:16，順利勝出；第3場女單，陳雨菲2:1反勝山口茜，為中國鎖定勝局，比分是17:21、21:9及21:16 。"
2576993,印度宣布禁止所有巴基斯坦貨物進口,https://www.881903.com/news/international/2576993,international,"印度與巴基斯坦關係持續緊張，印度貿易部門以國家安全等為由，即日起禁止進口所有原產或運經巴基斯坦的貨物。克什米爾印控區上星期發生針對遊客的槍擊事件，造成26人死亡，印方指，巴基斯坦涉事，但巴方否認，兩國關係急速惡化，雙方士兵連日在克什米爾控制線交火，並互相關閉領空。

中國駐巴基斯坦大使姜再冬，日前會見巴基斯坦總理夏巴茲時指，中方理解巴方的合理安全關切，支持巴方維護自身主權和安全利益，支持盡快對克什...",2025-05-03 15:31,cradio,2025-05-03 15:45,2025-05-03 15:31:00,"印度與巴基斯坦關係持續緊張，印度貿易部門以國家安全等為由，即日起禁止進口所有原產或運經巴基斯坦的貨物。克什米爾印控區上星期發生針對遊客的槍擊事件，造成26人死亡，印方指，巴基斯坦涉事，但巴方否認，兩國關係急速惡化，雙方士兵連日在克什米爾控制線交火，並互相關閉領空。

中國駐巴基斯坦大使姜再冬，日前會見巴基斯坦總理夏巴茲時指，中方理解巴方的合理安全關切，支持巴方維護自身主權和安全利益，支持盡快對克什米爾襲擊事件展開公正調查，呼籲印巴雙方保持克制、相向而行、妥處分歧，共同維護地區和平穩定。"
2576990,內地五一黃金周次日　全國人員流動量逾2.92億,https://www.881903.com/news/china/2576990,china,國家交通運輸部公布，昨日五一黃金周假期第二日，全國跨區域人員流動量逾2.92億人次，按年增長3.6%。當中公路人員流動量佔近2.7億人次，鐵路客運量達1955萬人次，按年增長11.1%。水路客運量212.3萬人次，按年增長逾4成8。民航客運量逾215萬人次，按年增長逾一成半。,2025-05-03 15:13,cradio,2025-05-03 15:30,2025-05-03 15:13:00,國家交通運輸部公布，昨日五一黃金周假期第二日，全國跨區域人員流動量逾2.92億人次，按年增長3.6%。當中公路人員流動量佔近2.7億人次，鐵路客運量達1955萬人次，按年增長11.1%。水路客運量212.3萬人次，按年增長逾4成8。民航客運量逾215萬人次，按年增長逾一成半。
2576989,桌球世錦賽｜趙心童挫奧蘇利雲  殺入決賽,https://www.881903.com/news/sports/2576989,sports,"在英國謝菲爾德與行世界桌球錦標賽，中國球手趙心童，爆冷以局數17:7，橫橫掃7屆世界冠軍、移居香港的英格蘭名將奧蘇利雲，成為繼丁俊暉後，第2位殺入世錦賽決賽的亞洲及中國球手。

趙心童以業餘球員身份，通過4輪資格賽才獲得亮世錦賽的機會，一路過關斬 將，晉級4強；奧蘇利雲因健康原因，3個月來首度參加正式比賽。雙方在首節，戰成4:4均勢；趙心童第2節發威，連贏8局，最終贏17:7，將會同另一位已移居香...",2025-05-03 15:11,cradio,2025-05-03 15:30,2025-05-03 15:11:00,"在英國謝菲爾德與行世界桌球錦標賽，中國球手趙心童，爆冷以局數17:7，橫橫掃7屆世界冠軍、移居香港的英格蘭名將奧蘇利雲，成為繼丁俊暉後，第2位殺入世錦賽決賽的亞洲及中國球手。

趙心童以業餘球員身份，通過4輪資格賽才獲得亮世錦賽的機會，一路過關斬 將，晉級4強；奧蘇利雲因健康原因，3個月來首度參加正式比賽。雙方在首節，戰成4:4均勢；趙心童第2節發威，連贏8局，最終贏17:7，將會同另一位已移居香港的世一卓林普，及老將威廉斯的勝方爭標，雙方暫時戰成8:8平手。

趙心童賽後表示，過去自己對戰奧沙利雲總會緊張，主要是因為太想贏，這次他沒有給自己太大壓力，反而打得很好。他又對奧沙利雲表示謝意，指對方經常會發信息給自己解惑，兩人也會相約吃飯。

奧沙利雲表示，自己和趙心童關係良好，如果趙心童能成為世錦賽冠軍，那對桌球和他本人都會非常好。但亦強調，無論是迎戰卓林普抑或威廉斯，趙心童都將面對更大的挑戰。"
2576988,金文洙將代表國民力量出戰南韓總統大選,https://www.881903.com/news/international/2576988,international,"南韓執政國民力量宣布，由前勞動部長金文洙，代表出戰總統大選。國民力量黨於京畿道高陽市舉行全國代表大會，並公布黨內總統候選人選舉結果，金文洙以超過56%的得票率，擊敗前黨魁韓東勳，成為總統候選人。

現年73歲的金文洙，出生於慶尚北道永川市，上世紀70至80年代，曾引領勞工運動和民主化運動，後來加入政壇，曾任3屆國會議員，並於2006年和2010年，當選京畿道知事。",2025-05-03 14:55,cradio,2025-05-03 15:00,2025-05-03 14:55:00,"南韓執政國民力量宣布，由前勞動部長金文洙，代表出戰總統大選。國民力量黨於京畿道高陽市舉行全國代表大會，並公布黨內總統候選人選舉結果，金文洙以超過56%的得票率，擊敗前黨魁韓東勳，成為總統候選人。

現年73歲的金文洙，出生於慶尚北道永川市，上世紀70至80年代，曾引領勞工運動和民主化運動，後來加入政壇，曾任3屆國會議員，並於2006年和2010年，當選京畿道知事。"
2576987,李在明因應受襲威脅加強保安　婉拒與選民握手,https://www.881903.com/news/international/2576987,international,"南韓在野黨共同民主黨的總統參選人李在明，因應襲擊威脅加強保安。競選陣營表示，針對李在明的襲擊威脅報告持續不斷，須加強保安，預告李在明將難以直接與民眾接觸。李在明其後到東部的束草市出席競選活動時指，基於保安理由，無法與民眾握手，期望他們可以理解。
執政國民力量指李在明作為主要政黨的總統參選人，已經獲得等同總理級別的保安，質疑他聲稱有襲擊威脅，是企圖拖延法院重審他涉嫌違反《公職選舉法》的案件，敦促李在...",2025-05-03 14:38,cradio,2025-05-03 14:45,2025-05-03 14:38:00,"南韓在野黨共同民主黨的總統參選人李在明，因應襲擊威脅加強保安。競選陣營表示，針對李在明的襲擊威脅報告持續不斷，須加強保安，預告李在明將難以直接與民眾接觸。李在明其後到東部的束草市出席競選活動時指，基於保安理由，無法與民眾握手，期望他們可以理解。

執政國民力量指李在明作為主要政黨的總統參選人，已經獲得等同總理級別的保安，質疑他聲稱有襲擊威脅，是企圖拖延法院重審他涉嫌違反《公職選舉法》的案件，敦促李在明如期在本月15日就案件出庭。"
2576986,科大辦軟餐飲茶活動　林正財：軟餐可幫助更多有需要人士,https://www.881903.com/news/local/2576986,local,"科技大學聯同社企舉辦軟餐「飲茶」活動，冀為有吞嚥困難的長者，帶來一個良好的「飲茶」經歷。行政會議成員、精神健康諮詢委員會主席林正財致辭時指，人的五感十分重要，在進食時不止單靠嘴巴，也會運用眼、鼻等感官，軟餐正正可以幫助更多有需要人士。

科大校長葉玉如指，香港是最長壽地區的其中之一，科技可以為生活質素作出貢獻。她指，目前本港有6成居於安老院舍的長者，有吞嚥困難的健康問題，平日較難享受到外出用膳的樂...",2025-05-03 14:16,cradio,2025-05-03 14:30,2025-05-03 14:16:00,"科技大學聯同社企舉辦軟餐「飲茶」活動，冀為有吞嚥困難的長者，帶來一個良好的「飲茶」經歷。行政會議成員、精神健康諮詢委員會主席林正財致辭時指，人的五感十分重要，在進食時不止單靠嘴巴，也會運用眼、鼻等感官，軟餐正正可以幫助更多有需要人士。

科大校長葉玉如指，香港是最長壽地區的其中之一，科技可以為生活質素作出貢獻。她指，目前本港有6成居於安老院舍的長者，有吞嚥困難的健康問題，平日較難享受到外出用膳的樂趣，希望活動可為長者帶來新體驗。"
2576985,美軍直升機疑違規靠近列根機場　致兩客機需要復飛,https://www.881903.com/news/international/2576985,international,"美國華盛頓列根國家機場有兩班商業民航客機，因為有美軍「黑鷹」直升機靠近而被迫中止降落，國家交通安全委員會和聯邦航空管理局展開調查。

事發在當地周二下午，控制塔人員因應附近空域出現軍用直升機，指示達美航空和共和航空兩架正準備降落的客機復飛。美國聯邦航空管理局因應列根機場在1月底的撞機事故，已經永久禁止非必要直升機飛近事發機場。軍方聲明指，直升機是按照聯邦航空管理局公佈的航線和空中交通管制的規定，飛...",2025-05-03 13:55,cradio,2025-05-03 14:00,2025-05-03 13:55:00,"美國華盛頓列根國家機場有兩班商業民航客機，因為有美軍「黑鷹」直升機靠近而被迫中止降落，國家交通安全委員會和聯邦航空管理局展開調查。

事發在當地周二下午，控制塔人員因應附近空域出現軍用直升機，指示達美航空和共和航空兩架正準備降落的客機復飛。美國聯邦航空管理局因應列根機場在1月底的撞機事故，已經永久禁止非必要直升機飛近事發機場。軍方聲明指，直升機是按照聯邦航空管理局公佈的航線和空中交通管制的規定，飛往五角大樓。不過外電引述聯邦航空管理局提交國會的備忘錄指，涉事的直升機並非直接前往五角大樓的直升機機場，而是選擇一條繞經五角大樓的「風景路線」。

交通部長達菲質疑軍方未有遵守安全規定。共和黨籍的參議院商業委員會主席克魯茲，亦批評軍方再一次把公眾安全置於危險之中， 要求聯邦航空管理局迅速採取行動，管理好空域。"
2576984,印度西部寺廟節慶爆人踩人　至少6死55傷,https://www.881903.com/news/international/2576984,international,"印度西部一間寺廟發生人踩人，至少6人死亡，55人受傷，其中8人重傷。事發在果阿邦，寺廟在周五晚舉行印度教節日慶典，活動包括赤腳行火路，數以百計信眾參與儀式期間，突然發生推撞，引發人踩人。

首席部長下令徹查事件。當地傳媒報道，事故可能涉及廟內過度擠逼及人流管理安排不當。總理莫迪在社交網站向死者家屬致哀，祝願傷者盡快康復，並指地方官員正協助受影響民眾。",2025-05-03 13:49,cradio,2025-05-03 14:00,2025-05-03 13:49:00,"印度西部一間寺廟發生人踩人，至少6人死亡，55人受傷，其中8人重傷。事發在果阿邦，寺廟在周五晚舉行印度教節日慶典，活動包括赤腳行火路，數以百計信眾參與儀式期間，突然發生推撞，引發人踩人。

首席部長下令徹查事件。當地傳媒報道，事故可能涉及廟內過度擠逼及人流管理安排不當。總理莫迪在社交網站向死者家屬致哀，祝願傷者盡快康復，並指地方官員正協助受影響民眾。"
2576977,運輸局︰持續監察落馬洲等口岸情況　專家指需加大網絡容量,https://www.881903.com/news/local/2576977,local,"在五一黃金周假期的出入境高峰，港鐵落馬洲站昨日有大批旅客等候出閘，站內流動數據及免費Wi-Fi，未能應付乘客同時透過手機啟動車票二維碼，一度需間歇讓乘客毋須拍卡出閘。運輸及物流局指，將持續監察落馬洲站及各口岸情況，並與交通營辦商緊密聯繫，以在旅客抵港及離港高峰期適時調整應對方案。
港鐵已與電訊網絡供應商協調，並提升落馬洲站Wi-Fi 容量等。香港資訊科技商會榮譽會長方保僑指，大量乘客需同時上網，在...",2025-05-03 13:10,cradio,2025-05-03 13:15,2025-05-03 13:10:00,"在五一黃金周假期的出入境高峰，港鐵落馬洲站昨日有大批旅客等候出閘，站內流動數據及免費Wi-Fi，未能應付乘客同時透過手機啟動車票二維碼，一度需間歇讓乘客毋須拍卡出閘。運輸及物流局指，將持續監察落馬洲站及各口岸情況，並與交通營辦商緊密聯繫，以在旅客抵港及離港高峰期適時調整應對方案。

港鐵已與電訊網絡供應商協調，並提升落馬洲站Wi-Fi 容量等。香港資訊科技商會榮譽會長方保僑指，大量乘客需同時上網，在支付工具生成動態二維碼出閘，造成網絡擠塞，認為提升站內Wi-Fi容量屬於輔助，最重要是網絡供應商加大網絡容量，方便旅客使用漫遊上網。他説隨著可使用二維碼的閘機增加，相信港鐵日後都要做好預案，以防類似情況再發生。"
2576970,據報華府擬大削情報機構規模　中情局料減1200職位,https://www.881903.com/news/international/2576970,international,"美國傳媒報道，白宮計劃進一步削減政府規模，包括多個情報部門，其中中情局會在未來數年，削減1200個職位，包括幾百名早前已選擇提早退休的員工，其餘部分職位將透過減少招募來實現，預料不需要裁員。另外，國家安全局等機構亦將減少幾千個職位，官員已經通知國會議員有關計劃。

中情局回應報道時指，局長拉特克利夫正致力配合總統特朗普的國家安全優先事項，有關安排是整體戰略的一部分，旨在為中情局注入活力，為新一代領...",2025-05-03 12:27,cradio,2025-05-03 12:45,2025-05-03 12:27:00,"美國傳媒報道，白宮計劃進一步削減政府規模，包括多個情報部門，其中中情局會在未來數年，削減1200個職位，包括幾百名早前已選擇提早退休的員工，其餘部分職位將透過減少招募來實現，預料不需要裁員。另外，國家安全局等機構亦將減少幾千個職位，官員已經通知國會議員有關計劃。

中情局回應報道時指，局長拉特克利夫正致力配合總統特朗普的國家安全優先事項，有關安排是整體戰略的一部分，旨在為中情局注入活力，為新一代領袖提供機會，並更好地履行使命。

參議院情報委員會成員、民主黨的華納憂慮，削減職位將影響美國偵測和回應威脅的能力，會讓美國更加不安全。"
2576968,五一黃金周第三日　早上逾22萬人次出入境,https://www.881903.com/news/local/2576968,local,"五一黃金周第三天，截至早上10時，入境處錄得22.1萬人次出入境，其中10.8萬人次入境，內地旅客佔約6.5萬人次。

最多人經羅湖出入境，有3.4萬人次，其次是落馬洲支綫，有3.2萬人次。",2025-05-03 12:20,cradio,2025-05-03 12:30,2025-05-03 12:20:00,"五一黃金周第三天，截至早上10時，入境處錄得22.1萬人次出入境，其中10.8萬人次入境，內地旅客佔約6.5萬人次。

最多人經羅湖出入境，有3.4萬人次，其次是落馬洲支綫，有3.2萬人次。"
2576967,夏威夷議會通過加酒店住宿稅　收入將用於應對氣候變化,https://www.881903.com/news/international/2576967,international,"夏威夷議會通過增加酒店住宿稅，收取的款項將用於應對氣候變化的影響。根據法案，明年1月1日起，酒店房和度假屋等短期住宿的稅率，會加至11%，較現時增加0.75個百分點；當局亦會對停靠的遊輪開徵收11%稅項，按停靠日數計算。連同消費稅等其他原有稅項，旅客合共將要支付的稅率近19%。
官員預料，上調稅率後可以額外帶來1億美元收入，將用於為被侵蝕的海灘填補海沙、加強建築物防風，以及除雜草防山火等。州長格林...",2025-05-03 11:38,cradio,2025-05-03 11:45,2025-05-03 11:38:00,"夏威夷議會通過增加酒店住宿稅，收取的款項將用於應對氣候變化的影響。根據法案，明年1月1日起，酒店房和度假屋等短期住宿的稅率，會加至11%，較現時增加0.75個百分點；當局亦會對停靠的遊輪開徵收11%稅項，按停靠日數計算。連同消費稅等其他原有稅項，旅客合共將要支付的稅率近19%。

官員預料，上調稅率後可以額外帶來1億美元收入，將用於為被侵蝕的海灘填補海沙、加強建築物防風，以及除雜草防山火等。州長格林表示將簽署法案，認為加幅輕微。"
2576966,國安拘郭鳳儀父兄涉更改保單　周一鳴：只要有人犯法警方便會執法,https://www.881903.com/news/local/2576966,local,警方國安處前日拘捕兩名男子，涉嫌協助「潛逃者」郭鳳儀更改保險單內容及企圖提取相關保險單結餘。警務處處長周一鳴指，港區「國安法」和基本法「23條」的法例寫得很清楚，強調只要有人犯法，警方就會執法；而罪案均會有第一宗，因此不存在先例。,2025-05-03 11:34,cradio,2025-05-03 11:45,2025-05-03 11:34:00,警方國安處前日拘捕兩名男子，涉嫌協助「潛逃者」郭鳳儀更改保險單內容及企圖提取相關保險單結餘。警務處處長周一鳴指，港區「國安法」和基本法「23條」的法例寫得很清楚，強調只要有人犯法，警方就會執法；而罪案均會有第一宗，因此不存在先例。
2576965,麥美娟指規範籃球博彩杜絕非法賭博   正整理諮詢意見,https://www.881903.com/news/local/2576965,local,"規範籃球博彩活動星期五結束諮詢，民政及青年事務局局長麥美娟指正整理市民意見，決定下一步行動。麥美娟在一個電視節目中強調政府不鼓勵賭博，但發現隨著科技發展，非法籃球賭博猖獗，去年有數十萬人參與，其中有非法賭博網站「賭白頭片」，即允許借貸賭博。 麥美娟認為有需要研究透過規範籃球賭博，令非法賭博資金流入合法賭博渠道，並繼續透過執法及教育等，杜絕及打擊非法賭博。

被問到規範籃球博彩，會否吸引更多青年參與...",2025-05-03 11:30,cradio,2025-05-03 11:45,2025-05-03 11:30:00,"規範籃球博彩活動星期五結束諮詢，民政及青年事務局局長麥美娟指正整理市民意見，決定下一步行動。麥美娟在一個電視節目中強調政府不鼓勵賭博，但發現隨著科技發展，非法籃球賭博猖獗，去年有數十萬人參與，其中有非法賭博網站「賭白頭片」，即允許借貸賭博。 麥美娟認為有需要研究透過規範籃球賭博，令非法賭博資金流入合法賭博渠道，並繼續透過執法及教育等，杜絕及打擊非法賭博。

被問到規範籃球博彩，會否吸引更多青年參與賭博。麥美娟指，籃球博彩將參考足球博彩方式，規定參與賭博年齡，不能借貸賭博等，又指目前在合法賭博活動中，參與的青年人數較少。"
2576961,警察學院舉行首屆「學警預備訓練課程」結業會操,https://www.881903.com/news/local/2576961,local,"警察學院今日舉行「學警預備訓練課程」結業會操，警務處處長周一鳴擔任檢閱官，他致辭時指，課程令警察少年訓練學校以嶄新模式回歸，為有志投身警隊的人士提供合適跳板，在警務知識、體能及心態上作好準備，強化學員成為警務人員須具備的心理質素和價值觀，令他們能在完成課程後，可無縫銜接學警訓練。
他寄語學員時刻將市民和組織利益放在首位，將訓練中激發出的堅忍和自信，作為日後面對逆境的壯志雄心。
警隊與3間專上院校合...",2025-05-03 09:57,cradio,2025-05-03 10:00,2025-05-03 09:57:00,"警察學院今日舉行「學警預備訓練課程」結業會操，警務處處長周一鳴擔任檢閱官，他致辭時指，課程令警察少年訓練學校以嶄新模式回歸，為有志投身警隊的人士提供合適跳板，在警務知識、體能及心態上作好準備，強化學員成為警務人員須具備的心理質素和價值觀，令他們能在完成課程後，可無縫銜接學警訓練。

他寄語學員時刻將市民和組織利益放在首位，將訓練中激發出的堅忍和自信，作為日後面對逆境的壯志雄心。

警隊與3間專上院校合作，推出「學警預備訓練課程」，首屆有116名學員畢業。課程為有志投身警隊的人士，提供入職準備訓練，期間會進行遴選，合格學員在修畢課程後，可隨即開展學警基礎訓練。"
2576959,據報美方不願意豁免日本關稅,https://www.881903.com/news/international/2576959,international,"美國與日本代表正就關稅進行談判，日本傳媒引述消息報道，美方代表在前日的會議上，提出一份貿易協議框架方案，但對於降低汽車和鋼鋁關稅，以及10%的基準關稅表現抗拒，令日方感到合作困難。

美國財政部表示，雙方就公平和互惠互利的貿易，進行坦誠和具建設性的溝通，談及關稅和非關稅措施、經濟安全對國家安全的重要性等議題；雙方同意即時開始工作磋商，並在不久將來再舉行部長級會議。

日本經濟再生擔當大臣赤澤亮正早...",2025-05-03 09:30,cradio,2025-05-03 09:45,2025-05-03 09:30:00,"美國與日本代表正就關稅進行談判，日本傳媒引述消息報道，美方代表在前日的會議上，提出一份貿易協議框架方案，但對於降低汽車和鋼鋁關稅，以及10%的基準關稅表現抗拒，令日方感到合作困難。

美國財政部表示，雙方就公平和互惠互利的貿易，進行坦誠和具建設性的溝通，談及關稅和非關稅措施、經濟安全對國家安全的重要性等議題；雙方同意即時開始工作磋商，並在不久將來再舉行部長級會議。

日本經濟再生擔當大臣赤澤亮正早前表示，談判有進展，預計本月中舉行下一次會議，期望最快6月達成協議。首相石破茂表示，日本減少對美貿易順差是有可能，當局將作出努力，但強調絕對不應犧牲日本就業。"
2576958,林定國：美國試圖模糊一國兩制　香港須保持獨特優勢,https://www.881903.com/news/local/2576958,local,"律政司長林定國在本台節目指，美國對香港加徵關稅違反世貿規則，批評美國試圖模糊一國兩制，令人覺得香港和中國內地沒有分別，香港應對時須保持一國兩制獨特制度和優勢，包括自由港零關稅和獨特關稅區定位，特區政府除了決定向世貿上訴外，亦會同時幫助業界過渡，包括開拓新市場。

美國3月底宣布對林定國在內6名香港官員實施制裁，指6人根據《港區國安法》進行跨國鎮壓。林定國指，美方描述不正確和誤導，是「跨境欺壓」，指...",2025-05-03 09:28,cradio,2025-05-03 09:45,2025-05-03 09:28:00,"律政司長林定國在本台節目指，美國對香港加徵關稅違反世貿規則，批評美國試圖模糊一國兩制，令人覺得香港和中國內地沒有分別，香港應對時須保持一國兩制獨特制度和優勢，包括自由港零關稅和獨特關稅區定位，特區政府除了決定向世貿上訴外，亦會同時幫助業界過渡，包括開拓新市場。

美國3月底宣布對林定國在內6名香港官員實施制裁，指6人根據《港區國安法》進行跨國鎮壓。林定國指，美方描述不正確和誤導，是「跨境欺壓」，指有潛逃者拒絕接受審訊和離開香港，並繼續從事危害香港行為，禁止向有關人士提供財政支持等輔助，是合情合理，符合國際規則和國際法。"
2576956,仁匯傳結業｜關日華：家長可安排子女到衞生署接種疫苗,https://www.881903.com/news/local/2576956,local,"提供疫苗注射服務及健康檢查的仁滙醫務集團傳出結業。港大兒童及青少年科名譽臨床副教授關日華表示，衞生署會為合資格兒童提供免費的疫苗接種服務，家長可以帶同子女到健康院接種餘下的疫苗，呼籲家長毋須擔心。他又指，本港的疫苗不會有太多不同的品牌，只需要接種針對相應疾病的疫苗即可。

關日華在本台節目指，凡是接種疫苗，都有機會出現發燒等疫苗反應，強調有關情況並非在私營機構接種疫苗就可避免。

新冠活躍程度創近...",2025-05-03 08:57,cradio,2025-05-03 09:00,2025-05-03 08:57:00,"提供疫苗注射服務及健康檢查的仁滙醫務集團傳出結業。港大兒童及青少年科名譽臨床副教授關日華表示，衞生署會為合資格兒童提供免費的疫苗接種服務，家長可以帶同子女到健康院接種餘下的疫苗，呼籲家長毋須擔心。他又指，本港的疫苗不會有太多不同的品牌，只需要接種針對相應疾病的疫苗即可。

關日華在本台節目指，凡是接種疫苗，都有機會出現發燒等疫苗反應，強調有關情況並非在私營機構接種疫苗就可避免。

新冠活躍程度創近半年新高　關日華籲接種疫苗

衞生防護中心的數據顯示，本港新冠病毒的活躍程度創近半年新高。關日華表示，社會於疫情後出現「疫苗疑慮」的情況，但強調市民需要接受新冠病毒不會離開；又提醒外國仍有爆發情況，市民外遊時或會被感染，呼籲大眾仍要接種新冠疫苗。

關日華在本台節目指，目前流行的新冠病毒株為XDV，是一種與JN.1相關的變異病毒株，因此現時本港使用的新冠疫苗仍能有效預防；至於本港「百日咳」和麻疹的情況穩定，若家長留意到子女出現不尋常的病徵，亦可帶他們看醫生，及早接受治療。"
2576954,華府批准對烏克蘭逾3億美元軍售　涉F16戰機訓練及裝備,https://www.881903.com/news/international/2576954,international,"美國特朗普政府批准對烏克蘭一筆3.1億美元的軍售案，涉及F-16戰機的訓練與裝備，顯示華府願意繼續對烏克蘭提供軍事支援。
軍售案仍需待國會批准。美國國務院已知會國會有關決定，強調軍售案可提升烏克蘭應對威脅的能力，確保飛行員獲得有效的訓練，並提高與美國的相互操作性。
丹麥和荷蘭等北約成員國，去年在華府同意下向烏克蘭提供F-16戰機，至今發生兩宗事故，造成飛行員死亡。",2025-05-03 08:06,cradio,2025-05-03 08:15,2025-05-03 08:06:00,"美國特朗普政府批准對烏克蘭一筆3.1億美元的軍售案，涉及F-16戰機的訓練與裝備，顯示華府願意繼續對烏克蘭提供軍事支援。

軍售案仍需待國會批准。美國國務院已知會國會有關決定，強調軍售案可提升烏克蘭應對威脅的能力，確保飛行員獲得有效的訓練，並提高與美國的相互操作性。

丹麥和荷蘭等北約成員國，去年在華府同意下向烏克蘭提供F-16戰機，至今發生兩宗事故，造成飛行員死亡。"
2576953,美國鞋類分銷商去信白宮要求豁免關稅,https://www.881903.com/news/international/2576953,international,"美國鞋類分銷商和零售商協會去信白宮，要求豁免總統特朗普宣布加徵的對等關稅，指這些關稅對鞋類行業構成生存威脅。

信件由76個鞋類品牌聯署，包括Nike、Adidas及Skechers等。他們指，許多生產平價鞋的公司無法承受高關稅，亦無法轉嫁有關成本。如果不立即豁免對等關稅，這些公司將會倒閉。美國消費者的鞋類庫存可能很快出現不足。",2025-05-03 07:51,cradio,2025-05-03 08:15,2025-05-03 07:51:00,"美國鞋類分銷商和零售商協會去信白宮，要求豁免總統特朗普宣布加徵的對等關稅，指這些關稅對鞋類行業構成生存威脅。

信件由76個鞋類品牌聯署，包括Nike、Adidas及Skechers等。他們指，許多生產平價鞋的公司無法承受高關稅，亦無法轉嫁有關成本。如果不立即豁免對等關稅，這些公司將會倒閉。美國消費者的鞋類庫存可能很快出現不足。"
2576952,蘇州有直升機墜毀　造成1死4傷,https://www.881903.com/news/china/2576952,china,"蘇州有直升機墜毀，造成1死4傷，民航主管部門正進行調查。

事發在當地周五下午約5時許，一架R44Ⅱ型直升機在吳中區上空飛行返航時，由距離地面10米左右的高度墜落。機上4人受傷，1名地面人員死亡。應急、公安和衛健等部門開展救援，將4名傷者送醫救治，他們目前並無生命危險。",2025-05-03 07:49,cradio,2025-05-03 08:15,2025-05-03 07:49:00,"蘇州有直升機墜毀，造成1死4傷，民航主管部門正進行調查。

事發在當地周五下午約5時許，一架R44Ⅱ型直升機在吳中區上空飛行返航時，由距離地面10米左右的高度墜落。機上4人受傷，1名地面人員死亡。應急、公安和衛健等部門開展救援，將4名傷者送醫救治，他們目前並無生命危險。"
2576951,特朗普︰美國經濟正處於過渡期　將有出色表現,https://www.881903.com/news/international/2576951,international,"美國總統特朗普再度淡化關稅爭議對經濟的影響，指美國經濟正處於過渡期，但長遠而言沒有問題，亦將會有出色的表現。

特朗普接受全國廣播公司訪問時表示，不擔心美國經濟出現衰退。他拒絕排除衰退的可能性，只表示任何事情都可能發生，但相信美國的經濟將會是有史以來最強勁。特朗普又指，部份華爾街人士亦相信美國經濟將會非常強勁，質疑傳媒不作報道。",2025-05-03 07:45,cradio,2025-05-03 08:15,2025-05-03 07:45:00,"美國總統特朗普再度淡化關稅爭議對經濟的影響，指美國經濟正處於過渡期，但長遠而言沒有問題，亦將會有出色的表現。

特朗普接受全國廣播公司訪問時表示，不擔心美國經濟出現衰退。他拒絕排除衰退的可能性，只表示任何事情都可能發生，但相信美國的經濟將會是有史以來最強勁。特朗普又指，部份華爾街人士亦相信美國經濟將會非常強勁，質疑傳媒不作報道。"
2576950,警方東九龍拘5名司機　涉酒駕及販毒等,https://www.881903.com/news/local/2576950,local,"警方昨日至今日凌晨在東九龍打擊酒後駕駛、販毒及藏毒，共拘捕5人。其中2名30和32歲男司機，分別涉嫌藏毒和販毒，在新蒲崗和九龍灣被捕，正被扣留調查。2輛車的儲物箱內共檢獲黑巿價總值超過4.4萬元毒品，包括氯胺酮、可卡因、冰毒和太空油煙彈。

其餘3名男司機在觀塘道被捕，他們介乎43至56歲，因駕車時搖擺不定被截查，未能通過酒精呼氣測試。3人獲准保釋候查，本月下旬向警方報到。",2025-05-03 07:20,cradio,2025-05-03 07:30,2025-05-03 07:20:00,"警方昨日至今日凌晨在東九龍打擊酒後駕駛、販毒及藏毒，共拘捕5人。其中2名30和32歲男司機，分別涉嫌藏毒和販毒，在新蒲崗和九龍灣被捕，正被扣留調查。2輛車的儲物箱內共檢獲黑巿價總值超過4.4萬元毒品，包括氯胺酮、可卡因、冰毒和太空油煙彈。

其餘3名男司機在觀塘道被捕，他們介乎43至56歲，因駕車時搖擺不定被截查，未能通過酒精呼氣測試。3人獲准保釋候查，本月下旬向警方報到。"
2576949,哈里王子冀與王室和解　稱不知父親可以活多久,https://www.881903.com/news/international/2576949,international,"英國哈里王子在就人身保護程度降級，控告英國政府的案件敗訴後，接受英國廣播公司訪問，指父親查理斯三世因為這宗官司而不再與他說話，兩人裂痕加深，令他感到痛心，形容不知道父親還能活多久，不希望再鬥下去，期望可以與王室和解。
哈里形容官司敗訴令他遭受打擊，難以想像如何把妻子梅根和兩名子女帶回英國。他又承認與家人出現分歧，有關他的安全爭議是癥結所在，但現時已經原諒他們，認為生命寶貴，無必要繼續爭論，他亦不會...",2025-05-03 07:19,cradio,2025-05-03 07:30,2025-05-03 07:19:00,"英國哈里王子在就人身保護程度降級，控告英國政府的案件敗訴後，接受英國廣播公司訪問，指父親查理斯三世因為這宗官司而不再與他說話，兩人裂痕加深，令他感到痛心，形容不知道父親還能活多久，不希望再鬥下去，期望可以與王室和解。

哈里形容官司敗訴令他遭受打擊，難以想像如何把妻子梅根和兩名子女帶回英國。他又承認與家人出現分歧，有關他的安全爭議是癥結所在，但現時已經原諒他們，認為生命寶貴，無必要繼續爭論，他亦不會再就案件提出上訴。白金漢宮表示，法院已就相關爭議反覆審查，並作出相同的結論。

英國內政部一個委員會，2020年2月因應哈里與妻子梅根搬到美國，放棄履行王室職務，決定降低他返回英國時的保護程度，並會逐次檢視，哈里認為受到不公平對待，控告政府，高等法院去年已被裁定當局決定合法，他不服上訴。"
2576948,據報輝達正為中國客戶調整芯片　以符合華府出口管制,https://www.881903.com/news/china/2576948,china,美國科技雜誌《The Information》報道，晶片製造商巨頭輝達被限制出口H20芯片後，正再次為中國市場的客戶調整芯片，以符合美國政府的出口管制。報道引述消息人士指，輝達行政總裁黃仁勳上月到訪北京時，通知中國客戶有關消息，包括騰訊、阿里巴巴以及TikTok母公司字節跳動等。報道指，輝達最快下月可提供新芯片的樣板，公司並正調整人工智能芯片Blackwell的設計，以符合出口中國市場的法規。輝達...,2025-05-03 07:00,cradio,2025-05-03 07:15,2025-05-03 07:00:00,"美國科技雜誌《The Information》報道，晶片製造商巨頭輝達被限制出口H20芯片後，正再次為中國市場的客戶調整芯片，以符合美國政府的出口管制。報道引述消息人士指，輝達行政總裁黃仁勳上月到訪北京時，通知中國客戶有關消息，包括騰訊、阿里巴巴以及TikTok母公司字節跳動等。報道指，輝達最快下月可提供新芯片的樣板，公司並正調整人工智能芯片Blackwell的設計，以符合出口中國市場的法規。輝達拒絕對報道置評。

美國政府上月進一步收緊芯片管制，商務部對輝達H20、超微MI308和同等芯片，發布新的出口許可要求，以避免產品可能被用於或轉移至中國超級電腦。輝達提交的監管文件指，受政策影響，H20芯片相關的「庫存、採購承諾及準備金」，將令公司在財年第一季，產生約55億美元的減值損失。"
2576947,新加坡國會大選今舉行　黃循財首度領軍大選,https://www.881903.com/news/international/2576947,international,"新加坡國會大選今日投票，是總理黃循財上任以來，首次率領執政人民行動黨參與大選。今次共有11個政黨、逾200名候選人參選，是1963年以來最多人參加的一屆大選。投票將於晚上8時結束，預料約10時會有初步結果，正式結果會在午夜後公布。
執政人民行動黨在今屆有20名議員退下火線，包括4名現任內閣成員，在多個選區，行動黨亦面臨激烈競爭。在淡濱尼集選區，共有4個政黨的候選人角逐。前總理、國務資政李顯龍亦會在...",2025-05-03 06:43,cradio,2025-05-03 06:45,2025-05-03 06:43:00,"新加坡國會大選今日投票，是總理黃循財上任以來，首次率領執政人民行動黨參與大選。今次共有11個政黨、逾200名候選人參選，是1963年以來最多人參加的一屆大選。投票將於晚上8時結束，預料約10時會有初步結果，正式結果會在午夜後公布。

執政人民行動黨在今屆有20名議員退下火線，包括4名現任內閣成員，在多個選區，行動黨亦面臨激烈競爭。在淡濱尼集選區，共有4個政黨的候選人角逐。前總理、國務資政李顯龍亦會在宏茂橋集選區出選，是他第10次參選。黃循財在前日最後的拉票日上，呼籲國民考慮候選人的能力，選出有經驗和能力的人，應對美國關稅帶來的衝擊。"
2576946,澳洲國會大選開始投票　執政工黨有望取過半數議席,https://www.881903.com/news/international/2576946,international,"澳洲國會大選今日舉行，領導執政工黨的總理阿爾巴尼斯，爭取成為當地逾20年來首位成功帶領政黨連續兩次贏得大選的總理。票站於當地早上8時開陸續開放，到晚上6時結束，之後會開始點票，預料數小時內會陸結公布結果，但部份較重要選區，如果競爭激烈，可能需要幾天才能確定結果。

澳洲投票採取強制性，全國1800萬名選民必須投票，否則將被罰款20澳元，折合近100美元。最新民調顯示，執政工黨支持度有52.9%，領...",2025-05-03 06:30,cradio,2025-05-03 06:45,2025-05-03 06:30:00,"澳洲國會大選今日舉行，領導執政工黨的總理阿爾巴尼斯，爭取成為當地逾20年來首位成功帶領政黨連續兩次贏得大選的總理。票站於當地早上8時開陸續開放，到晚上6時結束，之後會開始點票，預料數小時內會陸結公布結果，但部份較重要選區，如果競爭激烈，可能需要幾天才能確定結果。

澳洲投票採取強制性，全國1800萬名選民必須投票，否則將被罰款20澳元，折合近100美元。最新民調顯示，執政工黨支持度有52.9%，領先自由黨和國家黨組成的聯盟超過5個百分點，推算工黨可取得過半數的84席，而自由黨和國家黨聯盟可能只取得47席，將會是1947年以來最差的成績。"
2576945,港匯強勢金管局承接美元沽盤,https://www.881903.com/news/local/2576945,local,港匯強勢，觸發強方兌換保証，金管局在紐約時段向巿場注入465.39億港元，承接美元沽盤，銀行體系總結餘在下星期三增至913.09億港元。,2025-05-03 06:30,cradio,2025-05-03 06:45,2025-05-03 06:30:00,港匯強勢，觸發強方兌換保証，金管局在紐約時段向巿場注入465.39億港元，承接美元沽盤，銀行體系總結餘在下星期三增至913.09億港元。
2576944,華府財政預算削7.6%　國防開支增至逾萬億美元,https://www.881903.com/news/international/2576944,international,"美國政府公布新一年度的財政預算，總額為1.7萬億美元，較今個財政年度減少7.6%。國防與邊境開支佔最大部份，約為1萬億美元，按年增加13%。行政管理和預算局在致參議院的信件中表示，當中包括1750億美元的歷史性投資，以全面確保邊境安全。至於非國防可自由支配開支，會削減1630億美元，減幅接近23%，降至約5570億美元。
建議削減的開始包括國家公園管理局、氣候科學研究、外國援助、聯合國維和部隊、部...",2025-05-03 06:12,cradio,2025-05-03 06:15,2025-05-03 06:12:00,"美國政府公布新一年度的財政預算，總額為1.7萬億美元，較今個財政年度減少7.6%。國防與邊境開支佔最大部份，約為1萬億美元，按年增加13%。行政管理和預算局在致參議院的信件中表示，當中包括1750億美元的歷史性投資，以全面確保邊境安全。至於非國防可自由支配開支，會削減1630億美元，減幅接近23%，降至約5570億美元。

建議削減的開始包括國家公園管理局、氣候科學研究、外國援助、聯合國維和部隊、部份對教育資助、低收入家庭能源援助計劃，以及疾控中心等。

美國政府新一個財政年度將於10月1日展開，共和黨人在參眾兩院都以微弱優勢控制的國會，預料將花幾個月的時間討論哪些內容應該成為法律。"
