title,date,url,source,section,scrape_time,news_content
韓總統候選人韓德洙提議同金文洙會面 未獲積極回應,2025-05-05 15:48,https://www.metroradio.com.hk/news/default.aspx?SearchText=&NewsId=20250505154824&page=0,metro,,2025-05-05 16:00,
私家車上水丹竹坑村疑失控撞鐵皮屋 8旬女司機受傷送院,2025-05-05 15:48,https://www.metroradio.com.hk/news/default.aspx?SearchText=&NewsId=20250505154830&page=0,metro,,2025-05-05 16:00,"一輛私家車在上水沙頭角公路行駛期間，失控撞向1間鐵皮屋，84歲女司機受傷。

早上10時多，涉事私家車往沙頭角公路方向行駛，駛至丹竹坑村懷疑失控，撞向一間鐡皮屋，造成約3米鐡皮及3支水管損毀。 司機一度被困車內，由途人救出，她腰和腳受傷，清醒送往北區醫院治理。"
在菲律賓遭武裝分子劫持1名南韓及2名中國人已獲釋,2025-05-05 15:20,https://www.metroradio.com.hk/news/default.aspx?SearchText=&NewsId=20250505152057&page=0,metro,,2025-05-05 15:30,
貴州黔西市遊覽船翻側 增至10人死亡,2025-05-05 14:56,https://www.metroradio.com.hk/news/default.aspx?SearchText=&NewsId=20250505145643&page=0,metro,,2025-05-05 15:00,"貴州黔西市遊覽船翻側事故，增至10人死亡，70人在醫院接受治療，沒有生命危險，另外4人無恙。

事發在昨日下午，4艘遊覽船在黔西市六廣河水域翻側,84人跌落水， 救援人員展開救援行動，在今日中午大約12時半尋回最後一名失蹤者，但他已沒有生命跡象。

當局核查後，相信涉事遊覽船並無超載。"
警放蛇喬裝乘客拘2名白牌車司機,2025-05-05 14:40,https://www.metroradio.com.hk/news/default.aspx?SearchText=&NewsId=20250505144055&page=0,metro,,2025-05-05 15:00,警方新界南總區進行打擊非法載客取酬的 「白牌車」行動，派員在荃灣及青衣喬裝乘客，截獲兩輛非法載客取酬的私家車，涉及兩名年齡分別為30及60歲的本地男司機，涉嫌 「利用汽車作非法出租或取酬載客用途」及 「沒有第三者保險而使用車輛」，涉案私家車被扣查作進一步檢驗。
警沙田投注站拘扒手疑另涉5宗扒竊案,2025-05-05 14:24,https://www.metroradio.com.hk/news/default.aspx?SearchText=&NewsId=20250505142424&page=0,metro,,2025-05-05 14:30,"警方在沙田進行反扒竊行動，於區內一個馬會投注站拘捕一名69歲男子，他涉嫌以報紙遮掩視線，企圖扒竊一名91歲老翁衣袋內約2千元現金。 被捕男子現正被扣留調查.

警方相信，被捕男子涉嫌與三至四月在沙田區投注站內發生的五宗扒竊案件有關，五宗案件涉及總值約一萬三千元的財物。"
5.5手部衞生日  衞生署呼籲正確潔手防染病,2025-05-05 13:50,https://www.metroradio.com.hk/news/default.aspx?SearchText=&NewsId=20250505135004&page=0,metro,,2025-05-05 14:00,"世界衞生組織把今日訂為「手部衞生日」，本港衞生署呼籲市民建立正確並適時潔手的習慣，以預防傳染病的傳播.

衞生署今年以 「潔手。適時。到位」為口號，於醫療機構和社區推廣正確潔手技巧的重要性，並將推出一系列活動，包括在醫院、 衞生署及醫院管理局的診所、 健康中心、 安老院舍及公廁展示海報及提示，提醒市民正確潔手的重要性.

衞生防護中心總監徐樂堅說，約八成傳染病是因為雙手接觸受污染的表面後未徹底潔淨而傳播，而單一細菌可以在六小時內迅速繁殖至1600萬個。 正確潔手可以預防約三成腹瀉相關的疾病及約兩成呼吸道感染.

衞生署說，如雙手沒有明顯污垢時，可用含70-80%酒精搓手液潔淨雙手。 市民應按潔手技巧7步驟，清潔雙手至少20秒，以徹底清潔手部的每一個位置，包括手掌、 手背、 指隙、 指背、 拇指、 指尖及手腕。

如欲了解更多有關潔手的資訊，可瀏覽網頁 https://www.chp.gov.hk/tc/features/108742.html"
約旦佩特拉古城遭洪水侵襲 近1800名遊客緊急疏散,2025-05-05 13:37,https://www.metroradio.com.hk/news/default.aspx?SearchText=&NewsId=20250505133703&page=0,metro,,2025-05-05 13:45,"約旦南部著名佩特拉古城遭洪水侵襲，近1800名遊客要疏散。

當地電視台報道，約旦南部地區昨日大雨，一些山谷和低窪地區出現洪水，氣溫急降，佩特拉古城在午後亦遭到洪水侵襲，當局說，當時裡面有1785名遊客，在救援團隊協助下緊急撤離，無人受傷。

佩特拉古城坐落於約旦首都安曼以南約200公里處，1985年被聯合國教科文組織列入世界遺產名錄。 近年來，佩特拉古城多次遭遇山洪侵襲，外界都憂慮氣候變化對古城的影響。"
至中午約12300人乘渡輪到長洲觀看太平清醮,2025-05-05 13:20,https://www.metroradio.com.hk/news/default.aspx?SearchText=&NewsId=20250505132013&page=0,metro,,2025-05-05 13:30,"今日是佛誕，長洲下午一點半開始有太平清醮飄色巡遊，晚上有壓軸項目搶包山比賽。 在朝早，大批市民和遊客由中環乘坐渡輪到長洲。 渡輪公司加開班次.

新渡輪表示，至中午，已增加由中環開往長洲的航班數目超過兩倍，平均每小時安排四至五班航班，大約有12300人次乘客。 由中環前往長洲的人次較去年同時段減少約 9%.

有年長的市民說，多年來都沒睇過長洲飄色巡遊，今年與朋友專程到長洲觀看。 島上售賣平安包的餅店大排長龍。

今晚的搶包山決賽會在長洲北帝廟遊樂場舉行。 十二名晉身決賽的選手爭奪男女子組的獎項。 按傳統習俗決賽於翌日凌晨零時展開，今晚十時開始派發免費入場券。

渡輪公司將於星期二凌晨一時十五分，提供一班特別航班由長洲前往中環，方便觀眾在活動結束後乘搭渡輪離開長洲。 巴士公司會於星期二約凌晨一時十分至約凌晨二時三十分，開辦特別巴士路線第104R 由中環五號碼頭前往旺角。 多條通宵巴士線會改經中環五號碼頭。"
伊朗稱成功射新型彈道美反導系統無法攔截,2025-05-05 12:23,https://www.metroradio.com.hk/news/default.aspx?SearchText=&NewsId=20250505122350&page=0,metro,,2025-05-05 12:30,"伊朗國防部公佈，成功試射射程達到1200公里、 名為 “卡西姆·巴西爾”的新型彈道導彈。 伊朗聲稱，這款導彈可以抵禦電子戰系統，並能突破反彈道導彈系統。

伊朗國防部說，該導彈的最後一次作戰測試在4月17日成功進行，美國的「薩德」反導彈系統無法攔截，如果伊朗遭到攻擊，將予以強烈反擊。

伊朗國防部又強調，對地區兄弟國家沒有惡意，美國基地才是伊朗的目標。"
內塔尼亞胡:以將回應胡塞武裝導彈襲擊,2025-05-05 12:01,https://www.metroradio.com.hk/news/default.aspx?SearchText=&NewsId=20250505120126&page=0,metro,,2025-05-05 12:15,"以色列特拉維夫國際機場附近在當地星期日受到也門胡塞武裝發射的導彈襲擊，造成8人受傷。 以色列總理內塔尼亞胡說，以方將回應胡塞武裝和伊朗.

胡塞武裝發言人稱，將繼續攻擊以色列各機場，對以色列實施全面空中封鎖。

另外，胡塞武裝表示，也門包括首都薩那在內的多個地方遭美軍空襲，造成14名平民受傷。"
以安全內閣通過擴大對加沙地面軍事行動,2025-05-05 12:00,https://www.metroradio.com.hk/news/default.aspx?SearchText=&NewsId=20250505120021&page=0,metro,,2025-05-05 12:15,"以色列安全內閣通過在加沙擴大地面軍事行動的計劃.

以色列官員證實，會議批准了兩項計劃，包括在加沙擴大地面行動，及更新援助物資交付機制。 第一項計劃預計將在美國總統特朗普下次訪問以色列後實施。 期間，以方將努力與巴勒斯坦武裝組織哈馬斯就停火和人質問題達成協議；第二項計劃的內容是以軍停止大規模分發和儲存援助物資，轉由國際組織和私營保安承包商向加沙民眾分發食物箱，以減低哈馬斯份子使用援助物資的機會.

美國傳媒報道，以色列政府為在加沙擴大地面行動，將召集數萬名預備役士兵."
林哲玄:預繳式醫療免得過就免,2025-05-05 11:19,https://www.metroradio.com.hk/news/default.aspx?SearchText=&NewsId=20250505111919&page=0,metro,,2025-05-05 11:30,"提供疫苗注射及體檢服務的仁滙醫務集團懷疑結業。 海關及警方共接獲至少1356宗報案，包括有市民以預繳式購買疫苗套餐，但未能接受服務。

消委會就接獲最少600宗投訴，涉及銷售手法、 服務延誤、 服務質素等，涉款超過339萬元，最高金額的一宗個案超過2萬3千元，平均每宗約5600元.

醫衞界立法會議員林哲玄在電台節目表示，現時的《私營醫療機構條例》存在漏洞，未必規管到醫療機構或體檢中心的不良銷售行為，例如只幫人打針，有護士駐場或受過訓練人士在場，便不屬監管範圍，但打針是否醫療行為，本港沒有界定，就如痛症中心一樣，所以市民要很清楚預繳式消費，免得過就免。"
爆水管  太子道西往旺角近窩打老道慢線仍封,2025-05-05 11:01,https://www.metroradio.com.hk/news/default.aspx?SearchText=&NewsId=20250505110128&page=0,metro,,2025-05-05 11:15,運輸署表示，因水管緊急維修，太子道西往旺角方向近窩打老道的慢線仍然封閉。 駕駛人士只可使用餘下行車線行車。
大批市民和遊客到長洲觀看太平清醮飄色巡遊,2025-05-05 10:45,https://www.metroradio.com.hk/news/default.aspx?SearchText=&NewsId=20250505104513&page=0,metro,,2025-05-05 11:15,"今日是佛誕，長洲下午有太平清醮飄色巡遊，晚上有壓軸項目搶包山比賽。 在朝早，大批市民和遊客由中環乘坐渡輪到長洲。 渡輪公司加開班次.

有年長的市民說，多年來都沒睇過長洲飄色巡遊，今年與朋友專程到長洲觀看。 島上售賣平安包的餅店大排長龍。

今晚的搶包山決賽會在長洲北帝廟遊樂場足球場舉行。 十二名晉身決賽的選手爭奪男女子組的獎項。 按傳統習俗決賽於翌日凌晨零時展開，晚上十時開始派發免費入場券。

渡輪公司將於星期二凌晨一時十五分，提供一班特別航班由長洲前往中環，方便觀眾在活動結束後乘搭渡輪離開長洲。 巴士公司會於星期二約凌晨一時十分至約凌晨二時三十分，開辦特別巴士路線第104R 由中環五號碼頭前往旺角。 多條通宵巴士線會改經中環五號碼頭。"
藍佛安:中方願與10+3各方加強財金合作,2025-05-05 10:13,https://www.metroradio.com.hk/news/default.aspx?SearchText=&NewsId=20250505101319&page=0,metro,,2025-05-05 10:30,"第28屆東盟與中日韓（10+3）財長和央行行長會議在意大利米蘭舉行。 會議主要討論全球和區域經濟形勢、 10+3 區域財金合作等議題，並發表聯合聲明。 財政部部長藍佛安出席會議時表示，當前世界經濟格局深刻調整，全球化遭遇逆流，單邊主義、 保護主義抬頭，不穩定不確定性因素明顯增多。 10+3區域經濟展現較強韌性、 擁有較大增長空間，但也面臨複雜嚴峻的內外部挑戰。

他指出，各方應堅定落實10+3 領導人會議共識，堅持多邊主義和自由貿易，加強政策溝通協調，深化域內貿易投資合作，維護產供鏈穩定暢通，為區域經濟金融穩定和一體化進程做出更大貢獻.

藍佛安表示，中方願與10+3各方一道，堅持開放包容，團結協作，不斷深化區域財金合作，以本區域的穩定性和確定性應對世界的不穩定和不確定。"
巴西警方拘2人 涉策劃襲擊Lady Gaga演唱會,2025-05-05 10:07,https://www.metroradio.com.hk/news/default.aspx?SearchText=&NewsId=20250505100741&page=0,metro,,2025-05-05 10:15,"巴西警方拘捕2人，涉嫌企圖襲擊樂壇天后Lady Gaga演唱會。

Lady Gaga原定上周六晚 在里約熱內盧，舉行露天演唱會，活動由市政府贊助，民眾可以免費入場，估計吸引超過200萬人參加。 在演唱會舉行前數小時，警方和司法部合力拘捕2名涉嫌利用土製炸彈與汽油彈襲擊群眾的男子。

當局說，案件涉及一個宣揚仇恨言論的極端組織，被捕的包括組織的負責人及青少年，他們涉嫌在網絡招募人手，打算利用土製炸彈發動攻擊，可能是想透過襲擊增加知名度。  警方又在巴西多個州採取突擊搜查行動，扣查手機與電子設備。

Lady Gaga團隊表示，沒有接獲相關威脅通知，又說籌備演唱會期間，有同警方保持聯繫，演出最終如期進行，警方動員逾5,000人維持秩序。"
特朗普: 如果6月19日仍未達成TikTok協議會將期限延長 希望看到協議達成,2025-05-05 10:06,https://www.metroradio.com.hk/news/default.aspx?SearchText=&NewsId=20250505100647&page=0,metro,,2025-05-05 10:15,"美國總統特朗普(Donald Trump)表示，如果中國科技公司字節跳動，未能在6月19日的最後期限前達成協議，剝離旗下短片分享平台TikTok的美國資產，他會將期限延長。

特朗普說，希望看到協議達成，又說TikTok幫助他在2024年總統大選中贏得年輕選民的青睞，因此他對TikTok情有獨鍾，覺得TikTok非常有趣，但會受到保護。   特朗普已經兩次批准暫緩執行國會授權對TikTok的禁令，這禁令原本應該在今年1月生效。

一項將TikTok美國業務分拆成一間總部設在美國、由美國投資者擁有和營運多數股權的新公司的交易，一直在醞釀中，但在特朗普宣布對中國商品徵收高額關稅後，中國表明不會批准交易，有關交易因而被擱置。"
陳茂波:香港建立資本市場推進綠色金融,2025-05-05 10:01,https://www.metroradio.com.hk/news/default.aspx?SearchText=&NewsId=20250505100152&page=0,metro,,2025-05-05 10:15,"財政司司長陳茂波在意大利米蘭，出席亞洲開發銀行年會。 他表示，香港歡迎亞開行加強支持發展中國家應對氣候變化、 發展私營市場、 推進區域合作、 數字轉型等工作。 同時，香港也支持提升對發展中國家的技術支援，以增強發展項目的成效。

他指出，香港作為國際金融中心，願意繼續在建立資本市場、 推進綠色轉型和綠色金融發展、 基建融資等領域與其他成員分享知識和交流經驗.

此外，陳茂波亦與亞開行董事會中代表中國香港所屬組別的董事 Rachel Thompson 會面，就香港如何在保險相連證券產品，包括巨災債券的發行，更好協助亞開行，交流意見。"
陳茂波:香港資本市場推進綠色金融、基建融資,2025-05-05 10:01,https://www.metroradio.com.hk/news/default.aspx?SearchText=&NewsId=20250505100152&page=0,metro,,2025-05-05 11:15,"財政司司長陳茂波在意大利米蘭，出席亞洲開發銀行年會。 他表示，香港歡迎亞開行加強支持發展中國家應對氣候變化、 發展私營市場、 推進區域合作、 數字轉型等工作。 同時，香港也支持提升對發展中國家的技術支援，以增強發展項目的成效。

他指出，香港作為國際金融中心，願意繼續在建立資本市場、 推進綠色轉型和綠色金融發展、 基建融資等領域與其他成員分享知識和交流經驗.

此外，陳茂波亦與亞開行董事會中代表中國香港所屬組別的董事 Rachel Thompson 會面，就香港如何在保險相連證券產品，包括巨災債券的發行，更好協助亞開行，交流意見。"
特朗普:希望與中國達成公平貿易協議 本周未計劃與習近平通話,2025-05-05 09:58,https://www.metroradio.com.hk/news/default.aspx?SearchText=&NewsId=20250505095836&page=0,metro,,2025-05-05 10:15,"美國總統特朗普(Donald Trump)表示，美國正與包括中國在內的很多國家，就貿易協議事宜舉行會談，而他與中國之間的主要優先事項，是確保達成公平的貿易協議。

特朗普在空軍一號專機上對記者說，他本周沒有與中國國家主席習近平通話的計劃，但美國官員正在與中國官員就各項事宜進行溝通。     當被問及本周是否會宣布任何貿易協議時，特朗普表不示很有可能，但無透露細節。

自特朗普於4月2日對大多數國家徵收百分之10的關稅，同時對很多貿易夥伴徵收更高的關稅，但隨後又暫停90天以來，特朗普的高層官員與貿易夥伴已舉行過一系列會談。 他還對汽車、鋼鐵和鋁徵收百分之25的關稅，對加拿大和墨西哥徵收百分之25的關稅，而對中國徵收百分之145的關稅。"
新西蘭央行認為人工智能的應用對金融穩定構成風險,2025-05-05 09:53,https://www.metroradio.com.hk/news/default.aspx?SearchText=&NewsId=20250505095302&page=0,metro,,2025-05-05 10:00,"新西蘭央行認為人工智能(AI)的應用對金融穩定構成風險。

新西蘭央行周一在報告中表示，人工智能在金融服務領域的快速應用，給金融穩定帶來了風險。 人工智能系統中的錯誤、數據私隱問題和市場扭曲，可能會放大現有風險。 報告又指，對少數第三方人工智能提供商的依賴與日俱增，也可能導致市場集中，創造新的傳染渠道，增加網絡攻擊的潛在影響。

不過，報告補充，人工智能工具和模型亦帶來好處，包括提高生產率、提高建構模型準確率、增強風險評估能力及加強網絡韌性。

另外，    新西蘭該央行將於本周三發布半年度《金融穩定報告》。"
長洲太平清醮壓軸搶包山決賽今晚舉行,2025-05-05 09:47,https://www.metroradio.com.hk/news/default.aspx?SearchText=&NewsId=20250505094731&page=0,metro,,2025-05-05 10:00,"今日是佛誕，長洲下午有太平清醮飄色巡遊，晚上有壓軸項目搶包山比賽。

今晚的搶包山決賽會在長洲北帝廟遊樂場足球場舉行。 十二名晉身決賽的選手爭奪男女子組的獎項。 除了男子組冠亞季軍和女子組冠軍外，大會亦會頒發「代代平安獎」，獎勵摘取最多平安包的參賽者.

按傳統習俗決賽於翌日凌晨零時展開。 由於觀賞賽事的市民眾多，離島民政事務處、警方、運輸署及相關政府部門制定措施。

決賽期間北帝廟遊樂場足球場將設有四個區域供觀賞賽事，晚上十時開始派發免費入場券。

渡輪公司將於星期二凌晨一時十五分，提供一班特別航班由長洲前往中環，方便觀眾在活動結束後乘搭渡輪離開長洲。 巴士公司會於星期二約凌晨一時十分至約凌晨二時三十分，開辦特別巴士路線第104R 由中環五號碼頭前往旺角。 多條通宵巴士線會改經中環五號碼頭。"
[台灣股市]早段下跌,2025-05-05 09:47,https://www.metroradio.com.hk/news/default.aspx?SearchText=&NewsId=20250505094710&page=0,metro,,2025-05-05 10:00,"台灣股市早段下跌。

加權指數最新報20704點，跌82點，跌幅百分之0.4。"
[澳紐股市]早段個別發展,2025-05-05 09:44,https://www.metroradio.com.hk/news/default.aspx?SearchText=&NewsId=20250505094425&page=0,metro,,2025-05-05 10:00,"澳紐股市早段個別發展。

標普澳洲200指數最新報8189點，跌48點，跌幅百分之0.59。

新西蘭50隻成分股指數最新報12390點，升63點，升幅百分之0.51。"
[南韓股市]南韓今日是佛誕假期 當地股市休市,2025-05-05 09:42,https://www.metroradio.com.hk/news/default.aspx?SearchText=&NewsId=20250505094235&page=0,metro,,2025-05-05 10:00,南韓今日是佛誕假期，當地股市休市。
[日本股市]日本今日是兒童節假期 當地股市休市,2025-05-05 09:40,https://www.metroradio.com.hk/news/default.aspx?SearchText=&NewsId=20250505094011&page=0,metro,,2025-05-05 10:00,日本今日是兒童節假期，當地股市休市。
運輸署料今日較多旅客使用各陸路管制站回港,2025-05-05 09:38,https://www.metroradio.com.hk/news/default.aspx?SearchText=&NewsId=20250505093827&page=0,metro,,2025-05-05 10:00,運輸署預計今日將有較多跨境旅客使用各陸路管制站回港，預計在返港高峰時間的公共運輸需求會較高，乘客候車時間亦會較長。 運輸署已指示公共運輸服務營辦商加強服務應付乘客需求。 而經港珠澳大橋往返內地或澳門的跨境私家車亦會顯著增加，運輸署呼籲有關旅客預早妥善規劃行程，預留充裕交通時間，盡量選擇於非繁忙時段出行。
[內地股市]中國5月1日至5月5日是勞動節假期 內地股市休市,2025-05-05 09:37,https://www.metroradio.com.hk/news/default.aspx?SearchText=&NewsId=20250505093733&page=0,metro,,2025-05-05 09:45,中國5月1日至5月5日是勞動節假期，內地股市休市。
[港股]今日香港佛誕假期 港股休市,2025-05-05 09:36,https://www.metroradio.com.hk/news/default.aspx?SearchText=&NewsId=20250505093634&page=0,metro,,2025-05-05 09:45,今日香港佛誕假期，港股休市。
中國貴州黔西市遊船傾覆事故  9人死亡1人失蹤,2025-05-05 09:32,https://www.metroradio.com.hk/news/default.aspx?SearchText=&NewsId=20250505093255&page=0,metro,,2025-05-05 09:45,"中國貴州黔西市遊船傾覆事故，9人死亡、1人失蹤。

事故現場指揮部表示，昨日下午約4點40分，貴州畢節黔西市新仁鄉烏江百里畫廊景區六廣河水域，遭遇突發大風，發生遊船傾覆事故。 根據目前排查核實情況，今次事故造成4艘船傾覆、84人跌落水，已救出和找到83人，其中醫治無效死亡共9人，有70人仍在醫院救治，無生命危險；4人安全，並無受傷。 目前，仍然有1人失蹤。 經核查後，其中兩艘涉事運營船舶是貴陽清鎮市新店鎮東湖農用客運公司所有，都載有40人，未有超載；另外兩艘船停靠岸邊未有載客。

事故發生後，貴州省委、省政府主要領導立即率領應急、公安、消防、交通、衛健、水利及文旅等相關部門，趕赴事故現場指揮應急處置和救援工作，將救人放在第一位，爭分奪秒搜救跌落水人員，同時調集省級優質醫療資源全力救治傷者，妥善處理遇難者善後及安撫家屬等工作。 已救出的人員被送黔西市醫院救治。"
被譽為股神的巴郡主席兼行政總裁巴菲特宣布今年底退休交捧副主席阿貝爾出任行政總裁,2025-05-05 09:19,https://www.metroradio.com.hk/news/default.aspx?SearchText=&NewsId=20250505091957&page=0,metro,,2025-05-05 09:30,"被譽為「股神」的國際著名投資者巴菲特(Warren Buffett)，在上周六旗下投資旗艦巴郡(Berkshire Hathaway)年度股東大會尾聲，突然宣布會在今年底退休，在場數萬名股東起立鼓掌，有小股東認為是象徵一個時代的終結。

擔任巴郡主席兼行政總裁的巴菲特，已點名交棒副主席阿貝爾(Greg Abel)，年底出任公司行政總裁；是巴郡成立以來，60年首次易帥。 巴菲特有信心提名會獲董事會一致通過。

94歲的巴菲特說，無意出售所持的巴郡股份，但會逐步捐出；卸任後仍會協助巴郡，但營運決策和資本調配，就由阿貝爾最終決定。

巴菲特透露,今次退休決定，在巴郡11名董事當中，只有他的兩名擔任董事的子女事前知道，公司董事會其他成員及接班人阿貝爾都全不知情。"
特朗普指美國電影業遭摧毀 將對外國電影徵100%關稅,2025-05-05 09:11,https://www.metroradio.com.hk/news/default.aspx?SearchText=&NewsId=20250505091119&page=0,metro,,2025-05-05 09:30,"美國總統特朗普(Donald Trump)宣布，將對所有在美國境外製作的電影，徵收100%的關稅 。

特朗普在社交平台發文，指其他國家提供各種誘因，吸引美國的電影製作人和製片公司，令美國的電影產業正在快速死亡。 他批評這些行動是其他國家共同發起，因此對美國的國家安全構成威脅， 而且這些電影還涉及訊息傳遞和宣傳，所以，他授權商務部和美國貿易代表，啟動對外國電影徵收100%關稅的程序，特朗普聲言，要讓電影再次在美國製造。

特朗普在今年1月已委任影星兼導演米路吉遜(Mel Gibson  )、影帝莊威(Jon Voight)和動作巨星史泰龍(Sylvester Stallone)為「荷里活特別大使」，令過去四年因為外國競爭而流失大量業務到海外的荷里活，重回黃金年代。"
澤連斯基: 隨時都有可能實現停火 籲盟國加強施壓俄羅斯,2025-05-05 08:42,https://www.metroradio.com.hk/news/default.aspx?SearchText=&NewsId=20250505084257&page=0,metro,,2025-05-05 09:00,"烏克蘭總統澤連斯基(Volodymyr Zelenskiy)周日表示，烏克蘭與俄羅斯長達三年多的戰爭，隨時都有可能實現停火，並呼籲烏克蘭的盟國向俄羅斯施加更大壓力，以落實停火措施。

澤連斯基與捷克總統帕維爾(Petr Pavel)在布拉格舉行的聯合記者會上表示，除非加強施壓，否則俄羅斯總統普京(Vladimir Vladimirovich Putin)不會採取任何真正的措施結束衝突，又提到俄羅斯已經第54天無視美國提出的完全停火建議。

普京上周宣布在5月8日至10日期間停火3天，以紀念蘇聯及其盟國在第二次世界大戰中戰勝納粹德國80周年。     澤連斯基表示，這樣的舉措毫無意義，他呼籲按照美國3月提出的建議，實現至少30天的無條件停火，以便給外交一個真正的機會。"
普京: 一直在考慮接班人的問題 暗示或會有幾位候選人競爭,2025-05-05 08:33,https://www.metroradio.com.hk/news/default.aspx?SearchText=&NewsId=20250505083329&page=0,metro,,2025-05-05 08:45,"俄羅斯總統普京(Vladimir Vladimirovich Putin)在周日播出的講話中表示，他一直在考慮接班人的問題，並暗示可能會有幾位候選人競爭。

普京是自斯大林以來，在位時間最長的克里姆林宮領導人。     普京在1999年最後一天從葉利欽手中接棒，1999至2008年擔任總統，2008至2012年擔任總理，2012年至今再度擔任總統。

在國家電視台拍攝的一部題為《 俄羅斯、克里姆林宮、普京、25年》的影片中，現年72歲的普京在被問及是否考慮過接班人問題時說，他一直在考慮這個問題。 這影片介紹了普京擔任俄羅斯最高領導人的四分之一個世紀。 普京說，他認為應該有一個或幾個候選人，這樣人民才有選擇，指最終選擇權在俄羅斯人民手中。 普京又說，    雖然目前無明確的接班人，不過，根據俄羅斯憲法，如果總統無法履行職責，總理將承擔總統職責，而目前俄羅斯總理是米舒斯京(Mikhail Mishustin)。"
金正恩視察一間重要坦克廠 稱讚坦克核心技術取得巨大進步,2025-05-05 08:19,https://www.metroradio.com.hk/news/default.aspx?SearchText=&NewsId=20250505081950&page=0,metro,,2025-05-05 08:30,"北韓領袖金正恩(Kim Jong-un)視察一間重要的坦克廠，稱讚坦克的核心技術取得巨大進步。

北韓官方媒體朝中社周日報道，金正恩表示，生產具有尖端水平的坦克和裝甲車，是軍隊現代化和實現北韓勞動黨「裝甲部隊第二次革命」計劃的關鍵。    北韓目前正在核武與導彈庫之外，更廣泛推動常規武裝力量現代化。 金正恩最近還出席了一艘新型海軍驅逐艦的下水儀式和新型無人機等武器的測試。

南韓和美國官員表示，他們懷疑北韓從俄羅斯獲得了一些技術和軍事幫助，作為回報。 北韓為俄羅斯在烏克蘭的戰事提供了彈藥、導彈和軍隊，但具體細節尚未得到證實。"
謝鋒:經貿關係非零和遊戲 濫施關稅損人害己,2025-05-05 08:19,https://www.metroradio.com.hk/news/default.aspx?SearchText=&NewsId=20250505081925&page=0,metro,,2025-05-05 08:30,"中國駐美大使謝鋒表示，經貿關係不是零和游戲，濫施關稅損人害己。

謝鋒在駐美大使館開放日上致辭時說，各國優勢互補是生產力發展的客觀要求，經貿關係不是零和游戲，貿易壁壘如同抽刀斷水。 他指出，美國從國際貿易中受益頗豐，既享受了來自全球物美價廉的商品，又在金融、科技、服務等高附加值領域，佔據明顯優勢，單在2022年，美資企業在華銷售額就比中資企業在美銷售額多出4000多億美元。

謝鋒說，中美經貿合作總體是平衡的、雙贏的。 濫施關稅損人害己，干擾企業正常生產經營和民眾生活消費，引發全球金融市場劇烈波動，破壞世界經濟長期穩定增長。

謝鋒重申，中方不願打關稅戰，但不怕打；中方堅定維護的，不僅是自身正當權益，而且是國際經貿秩序。 他又，如果美方準備要談，就應當拿出平等、尊重、互惠的態度； 中方亦將繼續以高質量發展、 高水平開放的確定性，應對外部不確定性。"
莫斯科西南部一棟住宅大廈發生爆炸引發火災 造成2死6傷,2025-05-05 08:11,https://www.metroradio.com.hk/news/default.aspx?SearchText=&NewsId=20250505081141&page=0,metro,,2025-05-05 08:30,"俄羅斯首都莫斯科西南部一棟住宅大廈，星期日晚上發生爆炸並引發火災，造成2人死亡、6人受傷。

俄羅斯塔斯社引述當地緊急情況部消息指，涉事住宅大廈一套公寓發生爆炸後，位於8樓及9樓的兩套公寓發生火災，兩層樓天花板坍塌，火場面積達100平方米，大廈內火勢已被撲滅。

莫斯科市長索比亞寧(Sergei Sobyanin)當晚在社交媒體表示，事故具體原因正在調查。 消防救援部門、市政服務部門及醫護人員已迅速到現場展開救援。"
特朗普宣布對美國境外製作的電影徵收100%的關稅,2025-05-05 07:52,https://www.metroradio.com.hk/news/default.aspx?SearchText=&NewsId=20250505075214&page=0,metro,,2025-05-05 08:00,"美國總統特朗普(Donald Trump)宣布，對所有在美國境外製作的電影徵收百分之100的關稅 。

他說，由於其他國家為吸引電影製作人和製片廠而一致提供激勵措施，是對美國國家安全的威脅，是信息傳遞和宣傳，美國的電影業正處於快速死亡的情況，所以他授權美國貿易代表，著手設立這項關稅。"
特朗普:第二任期結束後離開白宮 承認對中國強硬切斷美中貿易 或再延長TikTok不賣就禁限期,2025-05-05 07:43,https://www.metroradio.com.hk/news/default.aspx?SearchText=&NewsId=20250505074333&page=0,metro,,2025-05-05 08:00,"美國總統特朗普(Donald Trump)接受美國全國廣播公司訪問，承認對中國非常強硬，加徵百分之145的關稅，實際上切斷了美中兩國之間的貿易，認為中國現時希望達成協議，美方拭目以待，但強調必須是一份公平的協議。 特朗普說，拒絕排除將部分高額關稅永久化的可能性，否則將無法令製造業重返美國。 他承諾，會就高關稅對美國經濟造成的影響負責。

特朗普在訪問中，再度批評美國聯儲局主席鮑威爾(Jerome Powell)古板，拒絕減息，指鮑威爾不喜歡他才會這樣做，但重申鮑威爾明年5月任期屆滿前，不會被解僱。 對於中國短片分享平台TikTok不賣就禁的限期，將於下月19日屆滿，特朗普表示，如果屆時仍未達成協議，他可能再延長限期。

另外，特朗普表明在第二個任期結束後離開白宮，不會試圖延長任期。"
仁滙醫務集團疑結業:海關及警方共接獲1356宗舉報 消委會接獲投訴個案增至600宗,2025-05-05 06:52,https://www.metroradio.com.hk/news/default.aspx?SearchText=&NewsId=20250505065255&page=0,metro,,2025-05-05 07:00,"提供嬰幼兒疫苗注射服務及多項身體檢查服務的仁滙醫務集團(Alliance Medical Group)懷疑結業。 近日集團的社交平台帳號停運,通訊群組及查詢電話都無人接聽或回應。

截至昨日下午5點，海關及警方共接獲1356宗相關舉報，正安排舉報的巿民錄口供，當中包括大批已預繳款項購買疫苗套餐的苦主.海關及警方正循《商品說明條例》的不良營商手法方向跟進調查。

消委會表示，截至昨日下午5點，接獲的投訴個案增至600宗，涉及銷售手法問題、服務延誤、服務質素等；涉款超過339萬元，最高金額的一宗個案超過2萬3千元，平均每宗約5600元。"
習近平將於本周三至周六到俄羅斯國事訪問 與普京就新形勢下中俄關係進行戰略溝通,2025-05-05 05:54,https://www.metroradio.com.hk/news/default.aspx?SearchText=&NewsId=20250505055433&page=0,metro,,2025-05-05 06:00,"中國國家主席習近平將於本周三至周六到俄羅斯進行國事訪問。

中國官方媒體新華社周日報道，指習近平應俄羅斯總統普京(Vladimir Vladimirovich Putin)邀請，將於本周三至周六，一連四天，對俄羅斯進行國事訪問，並出席在莫斯科舉行的紀念蘇聯衛國戰爭勝利80周年慶典。     中國外交部表示，習近平將與普京就新形勢下中俄關係發展及一系列國際和地區重大問題，進行戰略溝通，相信兩國元首達成的重要共識，必將進一步深化中俄政治互信，豐富戰略協作內涵，促進各領域務實合作，給兩國人民帶來更多福祉，為國際社會貢獻更多穩定性和正能量。

中國外交部又指，中俄雙方將進一步加強在聯合國、上海合作組織、金磚國家等多邊平台的密切協作，團結全球南方，引領全球治理正確方向，旗幟鮮明反對單邊主義和霸凌行徑，攜手推動平等有序的世界多極化、普惠包容的經濟全球化。"
今日佛誕:長洲舉行太平清醮今年飄色主題包括哪吒及KK園區 搶包山決賽明日凌晨零時展開,2025-05-05 04:58,https://www.metroradio.com.hk/news/default.aspx?SearchText=&NewsId=20250505045819&page=0,metro,,2025-05-05 05:15,"今日佛誕，長洲下午會舉行太平清醮，當中緊貼潮流和時事的飄色會景巡遊是焦點, 今年因應電影有情有義的哪吒熱潮，飄色小演員會化身為神話「哪吒」；被視為罪惡溫床的「KK園區」同飄色如何糅合? 就是由表演飄色的小朋友提醒市民及旅客提防詐騙。

大會晚上11點半首先舉行開幕禮，按傳統習俗，壓軸項目搶包山決賽會於明日星期二凌晨零時在長洲北帝廟遊樂場足球場正式展開，12名晉身決賽的選手將施展渾身解數，分別爭奪男女子組的獎項。 除了頒發獎盃予男子組冠、亞、季軍及女子組冠軍外，大會亦會繼續頒發「代代平安獎」，獎勵從包山上摘取最多平安包的參賽者；而搶包山接力邀請賽會緊接個人賽舉行。 比賽觀賞區域可容納1650人，大會今晚10點起派發免費入場券，市民可到長洲消防局側的北社一里沿冰廠路排隊輪候，每人可獲派一張入場券，額滿即止。

新渡輪會在明日星期二凌晨1點15分加開普通渡輪特別班次，由長洲前往中環，方便觀眾觀賞比賽後返回市區。特別班次開出後，新渡輪明日凌晨2點15分及清晨5點10分，會有高速船按正常航班時間表由長洲開出。巴士公司明日約凌晨1點10分至約凌晨2點半，開辦特別巴士路線104R，由中環五號碼頭前往旺角。多條通宵巴士線會改經中環五號碼頭。"
以色列: 將就機場導彈襲擊報復也門胡塞武裝和伊朗,2025-05-05 03:58,https://www.metroradio.com.hk/news/default.aspx?SearchText=&NewsId=20250505035813&page=0,metro,,2025-05-05 04:15,"以色列總理辦公室發表聲明，針對也門胡塞武裝星期日較早時向以色列中部的「本-古里安國際機場」發動高超音速導彈襲擊，以色列動用「箭」式反導系統及美軍部署的「薩德」反導系統攔截來襲導彈，但未能成功。 受襲擊影響，多間國際航空公司取消了往返以色列的航班。 以色列表示，將對胡塞武裝及其盟友伊朗進行報復。

聲明又說，胡塞武裝的襲擊源自伊朗，以色列將選擇時間和地點，對胡塞武裝背後勢力伊朗採取行動。 以色列總理內塔尼亞胡(Benjamin Netanyahu)發佈視像講話，警告胡塞武裝，指以色列過去曾經攻擊過他們，未來亦將繼續攻擊。

    以軍總參謀長扎米爾(Eyal Zamir)表示，以軍已向數萬名預備役的軍人發出徵召令，以擴大在加沙地帶的攻勢。

新一輪以巴衝突爆發以來，胡塞武裝頻繁使用導彈和無人機在紅海、阿拉伯海等海域襲擊與以色列聯關聯的船隻，並不時對以陸上目標發動襲擊。 胡塞武裝要求以色列停止在加沙地帶的軍事行動。"
昨日內地黃金周長假第四日:截至昨晚9點逾103萬人出入境 入境逾44萬出境逾59萬都以港人佔多,2025-05-05 03:38,https://www.metroradio.com.hk/news/default.aspx?SearchText=&NewsId=20250505033811&page=0,metro,,2025-05-05 04:00,"昨日是內地五一黃金周長假期第四日，入境處表示，截至昨晚9點，有超過103萬人次出入境。

其中入境超過44萬人次，香港居民佔26萬7千多人次，內地旅客有14萬3千多人次；出境超過59萬人次，香港居民佔超過39萬。

出境和入境，最多人依次序分別是羅湖、落馬洲支線管制站及深圳灣口岸。

運輸署預計，今日佛誕假期將有較多跨境旅客經各陸路管制站回港，在返港高峰時間的公共運輸需求會較高，乘客候車時間亦會較長，署方已指示公共運輸服務營辦商加強服務應付乘客需求。 經港珠澳大橋往返內地或澳門的跨境私家車亦會顯著增加，運輸署呼籲有關旅客預早規劃行程，預留充裕交通時間，盡量選擇於非繁忙時段出行。"
警方凌晨通報:經港珠澳大橋回港香港口岸入境車輛因通關廣場非常繁忙等候入境或逾45分鐘,2025-05-05 02:52,https://www.metroradio.com.hk/news/default.aspx?SearchText=&NewsId=20250505025210&page=0,metro,,2025-05-05 03:00,"警方凌晨約2點半通報，經港珠澳大橋回港香港口岸的入境車輛，因應通關廣場現時非常繁忙，等候入境時間可能超過45分鐘。

受影響駕駛人士，要依照現場工作人員指示，小心駕駛，保持忍讓。"
警拘2漢涉與葵涌公司爆竊案有關,2025-05-04 23:56,https://www.metroradio.com.hk/news/default.aspx?SearchText=&NewsId=20250504235604&page=0,metro,,2025-05-05 00:00,"警方拘捕2名男子，涉嫌與葵涌一間公司的爆竊案有關。

警方昨日早上接獲一間公司負責人報案，指位於華星街一個工廈單位有被搜掠痕跡。 警方到場調查，發現單位正門門鎖及玻璃被破壞，有4箱公司文件懷疑被偷走。

警方翻查閉路電視及調查後，鎖定兩名涉案男子，過去兩日，分別在旺角荔枝角道及香園圍邊境管制站，拘捕2名分別49及46歲的本地男子，涉嫌爆竊。 警方其後在同一幢工廈內，起回所有失物，並在被捕人住所，檢獲犯案時身穿的衣物，兩人正被扣留調查。"
貴州2艘遊覽翻沉 3死60人送院14人失蹤,2025-05-04 23:40,https://www.metroradio.com.hk/news/default.aspx?SearchText=&NewsId=20250504234043&page=0,metro,,2025-05-05 00:00,"貴州有2艘遊覽船翻沉，造成3人死亡，60人送院，14人仍然失蹤。

事發在黔西市新仁苗族鄉一個景區，下午4時許，位於烏江上游的六衝河出現大暴雨，2艘江面航行的遊覽船側沉，包括船員在內，超過70人掉進水中。

國家主席習近平高度重視，並作出重要指示，指要千方百計搜救失蹤人員，全力救治傷員，妥善做好遇難人員善後及家屬安撫等工作。

他強調，近期有些地方，接連發生安全事故，造成群死群傷，各地區和有關部門要深刻汲取教訓，堅決克服麻痹思想，進一步壓實各方責任，聚焦旅遊景區，大型公共場所等，強化安全措施，狠抓工作落實，堅決遏制重特大安全事故多發趨勢。"
海關上水拘2外傭涉以僱主公屋單位作私煙儲存倉庫,2025-05-04 23:21,https://www.metroradio.com.hk/news/default.aspx?SearchText=&NewsId=20250504232105&page=0,metro,,2025-05-04 23:30,"海關在上水拘捕2名外傭，涉嫌利用僱主公屋單位，作為私煙儲存倉庫，行動中檢獲約20萬支懷疑私煙，市值約90萬元，應課稅值約66萬元。

海關早上在彩園邨，發現2名分別40及48歲外傭，搬運多個尼龍袋，形跡可疑，於是上前截查，在袋內發現約9萬支懷疑私煙，之後分別帶同2名女傭，返回邨內僱主的單位調查，再於2個公屋單位內，合共檢獲約11萬支私煙。

海關初步調查，2名外傭涉嫌利用僱主公屋單位，作為私煙儲存倉庫，把單位用作收貨地址，以「螞蟻搬家」形式收集私煙，減低被僱主發現的機會，並趁假日清晨時分外出分銷私煙。 海關會繼續追查私煙來源及去向，不排除有更多人被捕。"
普京: 俄羅斯有實力結束俄烏戰事,2025-05-04 22:57,https://www.metroradio.com.hk/news/default.aspx?SearchText=&NewsId=20250504225727&page=0,metro,,2025-05-04 23:00,"俄羅斯總統普京表示，俄羅斯有足夠實力和資源，令俄烏戰爭以符合俄方要求的合理結局收場，又指希望毋須動用核武。

俄羅斯國家電視台，播放關於普京掌權25年的影片。 普京在影片中又表示，俄羅斯希望透過和平方式，解決烏克蘭東南區頓巴斯地區問題，直至2022年才展開特別軍事行動，又指俄羅斯是以一己之力，對抗整個西方集團。

另外，普京亦提到與俄中關係，指兩國利益很多方面都類似，俄羅斯和中國的關係穩定和可靠，亦有助世界穩定。

對於自己已掌權25年，普京指一直考慮繼任問題，又暗示可能有多人競逐總統一職。"
五一黃金周第4日 截至晚上9時逾103萬人次出入境,2025-05-04 22:30,https://www.metroradio.com.hk/news/default.aspx?SearchText=&NewsId=20250504223055&page=0,metro,,2025-05-04 22:45,"五一黃金周第4日，截至晚上9時，本港有超過103萬人次經各口岸出入境，其中出境超過59萬人次，香港居民佔當中超過39萬，最多人使用的是羅湖，落馬洲支線管制站。

至於入境有超過44萬人次，港人佔逾26萬，到訪本港的內地訪客有逾14萬人次。

運輸署預計今日較後時間及明日，將有較多跨境旅客使用各陸路管制站回港，預計在返港高峰時間的公共運輸需求會較高，乘客等車時間亦會較長，已經指示營辦商加強服務應付乘客需求。

運輸署又指，經港珠澳大橋往返內地或澳門的跨境私家車亦會顯著增加，呼籲有關旅客預早妥善規劃行程，預留充裕交通時間，盡量選擇在非繁忙時段出行。"
勞工處今年內試用小型無人機協助巡查,2025-05-04 22:17,https://www.metroradio.com.hk/news/default.aspx?SearchText=&NewsId=20250504221741&page=0,metro,,2025-05-04 22:30,"署理勞工處處長馮浩賢表示，會於今年內試用小型無人機，全方位協助職安健巡查、意外調查及蒐證，令違規操作無所遁形。

馮浩賢在一個建造業頒獎典禮致辭時說，吊棚行業一月起，被納入「註冊專門行業承造商制度」第21個指定行業，

鼓勵棚商主動提升安全標準。

馮浩賢表示，未來亦會與職安局，籌辦第二屆職安健創新及科技博覽，以協助業界取得最新的職安健創新科技。"
南非兩車迎頭相撞致15人死亡,2025-05-04 21:56,https://www.metroradio.com.hk/news/default.aspx?SearchText=&NewsId=20250504215620&page=0,metro,,2025-05-04 22:15,"南非發生嚴重車禍，兩輛車迎頭相撞，造成15死5傷。

事發在東開普省，當地時間午夜，一輛滿載乘客的小巴，與一輛對面線行駛的卡車，在一條公路上迎頭相撞，事故造成兩名司機及13名小巴乘客身亡，其餘5人送院治理。"
貴州2艘遊覽翻沉 約20人失蹤,2025-05-04 21:39,https://www.metroradio.com.hk/news/default.aspx?SearchText=&NewsId=20250504213903&page=0,metro,,2025-05-04 22:15,"貴州有2艘遊覽翻沉，約20人下落不明。

事發在黔西市新仁苗族鄉一個水庫區，下午4時許，位於烏江上游的六衝河出現大暴雨，2艘江面航行的遊覽船側沉，包括船員在內，大約70人掉進水中，

貴州當局目前打撈搜救了50多人，尚有約20人失蹤，多個部門正在現場繼續救援。"
貴州2艘遊覽船翻沉 約20人失蹤,2025-05-04 21:39,https://www.metroradio.com.hk/news/default.aspx?SearchText=&NewsId=20250504213903&page=0,metro,,2025-05-04 23:15,"貴州有2艘遊覽翻沉，約20人下落不明。

事發在黔西市新仁苗族鄉一個水庫區，下午4時許，位於烏江上游的六衝河出現大暴雨，2艘江面航行的遊覽船側沉，包括船員在內，大約70人掉進水中，

貴州當局目前打撈搜救了50多人，尚有約20人失蹤，多個部門正在現場繼續救援。"
調查顯示弱勢家庭青少年抑鬱與焦慮傾向較高,2025-05-04 21:11,https://www.metroradio.com.hk/news/default.aspx?SearchText=&NewsId=20250504211113&page=0,metro,,2025-05-04 21:45,"社區組織協會調查發現，弱勢家庭兒童及青少年抑鬱傾向，焦慮傾向的平均分數顯著較高，只有輕微希望感的受訪者，多達近6成半。

社協與中大在去年3月至今年2月，以問卷方式，了解約640名，5至20歲兒童及青少年的情況，探討包括劏房戶，新移民及單親家庭等，弱勢家庭兒童及青少年精神健康，結果顯示，他們在身心健康，家庭關係，經濟資源等方面，均顯著低於用作對照的組別。

社協建議，政府應深化精神健康三層支援模式，並引入弱勢家庭識別因子作為風險評估工具，強化反歧視文化與欺凌處理流程，並優化教育心理服務。"
6歲女童進食自行採摘菇類後疑食物中毒 情況穩定,2025-05-04 20:48,https://www.metroradio.com.hk/news/default.aspx?SearchText=&NewsId=20250504204817&page=0,metro,,2025-05-04 21:00,"1名6歲女童，進食自行採摘的菇類後懷疑食物中毒，目前情況穩定。

衞生防護中心表示，該名六歲女童昨日進食自行採摘的野生菇類，約三小時後，出現腹痛和嘔吐徵狀，之後到瑪嘉烈醫院急症室求醫，需要留院接受進一步觀察。

中心指，因應不同菇種，病人進食後可能出現大量流汗，幻覺，昏迷或其他神經系統病徵和肝衰竭，嚴重的更可能引致死亡，又指由於難以辨別菇類是否適宜食用，呼籲市民切勿採摘野生菇類進食。"
日本15歲以下兒童人數創75年來新低,2025-05-04 20:36,https://www.metroradio.com.hk/news/default.aspx?SearchText=&NewsId=20250504203617&page=0,metro,,2025-05-04 20:45,"日本總務省發佈數據，截至上月1日，日本15歲以下兒童人數為1,366萬人，較上年減少35萬人，是連續44年減少，創下1950年以來新低.

數據顯示，日本兒童佔總人口比例，下降0.2個百分點至11.1%，顯示未能遏制出生人數下滑趨勢，少子化程度越趨嚴重.

根據去年另一統計， 兒童佔人口比最高的是沖繩，有15.8%；最低是秋田縣，只有8.8%，全國只有東京都和神奈川縣，有超過100萬15歲以下兒童。"
"五一黃金周第4天 全國鐵路料載客2,040萬人次",2025-05-04 19:55,https://www.metroradio.com.hk/news/default.aspx?SearchText=&NewsId=20250504195559&page=0,metro,,2025-05-04 20:00,"內地五一黃金周第4天，預計全國鐵路接載2,040萬人次的旅客，並計劃加開逾1,800列旅客列車，應付客流。

國鐵集團表示，熱門目的地城市，包括北京、上海、廣州和成都等，以及香港往返深圳，成都往返西安等路線，出現了較高的客流量。 至於昨日，全國鐵路接載近1814萬人次旅客，運輸過程安全平穩。

另外，國鐵集團指，上周二至本周二，為期8日的五一假期運輸期，預計接載旅客1.44億人次，比去年同期增加約5%。"
廣東多地暴雨 廣州局部地區現冰雹或龍捲風,2025-05-04 19:19,https://www.metroradio.com.hk/news/default.aspx?SearchText=&NewsId=20250504191936&page=0,metro,,2025-05-04 19:30,"廣東多地遭到暴雨侵襲，部份地區出現冰雹甚至龍捲風等強對流天氣。

廣東省氣象局表示，今早8時至下午2時，全省近100個鎮街，錄得超過25至50毫米大雨，當中約2成錄得逾50毫米暴雨。 其中廣州強降雨導致多條道路水浸，部分水浸嚴重。 另外，強雷雨雲團影響廣州市花都，白雲，從化等區，局部地區雨勢強烈，並出現雷電，大風，冰雹甚至龍捲風等強對流天氣。

氣象局預計，明日粵北，珠江三角洲，局部地區有大雨至大暴雨，提醒需注意出現山洪，地質災害等風險，又指部分地區雨霧時，能見度下降，交通擠塞和相關事故風險增加。"
長洲太平清醮壓軸搶包山決賽明晚舉行,2025-05-04 18:49,https://www.metroradio.com.hk/news/default.aspx?SearchText=&NewsId=20250504184902&page=0,metro,,2025-05-04 19:00,"明日是佛誕，長洲下午有太平清醮飄色巡遊，晚上有壓軸項目搶包山比賽。

明晚的搶包山決賽會在長洲北帝廟遊樂場足球場舉行。 十二名晉身決賽的選手爭奪男女子組的獎項。 除了男子組冠亞季軍和女子組冠軍外，大會亦會頒發「代代平安獎」，獎勵摘取最多平安包的參賽者.

按傳統習俗決賽於翌日凌晨零時展開。 由於觀賞賽事的市民眾多，離島民政事務處、警方、運輸署及相關政府部門制定措施。

決賽期間北帝廟遊樂場足球場將設有四個區域供觀賞賽事，晚上十時開始派發免費入場券。

渡輪公司將於五月六日凌晨一時十五分，提供一班特別航班由長洲前往中環，方便觀眾在活動結束後乘搭渡輪離開長洲。 巴士公司會於五月六日約凌晨一時十分至約凌晨二時三十分，開辦特別巴士路線第104R 由中環五號碼頭前往旺角。 多條通宵巴士線會改經中環五號碼頭。"
五一黃金周第4日 截至下午4時逾67萬人次出入境,2025-05-04 18:18,https://www.metroradio.com.hk/news/default.aspx?SearchText=&NewsId=20250504181807&page=0,metro,,2025-05-04 18:30,"五一黃金周第4日，截至下午4時，有超過67萬人次經各口岸出入境，其中出境近42萬人次，香港居民佔當中超過32萬，最多人使用的是羅湖，落馬洲支線管制站及深圳灣口岸。

至於入境有超過25萬人次，內地訪客佔約一半，有超過12萬人次。

運輸署預計今日較後時間及明日，將有較多跨境旅客使用各陸路管制站回港，預計在返港高峰時間的公共運輸需求會較高，乘客等車時間亦會較長，已經指示營辦商加強服務應付乘客需求。

運輸署又指，經港珠澳大橋往返內地或澳門的跨境私家車亦會顯著增加，呼籲有關旅客預早妥善規劃行程，預留充裕交通時間，盡量選擇在非繁忙時段出行。"
韓警扣中國籍男子涉盜取同行友人約143萬港元現金,2025-05-04 17:13,https://www.metroradio.com.hk/news/default.aspx?SearchText=&NewsId=20250504171324&page=0,metro,,2025-05-04 17:45,"南韓警方在仁川機場扣留1名中國籍男子，涉嫌盜取同行中國籍女子，2.6億韓圜，相當於143萬港元的現金。

南韓警方表示，被捕的30多歲男子，涉嫌前日傍間，在仁川市一間酒店的大堂內，偷走同行40多歲中國籍女子的手提包，之後逃走。 手提包內有90萬港元現金，以及10張面值1千萬韓圜的支票等等。

警方追蹤疑犯的潛逃路徑後，昨日凌晨在仁川機場將他緊急拘留，初步調查顯示，疑犯知悉同行女子做生意，持有大量現金，因此產生盜竊念頭。"
太子道西水管爆裂近窩打老道部份行車封閉,2025-05-04 16:53,https://www.metroradio.com.hk/news/default.aspx?SearchText=&NewsId=20250504165347&page=0,metro,,2025-05-04 17:00,"運輸署表示，由於水管爆裂，太子道西往旺角方向，近窩打老道的部份行車線封閉，駕駛人士只可使用餘下行車線，現時上址交通繁忙。

署方指，車輛不能由太子道西往旺角方向，左轉入窩打老道往油麻地方向；同時，由窩打老道往獅子山隧道方向的車輛，只能左轉入太子道西往旺角方向。"
海洋公園水上樂園5月17日重開,2025-05-04 16:38,https://www.metroradio.com.hk/news/default.aspx?SearchText=&NewsId=20250504163827&page=0,metro,,2025-05-04 17:00,"海洋公園水上樂園在去年10月15日起季節性休園，期間進行保養工程後， 將在本月17日重開，並於暑假前推出初夏限時優惠。

成人門票288元；小童及全日制學生門票168元；應屆DSE考生在首日重開門票半價優惠84元。 優惠門票限3,000 張。

海洋公園全年會籍會員可享半價優惠，由即日至6月30日，會員購買水上樂園成人門票144元，小童或全日制學生門票84元。 優惠門票可於5月17日至6月30日期間使用。"
外交部指習近平將與普京就多方面作戰略溝通,2025-05-04 16:09,https://www.metroradio.com.hk/news/default.aspx?SearchText=&NewsId=20250504160919&page=0,metro,,2025-05-04 16:45,"外交部宣佈，應俄羅斯總統普京邀請，國家主席習近平將於星期三至星期六，對俄羅斯進行國事訪問，並出席在莫斯科舉行的紀念前蘇聯衛國戰爭勝利80周年慶典。

外交部表示，兩國元首引領新時代中俄關係，在複雜的外部環境下堅毅前行，展現出永久睦鄰友好、 全面戰略協作，以及互利合作共贏的鮮明特質，習近平將會與普京就新形勢下，中俄關係發展以及一系列國際和地區重大問題進行戰略溝通，相信兩人達成的重要共識，必將進一步深化中俄政治互信，豐富戰略協作內涵，促進各領域務實合作。

外交部又指，中俄雙方將進一步加強在聯合國、 上海合作組織、 金磚國家等多邊平台的密切協作，團結全球南方，引領全球治理正確方向，反對單邊主義和霸淩行徑，攜手推動平等有序的世界多極化、 普惠包容的經濟全球化。"
