title,date,scrape_time,section,source,link,description
日央行報告：就業市場結構變化帶來工資上升壓力,2024-08-20 16:04,2024-08-20 16:15,cfinance,rthk,https://news.rthk.hk/rthk/ch/component/k2/1766892-20240820.htm,"日本央行研究報告指出，當地勞動適齡人口減少，正導致勞動力市場發生結構性變化，加大企業提高工資及加價的壓力。

日本自2010年代中期起，勞動力短缺的情況加劇，但長期員工薪酬未見上升，原因是女性及長者從事低薪的兼職工作，填補勞動力缺口。但隨者女性及長者員工數量減少、轉工人數增加，及兼職工作薪酬提高，都促使企業提高長期員工薪酬。

央行另一份有關日本服務業價格的研究報告說，工資壓力正開始取代原材料成本，成為推動通脹的主要因素。"
中方：願以武器貿易條約生效十年為新起點　為世界提供更多穩定性,2024-08-20 16:03,2024-08-20 16:15,cinternational,rthk,https://news.rthk.hk/rthk/ch/component/k2/1766893-20240820.htm,"《武器貿易條約》正式生效十周年。在北京，外交部發言人毛寧表示，中國在武器貿易問題上採取謹慎、負責態度，完全滿足甚至超出《武器貿易條約》要求，特別是中國只與主權國家進行軍貿合作。中國嚴格遵循軍品出口三項原則，即有助於接受國的正當自衛能力；不損害相關地區和世界的和平、安全與穩定；不干涉接受國內政。

毛寧又說，不同於個別國家「退群毀約」的做法，中國2020年正式加入條約以來認真全面履約，以實際行動為解決全球安全難題。中方願以條約生效十周年為新起點，與各方攜手共進，為完善全球武器貿易治理貢獻中國智慧，為動盪的世界提供更多穩定性和確定性。"
「亞藝無疆」藝術節下月起舉行　楊潤雄稱今屆增設中東系列,2024-08-20 15:53,2024-08-20 16:15,local,rthk,https://news.rthk.hk/rthk/ch/component/k2/1766891-20240820.htm,"文化體育及旅遊局局長楊潤雄表示，港隊於剛結束的奧運取得優異成績，今年的體育及文化領域，本港都綻放獨特光彩。

楊潤雄出席「2024亞藝無疆」節目巡禮活動致辭表示，當局於4月成立弘揚中華文化辦公室，並主辦首屆中華文化節，當有關活動完結，第二屆「亞藝無疆」藝術節亦緊接登場。他提到，舉辦相關藝術節為配合國家十四五規劃之中，積極打造香港作為中外文化藝術交流中心的位置，發揮香港中西文化薈萃的優勢。他表示，藝術節去年首次舉辦，吸引超過62000名觀眾參加，今年第二屆舉行，邀請近30個亞洲、「一帶一路」地區及中東國家的優秀藝術家來港演出，當中演出及活動數量會由去年的29場增至今年的逾100場，預計吸引超過10萬名巿民參與。

楊潤雄提到今年的藝術節將增設中東系列，呈現融合中東及西方風格的演出，亦會開拓新場地，舉辦外展活動，拉近與巿民的距離，讓到訪遊客感受香港文化的生機。他表示，藝術節大部分門票於明日起公開發售，相關宣傳活動亦會展開。

第二屆「亞藝無疆」藝術節，將於今年9月至11月舉行。"
2024年中非合作論壇峰會下月4至6日在北京舉行,2024-08-20 15:47,2024-08-20 16:00,greater_china,rthk,https://news.rthk.hk/rthk/ch/component/k2/1766890-20240820.htm,"商務部表示，2024年中非合作論壇峰會將於下月4至6日在北京舉行。

商務部部長助理唐文弘在國新辦的發布會上表示，中國連續十五年保持非洲第一大貿易伙伴國地位，在綠色發展、數字創新等工程帶動下，中國企業在非洲實施了一大批清潔能源項目，對非洲出口鋰電池、光伏產品等顯著增加。中方與非洲國家共建10多個雙邊聯合實驗室或聯合研究中心，在資源遙感、可再生能源、生態農業等領域開展聯合研究。"
屠龍小隊涉設置炸彈案　料下周一退庭商議,2024-08-20 15:46,2024-08-20 16:00,local,rthk,https://news.rthk.hk/rthk/ch/component/k2/1766889-20240820.htm,"屠龍小隊及吳智鴻團夥等人涉串謀在2019年12月8日遊行中，設置炸彈案第76天審訊，法官今日引導陪審團，明日繼續重溫證供，預計下周一退庭商議。

法官張慧玲向陪審團重溫證供，指控方依賴「滅龍」群組在當年12月6日的對話，認為各人將計劃付諸實行，控方的說法是隊員必定知道自己「12.8」計劃的角色，屬於串謀一分子。辯方則指無法知悉被告是否同意參與其中，但控方證人黃振強於另一群組提醒12月8日出席的示威者，攜帶裝備和武器投擲油站。

法官要求陪審團考慮對方向隊員講了多少內容，黃振強在12月7日於群組提醒隊員沒有第二次機會，形容「一次足以玩完」，法官認為可協助陪審團考慮被告是否知情、是否同意成為串謀一分子。

法官引述黃振強指，12月7日在安全屋向隊員談及計劃，辯方質疑當日有非小隊成員的女子在場，他不會在有外人的情況下講炸彈，但黃振強不同意。辯方又質疑黃振強當時未知炸彈確實位置，如何與隊員商討，他後來稱有展示炸彈大約位置的地圖，但沒有在錄影會面提及安全屋開會。

法官又引述證供稱，黃振強自從同年7月離職後便沒有收入，只是依靠金主資助，黃振強亦指曾經與被告劉佩凝提及有炸彈和槍的大行動。"
聯合航空三藩市飛香港航班因機件問題　轉飛檀香山緊急維修,2024-08-20 15:38,2024-08-20 15:45,local,rthk,https://news.rthk.hk/rthk/ch/component/k2/1766888-20240820.htm,"美國聯合航空一班由美國三藩市出發，原定今日抵港的航班，中途因機件原因需要在檀香山降落，進行緊急維修。

涉事航班編號UA869，機管局網頁顯示航班現況已取消。聯合航空表示，會安排另一航班接載原機乘客飛往香港，預計明晚抵港。"
外交部：美國不是南海問題當事方　無權介入中菲之間涉海問題,2024-08-20 15:33,2024-08-20 16:00,greater_china,rthk,https://news.rthk.hk/rthk/ch/component/k2/1766887-20240820.htm,"在北京，外交部發言人毛寧表示，美國不是南海問題的當事方，無權介入中菲兩國之間的涉海問題，更不得以《美菲共同防禦條約》為藉口，侵害中國在南海的主權和權益。

對於菲律賓和中國海警船昨日發生碰撞，美國譴責中國在南海的行為，並重申對菲律賓的支持，毛寧回應時又說，菲律賓侵權行為在先，中方依法採取維權措施，旨在維護自身領土主權和海洋權益，正當合法，無可非議。美方應停止在南海挑動對抗，不要再破壞區域穩定，加劇局勢緊張。"
內地股市跌近1%或以上　工行A股逆市創新高,2024-08-20 15:31,2024-08-20 15:45,cfinance,rthk,https://news.rthk.hk/rthk/ch/component/k2/1766885-20240820.htm,"滬深股市跌近1%或以上收市，煤炭開採加工、軌道交通設備股下跌；電子競技相關股份上升，部分銀行股逆市造好，工商銀行A股再創新高。

上證指數收報2866點，跌27點，跌幅0.93%。

深證成份指數收報8252點，跌104點，跌幅1.24%。

創業板指數報1567點，跌21點，跌幅1.34%。"
立法會委員會明赴南京及揚州考察　謝展寰率政府代表參與,2024-08-20 15:10,2024-08-20 15:15,local,rthk,https://news.rthk.hk/rthk/ch/component/k2/1766884-20240820.htm,"立法會食物安全及環境衞生事務委員會明日出發前往江蘇南京及揚州，進行為期4天的職務考察，環境及生態局局長謝展寰亦會率領政府代表團一同參與。
 
考察目的讓議員了解相關省市在漁農業發展、食物安全的監管和宣傳教育，以及城市與市容管理方面的政策措施及最新情況。議員會藉此機會，參訪多家從事漁農相關業務的企業，了解養殖和生產技術，以及在提升食物安全方面的經驗。考察期間，議員會與市政府的代表進行交流。
 
考察團將到訪江蘇省住房和城鄉建設廳、江蘇省農業農村廳、南京海關、南京市城市運行管理中心，及從事漁農業務的企業等。"
韓股曾升穿2700點　全日升0.83%,2024-08-20 14:50,2024-08-20 15:15,cfinance,rthk,https://news.rthk.hk/rthk/ch/component/k2/1766882-20240820.htm,南韓股市造好，首爾綜合指數曾升穿2700點關口，高見2706點但未能企穩，收市報2696點，升22點，升幅0.83%。
日股高收1.8%　重上38000點,2024-08-20 14:43,2024-08-20 15:00,cfinance,rthk,https://news.rthk.hk/rthk/ch/component/k2/1766881-20240820.htm,日股重上38000點，日經指數高見38236點，收報38062點，升674點，升幅1.8%。
住建部：下大力氣完成今年目標　提早研究謀劃明年工作,2024-08-20 14:41,2024-08-20 15:00,greater_china,rthk,https://news.rthk.hk/rthk/ch/component/k2/1766880-20240820.htm,"內地住房城鄉建設部強調，要下大力氣完成今年全年目標任務，並提早研究謀劃明年工作。

住建部周一召開會議，在官網的新聞稿表示，抓住有利條件，採取有力措施，齊心協力將全國城鄉建設會議提出的各項目標任務完成好。"
台股收市靠穩,2024-08-20 14:12,2024-08-20 14:45,cfinance,rthk,https://news.rthk.hk/rthk/ch/component/k2/1766878-20240820.htm,台灣股市靠穩。加權指數收市報22429點，升19點。
港股下午偏軟,2024-08-20 13:49,2024-08-20 14:15,cfinance,rthk,https://news.rthk.hk/rthk/ch/component/k2/1766877-20240820.htm,"港股下午偏軟，恒指報17463點，跌106點，跌幅0.6%。

科指亦向下，報3489點，跌27點，跌幅0.75%。"
拜登在民主黨大會演講稱擔任總統是畢生榮幸　籲支持賀錦麗,2024-08-20 12:49,2024-08-20 13:00,cinternational,rthk,https://news.rthk.hk/rthk/ch/component/k2/1766875-20240820.htm,"美國民主黨全國代表大會一連四天在芝加哥召開，總統拜登在大會首日發表主題演講。拜登在第一夫人吉爾及女兒分別發言後上台，表現激動，同女兒擁抱後，抹去眼淚，現場民眾揮舞印有「我們愛拜登」的藍色橫額，站立歡呼接近5分鐘。

拜登表示，擔任總統是他一生的榮幸，又呼籲所有人投票支持副總統賀錦麗，強調民主必須得到捍衛，民主黨正在為美國的靈魂而戰。他又針對共和黨總統侯選人、前總統特朗普，表明美國沒有政治暴力的容身之地。

在演講結束時，拜登與家人、賀錦麗及副手沃爾茲一起在大會舞台亮相。"
曾贊助鄭業楷團隊赴日參賽　黎青龍冀更多人對手機遊戲改觀,2024-08-20 12:39,2024-08-20 14:15,local,rthk,https://news.rthk.hk/rthk/ch/component/k2/1766874-20240820.htm,"綽號「蝦皮」的16歲中學生鄭業楷，日前在美國夏威夷舉辦的手機遊戲Pokémon GO世界錦標賽奪得冠軍，本身是這項遊戲愛好者、港大醫學院內科及肝臟科講座教授黎青龍去年曾資助鄭業楷到日本比賽，他說對於今次對方獲獎感到高興，希望更多人對手機遊戲改觀，又指在日本及台灣Pokémon GO都十分普遍，希望香港亦多些人參與，社會人士更多贊助遊戲的青年玩家。

黎青龍去年贊助1萬港元讓鄭業楷團隊到日本參賽，他說本身不認識對方，是透過其他遊戲玩家知道這班年輕人欠資金到海外比賽，因此決定資助。團隊最終落敗，黎青龍表示，沒有想過香港人可以勝出，對賽果「無乜所謂」，但好高興獲贊助的青年在日本買了許多紀念品給他。

黎青龍不認為學生參與Pokémon GO遊戲有問題，讀書之餘亦要有玩樂時間，希望外界不要小看他們。"
前港隊領隊稱Pokémon GO奪冠展現運動員精神,2024-08-20 12:39,2024-08-20 12:45,local,rthk,https://news.rthk.hk/rthk/ch/component/k2/1766874-20240820.htm,"綽號「蝦皮」的16歲中學生鄭業楷，日前在美國夏威夷舉辦的手機遊戲Pokémon GO世界錦標賽中過關斬將，於5局3勝賽制下，以3比1擊敗荷蘭選手，成為香港及亞太區首位Pokémon GO世界冠軍，獲頒2萬美元獎金。

鄭業楷賽後接受大會訪問時表示，今次獲得冠軍是對他一直以來參與這項活動的肯定，又說自己在去年的比賽中落敗，曾經被質疑實力，今次是證明自己的最好機會。

有份資助鄭業楷到美國比賽、前Pokémon GO的香港隊領隊張樂行說，現時本港活躍玩家只有約50人，鄭業楷是今屆賽事的唯一香港代表。他又說，今次鄭業楷的成功展現運動員精神，強調他自上屆世界錦標賽落敗後，一直努力參加不同比賽，用心練習，成為「世一」是他努力的成果。

張樂行說，賽事結束後，鄭業楷用流利兩文三語接受訪問，相信他在打機過程中，結識來自不同地區的玩家，過程中磨練語言能力，認為透過今次賽事會有家長對打機改觀。他又說，現時玩家需自費參加Pokémon GO比賽，希望透過鄭業楷奪冠，令更多人認識或關心，會有更多有心人支持玩家出外比賽。"
新盤撻訂個案急升　中原料發展商追收差價令市民入市更謹慎,2024-08-20 12:35,2024-08-20 12:45,cfinance,rthk,https://news.rthk.hk/rthk/ch/component/k2/1766869-20240820.htm,"市場統計，今年至今本港新盤累計錄得338宗撻訂個案，已經比去年全年多出約三成。根據中原地產統計，上半年錄得308宗撻訂，按年急升約2倍，已經超越去年全年；單計第2季則錄得149宗撻訂，按年急升3.4倍，按季減少6%。

中原數據顯示，上季啟德、屯門和油塘，都有新盤錄得雙位數的撻訂個案，至少10個單位經過發展商重售之後，減價幅度達到26%至32%。

撻訂買家除了要向發展商賠償訂金，亦要承擔單位重售之後，發展商追收差價的風險。有媒體報道，長實洪水橋一個新盤的撻訂買家，除了被沒收10%的訂金之外，亦被追收重售差價，並要求賠償管理費、利息開支等。有發展商指，過往好少會追收差價，不希望令市道變得太恐慌。

中原研究部高級聯席董事楊明儀認為，採用建築期付款辦法的樓花買家，面對樓價下行，單位估價不足，無法承造足夠按揭而撻訂。她說，發展商追收差價及相關開支，原本有意撻訂的買家會更加慎重，因為牽涉的開支比預期大。

她說，有大型新盤延長落成日期，暫時難以估計全年的撻訂數字，但今季及下季的個案有機會稍為回落至每季約100宗，市民入市亦會更謹慎。不過，她認為，發展商仍然需要推售新盤，只要價格吸引，抵消到買家承受相關的風險，估計今年一手成交宗數仍有望按年升2成至3成。"
香港郵政本周四起發售中國郵政及外國郵政機關發行精選集郵品,2024-08-20 12:31,2024-08-20 12:45,local,rthk,https://news.rthk.hk/rthk/ch/component/k2/1766873-20240820.htm,"香港郵政公布，本周四起發售由中國郵政、澳門郵電及外國郵政機關發行的精選集郵品。
　　 
這批集郵品包括中國郵政發行的「世界文化遺產—平遙古城」郵票、澳門郵電發行的數套集郵品，「仁伯爵綜合醫院150周年」紀念郵票、「澳門郵電140周年」郵票，以及「澳門非物質文化遺產」郵票。
　　 
其他地方的集郵品亦包括法國郵政發行的法式長棍麵包為題的郵票、日本郵政發行與郵遞及運輸相關物品的郵票、新西蘭郵政慶祝毛利新年的郵票，英國皇家郵政發行「粉紅豬小妹」為題的郵票，以及澳洲郵政發行以「新聞自由二百周年」為題的郵票等。"
16歲鄭業楷成為香港及亞太區首位Pokémon GO世界冠軍,2024-08-20 12:28,2024-08-20 12:45,local,rthk,https://news.rthk.hk/rthk/ch/component/k2/1766872-20240820.htm,"本港16歲青年鄭業楷，日前在美國夏威夷舉辦的手機遊戲Pokémon GO世界錦標賽中，擊敗荷蘭選手，成為香港及亞太區首位Pokémon GO世界冠軍。

鄭業楷賽後接受大會訪問時表示，今次獲得冠軍對他一直以來參與這項活動的肯定。

前Pokémon go 香港隊領隊張樂行說，鄭業楷的成功展現努力不懈的運動精神，又說透過今次事件可能會令家長對打機改觀。"
特步上半年盈利升13%,2024-08-20 12:18,2024-08-20 12:30,cfinance,rthk,https://news.rthk.hk/rthk/ch/component/k2/1766871-20240820.htm,"特步公布，上半年盈利7.5億元人民幣，按年增長13%。派中期息每股15.6港仙，按年增長近14%，可以股代息；派息比率維持50%。

期內，收入升逾10%至72億元人民幣，受惠主品牌穩健表現，以及新品牌於內地的強勁增長帶動。鞋履收入升14%至約44.5億元，服裝收入升4%至26.1億元。

毛利率46%，增長3.1個百分點。"
恒指半日跌63點　消費股受壓,2024-08-20 12:15,2024-08-20 12:30,cfinance,rthk,https://news.rthk.hk/rthk/ch/component/k2/1766870-20240820.htm,"港股先升後回，恒生指數半日上下點數波幅只有約180點，中午收市報17506點，跌63點，跌幅約0.4%，主板成交額近403億元。

消費股向下，恒安國際和華潤啤酒業績後股價跌近6%或以上，是半日跌幅最大兩隻藍籌股。百威亞太跌近4%。

油股、內房及物管股下跌，銀行股普遍上升。

汽車股上升，理想升近2%，蔚來升3%，分別是表現最好的恒指和科指成份股。

科技指數半日收報3502點，跌0.4%。"
滬指半日跌近1%,2024-08-20 11:41,2024-08-20 12:00,cfinance,rthk,https://news.rthk.hk/rthk/ch/component/k2/1766867-20240820.htm,"滬深股市半日跌近1%或以上，煤炭、油氣等資源股向下，黑色家電、能源金屬相關股份上升。

上證綜合指數半日收報2865點，跌28點，跌幅0.98%。

深證成份指數報8261點，跌95點，跌幅1.14%。

創業板指數報1573點，跌15點，跌幅1%。"
日本自民黨下月27日投票選出新總裁,2024-08-20 11:40,2024-08-20 12:00,cinternational,rthk,https://news.rthk.hk/rthk/ch/component/k2/1766865-20240820.htm,"日本自民黨總裁選舉管理委員會確認，會在下月27日投票選出新總裁，接替首相岸田文雄。

岸田文雄上星期宣布不參加自民黨總裁選舉，意味他放棄競逐連任首相。共同社報道，根據公布的選舉日程，自民黨會在9月12日發布總裁選舉告示、27日投票和計票。據報候選人有11人，他們都要爭取有20名推薦人。"
港股先升後回　恒安及潤啤跌近6%,2024-08-20 11:10,2024-08-20 11:15,cfinance,rthk,https://news.rthk.hk/rthk/ch/component/k2/1766864-20240820.htm,"港股先升後回，恒生指數上下點數波幅只有約180點，較早時報17503點，跌66點，跌幅0.38%。

消費股向下，恒安國際和華潤啤酒業績後股價跌近6%，是暫時跌幅較大的兩隻藍籌股。百威亞太和海爾智家跌近3%或以上。

油股、內房及物管股下跌，銀行股普遍上升。汽車股上升，理想和蔚來升逾2%。

科技指數報3506點，跌幅0.3%。ATMXJ個別發展，阿里巴巴跌逾1%。"
澳洲央行會議紀錄：維持利率穩定理由更充分　或需保持限制性政策,2024-08-20 10:48,2024-08-20 11:00,cfinance,rthk,https://news.rthk.hk/rthk/ch/component/k2/1766861-20240820.htm,"澳洲央行公布月初舉行的政策會議紀錄顯示，委員曾討論是否加息，因為3.9%的基礎通脹率仍然過高，但考慮到內部預測不確定性、市場波動和減息預期，最終認為保持利率穩定的理由更為充分，而且或需在較長一段時間保持限制性政策，以確保通脹受控。

會議紀錄顯示，維持現金利率目標穩定在目前水平的時間，較目前市場定價所暗示的時間更長，可能足以使通脹率在合理時間框架內回歸目標水平，但要在未來會議重新評估這種可能性。

會議紀錄指，鑒於委員會對閒置產能、失業率和消費者需求預測的不確定，繼續加大對多項數據的重視仍是合適。

澳洲央行已連續6次維持利率在4.35厘的12年高位不變，市場認為年底前減息的可能性為84%，並已經充分消化對明年2月減息的預期。"
日股半日升約1.7%　7-11母企獲OK便利店母公司提出收購,2024-08-20 10:43,2024-08-20 11:00,cfinance,rthk,https://news.rthk.hk/rthk/ch/component/k2/1766862-20240820.htm,"日本股市重上38000點水平，日經平均指數半日收報38015點，升627點，升幅1.68%。

7-11便利店母公司Seven & i股價一度急跌逾12%，半日跌近7%。股價上日受收購消息帶動，急升近23%收市。

Seven & i控股上日發聲明指，收到OK便利店母公司加拿大Alimentation Couche-Tard Inc.(ACT)，收購公司所有已發行股份的保密、無約束力的初步建議。

公司指，負責審議相關收購建議的特別委員會，會按照股東最佳利益，進行迅速、仔細和全面的審查。董事會或特別委員會目前尚未決定接受或拒絕ACT的收購建議，當有決定或有可披露事項時，會即時公布。"
希拉莉向拜登致敬　稱賀錦麗很可能成為美國第一位女總統,2024-08-20 10:39,2024-08-20 11:15,cinternational,rthk,https://news.rthk.hk/rthk/ch/component/k2/1766860-20240820.htm,"美國前國務卿希拉莉在民主黨全國代表大會上發言，向總統拜登致敬，說拜登為白宮帶來了尊嚴、正派和能力，感謝他一生的服務和領導。

身穿白色長褲套裝的希拉莉，提到她在2016年競選總統失敗的經歷，形容當年接受黨內提名是她一生的榮幸，又說她和即將接受提名的副總統賀錦麗，共同在最高、最堅硬的玻璃天花板上開了很多裂縫，認為賀錦麗很可能突破，成為美國第一位女總統。

賀錦麗較早時打破傳統，在大會的召開首日露面並簡短發言，感謝總統拜登的歷史性領導，以及為國家作出的終身服務。"
吳傑莊：過去一星期不同業界有零星被銀行收緊按揭個案,2024-08-20 10:33,2024-08-20 11:00,local,rthk,https://news.rthk.hk/rthk/ch/component/k2/1766859-20240820.htm,"金管局表示，數字上未反映銀行收緊按揭，短期內將成立專責小組跟進中小企求助個案。立法會工商及創新科技事務委員會副主席吳傑莊表示，過去一個星期曾接觸不同業界，雖然未見到系統性出現大量有關個案，但確有零星個案。

吳傑莊在本台節目《千禧年代》表示，這些零星被銀行收緊按揭的個案，不會單純因為有物業估值減低，便被銀行要求補回差價，不排除當中可能涉及中小企或老闆因為其他私人貸款或項目，而令銀行進行資產估值重組。

吳傑莊指出，目前正處理一兩宗被銀行要求貸款人提早還款的個案，正收集更多資料，如果合適，會協助事主將個案交予金管局研究。他形容有些個案則較迂迴，銀行會要求貸款人提交許多資料，例如交易項目細節等，增加某些中小企的壓力。他說，明白銀行要保護存戶存款，但也要令香港商界健康運作，平衡本港整體營商環境。

對於金管局引述數據，吳傑莊認為，中小企分成許多行業及板塊，大數只能看見趨勢，但未必能看到個別情況，可能要細分行業，若一些行業遇到困難，要分析是短期抑或系統性原因。"
吳傑莊：過去一星期有零星被銀行收緊按揭個案,2024-08-20 10:33,2024-08-20 10:45,local,rthk,https://news.rthk.hk/rthk/ch/component/k2/1766859-20240820.htm,"金管局表示，數字上未反映銀行收緊按揭，短期內將成立專責小組跟進中小企求助個案。立法會工商及創新科技事務委員會副主席吳傑莊表示，過去一個星期曾接觸不同業界，雖然未見到系統性出現大量有關個案，但確有零星個案。

吳傑莊在本台節目《千禧年代》表示，這些零星被銀行收緊按揭的個案，不會單純因為有物業估值減低，便被銀行要求補回差價，不排除當中可能涉及中小企或老闆因為其他私人貸款或項目，而令銀行進行資產估值重組。

吳傑莊指出，目前正處理一兩宗被銀行要求貸款人提早還款的個案，正收集更多資料，如果合適，會協助事主將個案交予金管局研究。他形容有些個案則較迂迴，銀行會要求貸款人提交許多資料，例如交易項目細節等，增加某些中小企的壓力。他說，明白銀行要保護存戶存款，但也要令香港商界健康運作，平衡本港整體營商環境。

對於金管局引述數據，吳傑莊認為，中小企分成許多行業及板塊，大數只能看見趨勢，但未必能看到個別情況，可能要細分行業，若一些行業遇到困難，要分析是短期抑或系統性原因。"
內地股市初段向下,2024-08-20 10:07,2024-08-20 10:15,cfinance,rthk,https://news.rthk.hk/rthk/ch/component/k2/1766858-20240820.htm,"滬深股市在開市初段向下。

上證綜合指數較早時報2878點，跌15點，跌幅0.54%。

深證成份指數報8294點，跌62點，跌幅0.75%。

創業板指數報1576點，跌12點，跌幅0.81%。"
賀錦麗現身民主黨代表大會感謝拜登領導,2024-08-20 10:03,2024-08-20 10:15,cinternational,rthk,https://news.rthk.hk/rthk/ch/component/k2/1766855-20240820.htm,"美國副總統賀錦麗在民主黨全國代表大會發表簡短演說，感謝總統拜登的歷史性領導，以及為國家作出的終身服務。

大會在芝加哥召開，為期四天。賀錦麗將在星期四接受總統候選人提名。美國傳媒報道，獲提名人選通常會在大會的最後一天發表演說，形容賀錦麗在大會召開首日露面是出人意料，有別於傳統。

放棄連任的總統拜登，將在大會上發言，預料他將再次稱讚賀錦麗是最佳人選，完成他保護美國民主和挑戰共和黨候選人、前總統特朗普的工作。"
俄外長稱美國授意炸毀「北溪」管道,2024-08-20 10:02,2024-08-20 10:15,cinternational,rthk,https://news.rthk.hk/rthk/ch/component/k2/1766856-20240820.htm,"俄羅斯外交部長拉夫羅夫表示，對「北溪」天然氣管道的襲擊顯然得到美國授意，肇事者不可能在沒有美國幫助的情況下炸毀管道。

拉夫羅夫接受俄羅斯《消息報》採訪時說，即使如德國媒體提到的那樣，一些烏克蘭人以某種方式參與此事，但他們「很明顯」不可能獨立完成。拉夫羅夫強調，德國必須回答有關「北溪」天然氣管道爆炸事件的所有問題。俄羅斯將堅持進行透明的國際調查。

俄羅斯外交部官員說，俄方已正式向德國提出進行調查的要求。

德國傳媒引述德國外交部消息報道，德國正與俄方聯繫，因對爆炸事件的調查仍在進行，暫時無法報告相關結果，但在不影響調查的情況下，德國可以與俄羅斯交換信息。

《華爾街日報》日前報道，由6名烏克蘭現役軍人和商人組成的團夥租用遊艇和深潛設備等在2022年9月破壞「北溪」天然氣管道，以報復俄羅斯當年2月出兵烏克蘭。對《華爾街日報》相關報道，俄方認為美國試圖把「北溪」爆炸事件的全部責任轉嫁給烏克蘭。"
佳兆業與債權人小組訂立重組支持協議,2024-08-20 10:00,2024-08-20 10:15,cfinance,rthk,https://news.rthk.hk/rthk/ch/component/k2/1766851-20240820.htm,"佳兆業公布，過去數月公司一直與債權人小組成員及雙方各自的顧問保持建設性溝通，以達成經各方同意的重組。今日與債權人小組訂立重組支持協議，有關債權分別佔佳兆業範圍內債務未償還本金總額的34%以上，及瑞景範圍內債務未償還本金總額的36%以上。重組支持協議載列重組的條款。

公告指，擬進行重組旨在為公司提供長期恢復空間，以保持業務穩定；提供足夠的財務靈活性，以實現可持續的資本結構及提升資產淨值；及保護所有利益相關方的權利及權益，並為所有利益相關方爭取價值最大化。

重組預期將透過於香港、開曼群島，或公司選擇的其他適用司法權區的一個或多個協議安排計劃實施，或在公司及其顧問認為必要或合理的範圍內，透過公司與債權人小組以實施佳兆業建議重組為主要目的，所議定的任何其他公司行動、法律程序或其他程序或步驟。

計劃債權人的重組代價將包括6檔以美元計價的優先票據，將根據有關佳兆業或瑞景計劃債權人有權索償額，在每個計劃下按比例分配予各計劃債權人；及可轉換為公司新股份的8檔以美元計價的強制可轉換債券，將根據有關佳兆業或瑞景計劃債權人有權索償額，在每個計劃下按比例分配予各計劃債權人。

公司指，重組的成功需要廣泛支持，促請未簽署重組支持協議的所有債務持有人，盡快加入重組支持協議。"
60歲或以上香港居民周日起須使用「樂悠咭」才能享2元優惠票價,2024-08-20 09:57,2024-08-20 10:15,local,rthk,https://news.rthk.hk/rthk/ch/component/k2/1766854-20240820.htm,"周日起，政府長者及合資格殘疾人士公共交通票價優惠計劃、即「二元優惠計劃」將實施新安排，所有六十歲或以上香港居民，必須使用「樂悠咭」才能享用二元優惠票價。

港鐵提醒，仍未申請的合資格人士，盡快遞交申請「樂悠咭」，辦理「樂悠咭」申請手續需時約四星期。如合資格人士現時仍未作出申請，將於今個星期日無法享有二元優惠票價。

港鐵表示，屆時六十五歲或以上乘客如繼續使用現時的「不記名長者八達通」或「長者個人八達通」乘搭港鐵，優惠只有由港鐵公司提供的約成人車費半價；而六十至六十四歲乘客如沒有「樂悠咭」，則需要支付成人車費。

港鐵呼籲，已持有「樂悠咭」人士，首次使用「樂悠咭」之前須增值多於港幣五十元，以及入閘前確保咭內餘額為正數，便可立即轉用「樂悠咭」享用二元優惠票價。"
4款廁紙未能通過沖散測試　黃鳳嫺提醒選購時留意家居渠務情況,2024-08-20 09:53,2024-08-20 10:45,local,rthk,https://news.rthk.hk/rthk/ch/component/k2/1766853-20240820.htm,"消委會測試25款卷裝廁紙，整體衞生理想，當中4款未能通過沖散測試。消委會總幹事黃鳳嫺說，今次測試從超市、家品店及個人護理商店購入常見樣本，包括3層、4層及5層的卷裝廁紙，大部分用木槳製成，亦有一些是竹製，以測試產品是否抵買、格數、重量、柔軟度及強韌度。她說格數較多強韌度越高，但可能較難沖散，因此提醒消費者選購產品時，留意家居渠務情況，如果較易淤塞，就要有所取捨。

黃鳳嫺在本台節目《千禧年代》說，今次包括測試了樣本的抗拉強度、內爆度，即是否易穿。她說整體樣本處於乾的狀態時，抗拉度高，但當濕後，有些樣本的抗拉強度就較低分。另外，整體5層紙的強韌度較高，個別3層或4層的都屬高強韌度。做沖散測試時，結果分別有2款3層紙及2款5層紙，未能通過沖散要求。

她又提到，內地廁紙在包裝上有不同的清楚標示，包括長闊度、層數、格數、淨重、生產期或保質期等，香港相關資訊較參差，希望生產商加上此等資訊，方便消費者作出選擇。
 
另外，消委會亦測試市面上14款抽油煙機，當中9款樣本的抽油煙能力較強；抽蒸氣方面，煙囪式的表現普遍較拉趟式為佳。黃鳳嫺提醒，排氣及轉速高，不代表吸抽能力都高。因為不同廠商的標示，可能是用不同標準，因此不可以直接比較。有些樣本可能抽油煙好些，有些則抽蒸氣表現好些。她建議消費者選購時，按自己煮食習慣需要作考慮。而抽油煙機的排氣口或排氣管彎位多少、清洗密度，都會影響抽油煙機的表現。"
消委會測試25款卷裝廁紙　當中4款未能通過沖散測試,2024-08-20 09:53,2024-08-20 10:15,local,rthk,https://news.rthk.hk/rthk/ch/component/k2/1766853-20240820.htm,"消委會測試25款卷裝廁紙，整體衞生理想，當中4款未能通過沖散測試。消委會總幹事黃鳳嫺說，今次測試從超市、家品店及個人護理商店購入常見樣本，包括3層、4層及5層的卷裝廁紙，大部分用木槳製成，亦有一些是竹製，以測試產品是否抵買、格數、重量、柔軟度及強韌度。她說格數較多強韌度越高，但可能較難沖散，因此提醒消費者選購產品時，留意家居渠務情況，如果較易淤塞，就要有所取捨。

黃鳳嫺在本台節目《千禧年代》說，今次包括測試了樣本的抗拉強度、內爆度，即是否易穿。她說整體樣本處於乾的狀態時，抗拉度高，但當濕後，有些樣本的抗拉強度就較低分。另外，整體5層紙的強韌度較高，個別3層或4層的都屬高強韌度。做沖散測試時，結果分別有2款3層紙及2款5層紙，未能通過沖散要求。

她又提到，內地廁紙在包裝上有不同的清楚標示，包括長闊度、層數、格數、淨重、生產期或保質期等，香港相關資訊較參差，希望生產商加上此等資訊，方便消費者作出選擇。
 
另外，消委會亦測試市面上14款抽油煙機，當中9款樣本的抽油煙能力較強；抽蒸氣方面，煙囪式的表現普遍較拉趟式為佳。黃鳳嫺提醒，排氣及轉速高，不代表吸抽能力都高。因為不同廠商的標示，可能是用不同標準，因此不可以直接比較。有些樣本可能抽油煙好些，有些則抽蒸氣表現好些。她建議消費者選購時，按自己煮食習慣需要作考慮。而抽油煙機的排氣口或排氣管彎位多少、清洗密度，都會影響抽油煙機的表現。"
人行逆回購1491億元人民幣　淨回籠2366億元,2024-08-20 09:42,2024-08-20 10:00,cfinance,rthk,https://news.rthk.hk/rthk/ch/component/k2/1766852-20240820.htm,人民銀行公開市場開展1491億元人民幣7天期逆回購操作，利率維持於1.7厘。對沖今日到期量後，單日淨回籠2366億元。
中國足協競賽部原部長黃松因受賄罪被判7年,2024-08-20 09:24,2024-08-20 09:45,greater_china,rthk,https://news.rthk.hk/rthk/ch/component/k2/1766845-20240820.htm,"湖北省松滋市人民法院一審公開宣判中國足球協會競賽部原部長黃松受賄案，黃松因受賄罪被判處有期徒刑7年，並處罰金60萬元人民幣；其受賄所得財物依法予以追繳，上繳國庫。

另外，成都市足球協會原主席兼秘書長辜建明貪污、受賄、單位行賄案，在湖北省通城縣人民法院一審公開宣判，決定對辜建明執行有期徒刑6年，並處罰金40萬元人民幣；對其貪污所得依法追繳，分別返還被害單位，對其受賄所得財物依法予以追繳，上繳國庫。"
恒指競價時段升92點,2024-08-20 09:24,2024-08-20 09:45,cfinance,rthk,https://news.rthk.hk/rthk/ch/component/k2/1766850-20240820.htm,"港股競價時段上升，恒生指數報17661點，升92點，升幅0.52%。

科技指數報3556點，升39點，升幅1.13%。"
人民幣兌美元中間價創兩周新高,2024-08-20 09:22,2024-08-20 09:45,cfinance,rthk,https://news.rthk.hk/rthk/ch/component/k2/1766848-20240820.htm,人民幣中間價報7.1325兌1美元，較上日中間價升90點子，創兩星期新高。
《環看天下》：習近平會見越共中央總書記蘇林,2024-08-20 09:20,2024-08-20 09:45,greater_china,rthk,https://news.rthk.hk/rthk/ch/component/k2/1766849-20240820.htm,"中共中央總書記、國家主席習近平與訪華的越共中央總書記、國家主席蘇林舉行會談。習近平表示，蘇林就任總書記後首訪中國，充分體現對兩黨兩國關係的高度重視，中方始終將越南作為周邊外交優先方向。

今次是蘇林本月初當選越共中央總書記後首次外訪。蘇林說，越南黨和政府將深化越中全面戰略合作夥伴關係，推進構建具戰略意義的越中命運共同體。

內地評論分析，蘇林此行彰顯中越雙方推動兩國關係，亦證明越南新領導層，用實際行動進一步維護和發展中越友好關係。"
內地8月LPR維持不變,2024-08-20 09:17,2024-08-20 09:30,cfinance,rthk,https://news.rthk.hk/rthk/ch/component/k2/1766847-20240820.htm,人民銀行公布，8月貸款市場報價利率(LPR)維持不變，1年期為3.35厘，5年期以上為3.85厘。
富力地產指香港全資附屬公司收到清盤呈請,2024-08-20 09:16,2024-08-20 09:30,cfinance,rthk,https://news.rthk.hk/rthk/ch/component/k2/1766844-20240820.htm,"富力地產公布，全資附屬公司富力香港，收到呈請人在高等法院，就富力香港未償還呈請人按比例享有的該貸款本金金額以及應付利息所提交的清盤呈請，有關呈請將於10月30日在高等法院審理。

富力地產董事會認為，對富力香港的呈請，以及上月收到對全資附屬公司兆晞的呈請，皆不代表兆晞、富力香港或公司其他持份者的利益。呈請人僅為該貸款其中一名貸款人，只持有該貸款尚未償還本金額18%。

公告又指，該貸款已有足夠抵押品，其中包括公司一家全資附屬公司的全部股權作為質押，該公司間接持有內地68間酒店及一幢寫字樓。有擔保債權人可以行使權利強制執行抵押品，而不是申請附屬公司清盤。任何此類申請清盤的嘗試都會損害價值，並會減少債權人可收回的追討。"
台股初段升逾0.5%,2024-08-20 09:08,2024-08-20 09:15,cfinance,rthk,https://news.rthk.hk/rthk/ch/component/k2/1766846-20240820.htm,台灣股市在開市初段上升，加權指數較早時報22531點，升122點，升幅0.55%。
韓軍︰一名北韓士兵今早向南韓投誠,2024-08-20 08:38,2024-08-20 08:45,cinternational,rthk,https://news.rthk.hk/rthk/ch/component/k2/1766843-20240820.htm,"南韓軍方表示，一名北韓士兵今早在靠近南北韓邊境的江原道高城向南韓投誠。

韓聯社報道，大約兩星期前，一名北韓居民穿越位於南北韓陸地邊界以西的漢江口中立區逃到南韓。"
韓股初段升約1%,2024-08-20 08:26,2024-08-20 08:45,cfinance,rthk,https://news.rthk.hk/rthk/ch/component/k2/1766840-20240820.htm,南韓股市在開市初段升近1%，首爾綜合指數較早時報2700點，升25點，升幅0.97%。
日股初段升逾1%　7-11母公司股價回吐逾1成,2024-08-20 08:20,2024-08-20 08:30,cfinance,rthk,https://news.rthk.hk/rthk/ch/component/k2/1766838-20240820.htm,"日本股市在開市初段升逾1%，日經平均指數較早時報37770點，升382點，升幅1.02%。 

7-11便利店母公司Seven & i控股上日急升近23%收市，今早初段回吐逾10%。

Seven & i控股上日宣布，收到OK便利店營運商Alimentation Couche-Tard (ACT) 的收購要約。"
明尼亞波利斯聯儲銀行總裁：討論9月減息可能性是合適,2024-08-20 07:46,2024-08-20 08:00,cfinance,rthk,https://news.rthk.hk/rthk/ch/component/k2/1766837-20240820.htm,"美國明尼亞波利斯聯邦儲備銀行總裁卡什卡利表示，討論9月減息的可能性是合適，因勞動力市場轉弱的可能性上升。

他在接受《華爾街日報》訪問時指，認為沒有理由以超過0.25厘的幅度減息，因為裁員人數仍然較低，申請失業救濟人數亦沒有顯示出明顯的惡化。

之前聖路易斯聯儲銀行總裁穆薩萊姆，和亞特蘭大聯儲銀行總裁博斯蒂克，都發表傾向於下月減息的講話。

市場關注美國聯儲局主席鮑威爾在周五Jackson Hole全球央行年會上的講話，投資者預計他將發出9月開始減息的信號。

利率期貨顯示，目前投資者預期減息0.25厘的可能性約為76%，因早前公布的通脹及核心數據按年升幅放慢、申領失業救濟人數及零售銷售數據都好過預期。"
英超聯賽　李斯特城主場1:1迫和熱刺,2024-08-20 07:06,2024-08-20 07:15,csport,rthk,https://news.rthk.hk/rthk/ch/component/k2/1766836-20240820.htm,"英格蘭超級足球聯賽，李斯特城主場1:1迫和熱刺。

熱刺29分鐘由柏度樸路拉應占士麥迪臣傳中頂入，半場領先1:0。

57分鐘，李斯特城第一次射門就命中目標，37歲老將占美華迪門前頂入，攻進他職業生涯的第8個英超揭幕戰入球，為主隊扳平比數1:1。"
意甲聯賽　雲達斯主場3:0科木　阿特蘭大作客4:0萊切,2024-08-20 07:01,2024-08-20 07:15,csport,rthk,https://news.rthk.hk/rthk/ch/component/k2/1766835-20240820.htm,"意甲聯賽，祖雲達斯主場3:0輕取升班的科木。

20歲的梅巴古拉22分鐘率先建功，為主隊先開紀錄。另一名年輕球員韋亞亦在上半場補時攻入。

下半場，甘比亞素補時1分鐘再入一球，為祖雲達斯奠定3:0勝局。

另一場，阿特蘭大作客大勝萊切4:0。阿特蘭大雖然缺少多員主將，仍憑兩名新兵比斯安連尼、利迪基分別攻入兩球勝出。"
意甲聯賽　祖雲達斯主場3:0科木　阿特蘭大作客4:0萊切,2024-08-20 07:01,2024-08-20 07:30,csport,rthk,https://news.rthk.hk/rthk/ch/component/k2/1766835-20240820.htm,"意甲聯賽，祖雲達斯主場3:0輕取升班的科木。

20歲的梅巴古拉22分鐘率先建功，為主隊先開紀錄。另一名年輕球員韋亞亦在上半場補時攻入。

下半場，甘比亞素補時1分鐘再入一球，為祖雲達斯奠定3:0勝局。

另一場，阿特蘭大作客大勝萊切4:0。阿特蘭大雖然缺少多員主將，仍憑兩名新兵比斯安連尼、利迪基分別攻入兩球勝出。"
港股美國預託證券普遍較本港收市上升,2024-08-20 06:46,2024-08-20 07:15,cfinance,rthk,https://news.rthk.hk/rthk/ch/component/k2/1766832-20240820.htm,"港股美國預託證券(ADR)普遍較本港收市上升。

金融股方面，滙控ADR較本港收市升逾2%，友邦升近1%。

至於科技股，京東ADR較本港收市升逾2%，美團和小米升近1%。"
紐約期金高收0.1%,2024-08-20 06:46,2024-08-20 07:15,cfinance,rthk,https://news.rthk.hk/rthk/ch/component/k2/1766831-20240820.htm,"現貨金在上周五創紀錄新高後稍為回軟，但仍在每盎司2500美元以上，較早時在2503美元附近。

紐約期金收市報2541.3美元，升幅0.1%。"
天文台取消黃色暴雨警告信號,2024-08-20 06:45,2024-08-20 07:15,local,rthk,https://news.rthk.hk/rthk/ch/component/k2/1766834-20240820.htm,"黃色暴雨警告信號現已取消。

受到一道廣闊低壓槽影響，本港清晨有驟雨，天文台在上午5時45分發出黃色暴雨警告信號，一個小時後取消。"
國際期油價格跌近3%　市場料加沙停火談判將繼續推進,2024-08-20 06:45,2024-08-20 07:15,cfinance,rthk,https://news.rthk.hk/rthk/ch/component/k2/1766830-20240820.htm,"國際期油價格跌近3%，市場預計加沙停火談判將繼續推進；而主要石油進口國中國對燃料需求疲弱。

倫敦布蘭特期油收市報每桶77.66美元，跌2.02美元，跌幅2.5%。

紐約期油報74.37美元，跌2.28美元，跌幅近3%。"
澤連斯基指若盟友取消對俄境內打擊限制　烏軍無需進攻庫爾斯克,2024-08-20 06:33,2024-08-20 06:45,cinternational,rthk,https://news.rthk.hk/rthk/ch/component/k2/1766833-20240820.htm,"烏克蘭總統澤連斯基表示，烏克蘭武裝部隊目前已控制俄羅斯庫爾斯克州超過1250平方公里的領土和92個村鎮。

澤連斯基又呼籲西方盟友，取消烏克蘭使用遠程武器深入打擊俄羅斯境內目標的限制，強調烏克蘭能否阻止俄軍在前線推進取決於遠程打擊能力。他又說，如果盟友取消有關限制，烏軍就無需進攻庫爾斯克。

澤連斯基又證實，在越境進攻庫爾斯克前沒有知會盟友，因為他們會反對。他又說，烏軍已在庫爾斯克實現既定目標包括建立緩衝區，並尋求在公平條件下結束戰爭。

不過，俄羅斯總統助理烏沙科夫就表明，由於烏方正發動軍事行動，俄方不會進行談判。"
美元曾跌至逾7個半月低位　市場關注鮑威爾言論,2024-08-20 05:52,2024-08-20 06:15,cfinance,rthk,https://news.rthk.hk/rthk/ch/component/k2/1766828-20240820.htm,"美元一度跌至逾7個半月低位，美元指數低見101.85，紐約尾市仍在低位附近徘徊，報101.86，跌幅近0.6%，市場關注美國聯儲局主席鮑威爾在周五Jackson Hole全球央行年會上的講話，投資者預計他將發出9月開始減息的信號。

美元兌日圓一度觸及近兩星期低位，低見145.19日圓，在紐約尾市跌幅約0.7%，報146.6日圓。

澳元兌美元曾創1個月高位，高見0.6733美元，尾市升約1%，報0.6732美元。

歐元和英鎊兌美元在紐約尾市分別升0.5%和0.3%。"
天文台發出黃色暴雨警告信號,2024-08-20 05:45,2024-08-20 06:00,local,rthk,https://news.rthk.hk/rthk/ch/component/k2/1766827-20240820.htm,"天文台在上午5時45分發出黃色暴雨警告信號。

天文台表示，一道廣闊低壓槽正為華南沿岸及南海北部帶來驟雨及狂風雷暴，雨勢有時頗大。"
道指連升5日　納指和標普500指數連升8日,2024-08-20 05:34,2024-08-20 05:45,cfinance,rthk,https://news.rthk.hk/rthk/ch/component/k2/1766826-20240820.htm,"美股3大指數收市上升，道瓊斯指數連升5個交易日，納斯達克指數和標準普爾500指數均連升8日。市場關注周五美國聯儲局主席鮑威爾在Jackson Hole全球央行年會上的講話。

道指最多曾升近250點，收市報40896點，升236點，升幅0.58%。納指收報17876點，升245點，升幅1.39%。標普500指數報5608點，升54點，升幅0.97%，納指和標指均以接近全日高位收市。

麥當勞高收逾3%，創逾5個月以來收市新高，是表現最好的道指成份股。

晶片股造好，AMD和Nvidia都升逾4%，英特爾升逾3%。大型科技股普遍向上，Alphabet和Tesla升逾2%至逾3%，亞馬遜和微軟升近1%。"
歐股收市上升,2024-08-20 05:15,2024-08-20 05:30,cfinance,rthk,https://news.rthk.hk/rthk/ch/component/k2/1766824-20240820.htm,"歐洲主要股市收市上升。

德國DAX指數收市報18421點，升99點，升幅0.54%。

法國CAC指數報7502點，升52點，升幅0.7%。

英國富時100指數報8356點，升45點，升幅0.55%。"
拜登將在民主黨全代會發言　數千人在會場外抗議政府對以色列立場,2024-08-20 04:56,2024-08-20 05:15,cinternational,rthk,https://news.rthk.hk/rthk/ch/component/k2/1766823-20240820.htm,"美國民主黨全國代表大會在芝加哥召開，為期四天。副總統賀錦麗將在星期四接受總統候選人提名。

放棄連任的總統拜登，稍後將在大會上發言，他將再次稱讚賀錦麗是最佳人選，完成他保護美國民主和挑戰共和黨候選人、前總統特朗普的工作。前國務卿希拉莉亦將會上台發言。

而在大會開幕前幾個小時，幾千名親巴勒斯坦示威者遊行到會場附一個公園，抗議拜登政府在加沙戰爭中支持以色列的立場。有示威者表示，支持賀錦麗成為民主黨總統候選人，但由於賀錦麗的政綱缺乏對以色列的武器禁運和真正停火的具體政策，因此不能投票給賀錦麗。"
布林肯稱以色列已接受有關加沙停火過渡提議並促哈馬斯接納,2024-08-20 02:42,2024-08-20 03:00,cinternational,rthk,https://news.rthk.hk/rthk/ch/component/k2/1766821-20240820.htm,"以色列總理內塔尼亞胡與到訪的美國國務卿布林肯舉行會談。

布林肯在會後表示，這次的會談具有建設性，內塔尼亞胡向他確認，以色列已接受一項關於加沙停火和釋放被扣押人員的過渡提議，他呼籲巴勒斯坦武裝組織哈馬斯亦作出相同的回應。

布林肯又說，內塔尼亞胡已承諾以色列會派出代表團參加由埃及和卡塔爾調解並定於本星期恢復的停火談判。而他星期二將前往埃及和卡塔爾，與兩國領導人會面，了解關於哈馬斯立場的最新消息。

內塔尼亞胡就在會後發表聲明，表示他已尋求在建議的首個停火階段釋放盡可能多而且仍然在生的以色列人質。"
澤連斯基稱烏軍已控制俄庫爾斯克州逾1250平方公里土地,2024-08-20 02:20,2024-08-20 02:30,cinternational,rthk,https://news.rthk.hk/rthk/ch/component/k2/1766819-20240820.htm,"烏克蘭總統澤連斯基表示，烏克蘭武裝部隊目前已控制俄羅斯庫爾斯克州超過1250平方公里的領土和92個村鎮。

澤連斯基又呼籲盟友，取消烏克蘭使用遠程武器深入俄羅斯境內的限制，強調烏克蘭能否阻止俄軍在前線推進取決於遠程打擊能力，烏克蘭正等待合作夥伴作出相關的決定。

另一方面，俄羅斯國防部在發布戰況訊息時表示，過去24小時中，俄軍防空部隊擊落49架無人機，控制了頓內茨克地區一個村鎮和一個火車站。而俄軍繼續在庫爾斯克擊退烏軍的進攻，共擊毀27輛裝甲車，包括4輛戰車。"
美眾議院調查報告指拜登濫權牟利　犯下可彈劾的行為,2024-08-20 01:44,2024-08-20 02:00,cinternational,rthk,https://news.rthk.hk/rthk/ch/component/k2/1766818-20240820.htm,"美國民主黨全國代表大會星期一起在芝加哥召開。國會眾議院的共和黨人就發布報告，指總統拜登在他兒子亨特及家族成員的商業交易中犯下可彈劾的行為。

眾議院三個委員會在長達近300頁的報告中，指控拜登濫用職權，利用自身影響力，透過外國商業交易，讓自己和家族成員獲利，而且這類行為可以追溯至2014年。不過，報告並沒有提供直接證據，證明拜登曾經利用職務，為亨特謀取利益或參與亨特的業務，而且很多指控都是發生在拜登卸任副總統之後。

眾議院議長約翰遜在聲明中未有承諾會否安排眾議院進行彈劾投票，但就鼓勵所有美國人閱讀這份報告。

由於參議院由民主黨控制，即使眾議院通過彈劾投票，拜登也不太可能被解職。而拜登上月已放棄連任，他將在明年1月20日繼任人宣誓就職後離職。"
日本跨黨派議員聯盟本月27日起訪華三天,2024-08-20 00:32,2024-08-20 00:45,greater_china,rthk,https://news.rthk.hk/rthk/ch/component/k2/1766813-20240820.htm,"日本跨黨派「日中友好議員聯盟」宣布，將於本月27至29日訪問中國。

擔任會長的自民黨前幹事長二階俊博、擔任事務局長的自民黨選舉對策委員長小淵優子等10人預計參加。

日本傳媒報道，與二階俊博關係密切的自民黨總務會長森山裕亦計劃同行。而這次訪問的目的，是為解決日中之間堆積如山的各種問題，推動政府間對話。

報道指又指，議員聯盟正爭取與包括國家主席習近平在內的中國領導人舉行會談。日方考慮在會談中，呼籲恢復因新冠疫情而停止的日本人在華短期逗留免簽證措施。"
