id,title,date,last_update,url,lead,section,source,scrape_time,news_content
bkn-20250505180610819-0505_00822_001,內地五一返程高峰　上海成最熱門入境遊目的地,2025-05-05 18:06,2025-05-05 18:06,https://hk.on.cc/cnt/news/20250505/bkn-20250505180610819-0505_00822_001.html,內地五一返程高峰　上海成最熱門入境遊目的地,上海,oncc,2025-05-05 18:15,"內地五一假期最後一日，周五（5日）將迎來返程高峰，全國鐵路預計發送旅客逾2,000萬人次，各地鐵路部門多措並舉加大出行保障力度。旅遊預訂平台數據顯示，今年五一入境遊訂單同比增加173%，上海是最熱門的入境遊目的地，國際消費數據明顯提升。內媒報道，國內多地山姆超市於假期間擠得水洩不通，熱鬧程度堪比熱門旅遊景點。

交通運輸部通報，周日（4日）全社會跨區域人員流動量預計約2.7億人次，較去年假期第4日增長7.9%。其中，鐵路客運量預計約2,000萬人次，公路人員流動量預計逾2.4億人次，水路客運量預計170萬人次，民航客運量預計225萬人次，同比增長分別14.5%、7.4%、2.3%、16.5%。假期最後一日，國鐵武漢局在漢宜鐵路、漢十高鐵、京廣高鐵、鄭渝高鐵等熱門線路加開196列列車。公路方面，浙江在省內多條高速公路應用智能化應急處置整體解決方案，運用影像AI分析進行全天候事件檢測，識別交通異常和災害災毀風險。

內地優化免簽和離境退稅政策，吸引不少外國遊客赴華旅遊消費。在上海，有商場表示，假期首三日，商場離境退稅單量共83筆，同比增長逾4倍，外國遊客主要購買的商品包括運動服飾、手錶、行李箱、手袋以及化妝品等。相關負責人表示，外國顧客發現在這裏購物比他們國內便宜。

假期間，無論是一線或二三線城市的山姆超市門店外一早便出現長長人龍。在北京順義區，有市民表示「從逛店到結帳沒有不擠的，（購物）車都推不過去」。為避開人潮，有人因此選擇在早上8時等開門，上午9時半便結帳離開。在安徽合肥，排隊的人龍直到晚上8時仍未減退。有門店工作人員稱，假期人流遠超平日周末，「站在服務台一眼望過去就跟過年一樣」。"
bkn-20250505175446095-0505_00822_001,城大邀五傳播專業人士任特約教授　包括影星張艾嘉,2025-05-05 17:54,2025-05-05 17:54,https://hk.on.cc/cnt/news/20250505/bkn-20250505175446095-0505_00822_001.html,城大邀五傳播專業人士任特約教授　包括影星張艾嘉,香港,oncc,2025-05-05 18:00,"城市大學近日邀請5位在傳播領域的專業人士擔任特約教授，希望憑藉他們在傳播領域的經驗、視野和豐富的專業知識，攜手培育在傳播領域具創意的未來領袖，並加強大學與專業界別的聯繫。其中包括日前獲頒「金桑樹終身成就獎」的著名藝術家與影視創作人張艾嘉。

城市大學指，張艾嘉是著名藝術家與影視創作人，於演藝、創作及導演等領域皆成就斐然。她曾多次獲得香港電影金像獎和金馬獎的最佳女主角獎和最佳編劇獎，並獲得香港電影評論學會、香港電影導演會最佳導演獎，專精於電影編導、視覺敍事、跨媒體創作和策略傳播。

城大媒體與傳播系系主任及講座教授黃懿慧表示，非常榮幸邀得5位在各自領域具備豐富經驗的傑出專業人士加入媒體與傳播系擔任特約教授，相信其多樣的專業知識將豐富城大學術環境，改進課程及提升教學質素，並為學生提供與業界接軌的寶貴機會和獨特見解。"
bkn-20250505174501503-0505_00822_001,馬澄坤先生即日起辭任東方企控集團榮譽主席一職,2025-05-05 17:45,2025-05-05 17:45,https://hk.on.cc/cnt/news/20250505/bkn-20250505174501503-0505_00822_001.html,馬澄坤先生即日起辭任東方企控集團榮譽主席一職,香港,oncc,2025-05-05 18:00,東方企控集團今日(5日)發布啟事，由即日起，馬澄坤先生辭任東方企控集團榮譽主席一職。
bkn-20250505171151318-0505_00822_001,推舉報濫用公屋獎被指欠宣傳　房協指屋邨已貼海報,2025-05-05 17:11,2025-05-05 17:11,https://hk.on.cc/cnt/news/20250505/bkn-20250505171151318-0505_00822_001.html,推舉報濫用公屋獎被指欠宣傳　房協指屋邨已貼海報,香港,oncc,2025-05-05 18:00,"早前有傳媒指房協推出「舉報濫用公屋獎」計劃時沒宣傳。房協今日(5日)主動指，過去半年透過多個渠道及平台進行宣傳，當中包括多次傳媒訪問，亦透過屋邨通訊刊物、在大堂當眼處張貼海報等，廣泛宣傳計劃的詳情，宣傳工作亦會在未來持續進行。

房屋署及房協早前推出「舉報濫用公屋獎」。房協至今接獲至少4宗參與舉報濫用公屋獎的個案，將會根據舉報人提供的資料進一步跟進及調查。房協表示，各屋邨辦事處亦於今年初開始在20條屋邨推行相關的宣傳工作，包括透過屋邨通訊刊物、在大堂當眼處張貼海報，並於居民應用程式及機構網站發布相關資訊等，加強轄下屋邨居民對「舉報濫用公屋獎」的認知及了解。

另外，房協表示在設立「舉報濫用公屋獎」之前，已積極宣傳鼓勵舉報濫用個案，並設立舉報熱線及網上舉報表格，因此舉報數字亦有明顯增加，由2023年的85宗，大幅上升至2024年超過400宗舉報。而作出舉報的市民不一定參與「舉報濫用公屋獎」。

房協重申，在確保有效善用公屋資源上，於這兩年做了大量工作，自2023年先後推出多項加強打擊濫用公屋措施，包括對嚴重違反租約的租戶採取更嚴厲行動，例如分租或轉租單位、在單位內進行不法活動等濫用公屋行為，房協將不予警告，直接終止租約。"
bkn-20250505170934049-0505_00822_001,全港美好家庭選舉接受報名　共設15獎項需寫文供相,2025-05-05 17:09,2025-05-05 17:09,https://hk.on.cc/cnt/news/20250505/bkn-20250505170934049-0505_00822_001.html,全港美好家庭選舉接受報名　共設15獎項需寫文供相,香港,oncc,2025-05-05 17:45,"政府在2007年成立家庭議會，宣揚仁愛家庭文化。當局公布，由民政及青年事務局和家庭議會合作舉辦的全港美好家庭選舉2025現正接受報名，歡迎居於香港的家庭參與，以宣揚良好家庭核心價值，並表揚相敬相愛、互相關懷支持的家庭，向社會及年輕一代宣揚傳承良好家風和美德。

是次活動共設15個獎項，包括10個美好家庭獎，以及5個良好家教家風傳承獎，得獎家庭將獲頒發獎座、主題樂園入場券及酒店住宿、家庭攝影服務及禮券。參賽家庭需要以中文或英文撰寫一篇文章敍述真實家庭故事和經歷，展現牢固的家庭關係、一起應對生活上各種挑戰的能力、傳承良好家風和美德等方面，並附上不多於5張家庭照片。入圍家庭將獲邀於8月上旬出席會面，至於活動的截止報名日期為6月27日。

家庭議會透過舉辦不同的項目和活動，提倡重視家庭和推廣以家庭核心價值，即「愛與關懷」、「責任與尊重」及「溝通與和諧」，作為促進社會和諧的原動力。在政策制訂過程中，就有關政策對家庭構成的影響向政策局及部門提供意見。"
bkn-20250505170126259-0505_00822_001,傳賴清德改組內閣　清除非己派系部長,2025-05-05 17:01,2025-05-05 17:01,https://hk.on.cc/cnt/news/20250505/bkn-20250505170126259-0505_00822_001.html,傳賴清德改組內閣　清除非己派系部長,台灣,oncc,2025-05-05 17:15,"台媒周一（5日）引述消息報道，賴清德將改組內閣，迎戰罷免投票及之後立法院補選。民進黨立法院黨團幹事長吳思瑤同日稱對報道真實性存疑，質疑是媒體政治操作。

民進黨內人士透露2個內閣改組時間點，一是5月底前，以專業、有口碑的新閣員強化行政能力；另一是立法院會期結束後，大罷免投票前改組，讓現有行政團隊完成義務後再調整。首波改組重點主要是引起較多民怨爭議及非賴清德派系的部門首長，包含衞福部長邱泰源、經濟部長郭智輝、防務部長顧立雄、內政部長劉世芳與發展委員會主委劉鏡清。

報道形容，面對罷免風潮與立法院對峙，當局選擇以「換兵不換將」方式，保留行政院長卓榮泰，但調整麾下團隊，以提升整體政治回應與攻防能力，朝「戰鬥內閣」轉型。對於報道，吳思瑤強調完全沒有收到相關訊息，且媒體過去所持立場與民進黨相距甚遠，應是政治操作、設定目標居多，為接下來罷免後續預先炒作藍綠對決態勢。"
bkn-20250505165539323-0505_00822_001,爬入旺角警署游走　27歲無業男被控遊蕩　還押小欖5.19再訊,2025-05-05 16:55,2025-05-05 16:55,https://hk.on.cc/cnt/news/20250505/bkn-20250505165539323-0505_00822_001.html,爬入旺角警署游走　27歲無業男被控遊蕩　還押小欖5.19再訊,香港,oncc,2025-05-05 17:15,"一名27歲無業男子於上周四(1日)疑爬入旺角警署，並於警署內四處游走，被截停後聲稱有人要殺害他。該男子最終被落案起訴一項有意圖而遊蕩罪，案件今(5日)於東區裁判法院首次提訊，被告暫毋須答辯。控方申請將案件押後再訊，待索取兩份精神科報告，以確認被告是否適合答辯。裁判官最終把案件押後至5月19日在西九龍裁判法院再訊，並拒絕被告的保釋申請，期間被告需還押小欖精神病治療中心。

被告黃志杰(27歲，無業)被控一項有意圖而遊蕩罪。控罪指被告於2025年5月1日，在旺角太子道西142號旺角警署後座西九龍衝鋒隊基地內在上述建築物的共用部分遊蕩，意圖犯可逮捕的罪行。

據庭上披露，被告過往曾有精神病史。辯方替被告申請保釋，但遭裁判官拒絕，辯方表示會保留8日保釋覆核權利，被告將於5月13日再被押解到庭，處理其保釋申請。

案件編號：ESCC 1147/2025"
bkn-20250505164934707-0505_00822_001,台軍接收16枚陸軍戰術導彈　研討聯戰機制,2025-05-05 16:49,2025-05-05 16:49,https://hk.on.cc/cnt/news/20250505/bkn-20250505164934707-0505_00822_001.html,台軍接收16枚陸軍戰術導彈　研討聯戰機制,台灣,oncc,2025-05-05 17:00,"台海局勢愈趨緊張之際，台灣陸軍已於今年1月7日接收首批16枚美國製陸軍戰術導彈。因應未來聯合作戰任務及導彈運用，台灣陸軍與海軍司令部共同研討聯戰機制，強化防衞作戰能力。

台灣陸軍以「轟雷專案」為名，向美國採購遠程精準火力打擊系統，包括29套M142高機動多管火箭系統、864枚精準火箭、84枚陸軍戰術導彈及附屬裝備，總值逾325億元新台幣（約84.5億港元）。其中，首階段11套M142高機動多管火箭系統、兩套訓練模擬器於去年9月26日獲得。

首階段接收的陸軍戰術導彈共64枚，其中48枚按原定安排今年第一季交運，倘如期付運應已全數交付。至於18套M142高機動多管火箭系統、20枚陸軍戰術導彈及864枚精準火箭，則於明年至後年交運。台灣陸軍駐美聯絡官每兩個月至兵工廠稽核進度，督促裝備及彈藥產製如期完成並付運。

射程300公里的陸軍戰術導彈運抵台灣後，過去各型導彈、火箭由不同軍種各自指揮的形態出現變化。陸軍戰術導彈射程比大部分反艦導彈遠，可達到以陸制海戰術目的。然而，台灣陸軍的雷達系統探測範圍及引導距離有限，不一定可配合陸軍戰術導彈最大射程。

隨着台灣海軍濱海作戰指揮部明年元旦成立，陸軍戰術導彈關乎長程火力運用，以及針對重大目標和大型船團攻擊火力分配問題。陸軍與海軍司令部共同研討聯戰機制，強化防衞作戰能力。美國加速交付對台軍售武器，除M142高機動多管火箭系統及陸軍戰術導彈外，首批38輛M1A2T主戰坦克已交付。至於首批5輛陸基魚叉反艦導彈發射車、1輛雷達車，預計本年上半年運抵台灣。"
bkn-20250505164021643-0505_00822_001,西貢東壩五一爆棚周地垃圾　環團籲採預約制　限每日2000人,2025-05-05 16:40,2025-05-05 16:40,https://hk.on.cc/cnt/news/20250505/bkn-20250505164021643-0505_00822_001.html,西貢東壩五一爆棚周地垃圾　環團籲採預約制　限每日2000人,香港,oncc,2025-05-05 17:15,"五一長假期有大量內地旅客訪港，西貢萬宜水庫東壩一帶連日來都被遊人逼爆，由麥理浩徑二段開始到附近幾個沙灘，沿途均布滿垃圾，帶來環境污染。有環團建議引入預約制度，限制人流，再由地質公園導賞員帶領遊覽破邊洲等景點，估計每日可接待2,000名旅客。他們擔心一旦環境被破壞，便失去生態旅遊的賣點。

綠色和平生態旅遊項目主任夏淳權今日(5日)在電台節目表示，上周六(3日)曾到西東壩一帶視察，發現破邊洲沿途的山徑及觀景台都人頭湧湧，多個旅客跨過欄杆及封鎖線「打卡」，構成安全隱憂；亦有不少旅客沿麥理浩徑覓地露營，周邊衍生垃圾問題。他認為發展生態旅遊需考慮可持續性，應優先保育環境，否則便本末倒置，建議當局學習外國措施，包括要求旅客需要出席簡介會方可報名生態旅遊等。

生態教育及資源中心總監程詩灝則指，自西貢及新界東北納入地質公園時，政府應要考慮如何管理，例如引入預約制度，亦說台灣及澳洲等地早已採取網上預約。他續指，大部分旅客會經北潭涌閘口進入東壩，可規定他們先在閘口的遊客中心登記，再等待政府認可的地質公園導賞員帶領入內兩小時流水式遊覽破邊洲等景點。程續指，目前本港有過百名合資格導賞員計算，若每日分開上、下午兩輪，每輪帶領25名旅客遊覽，估計西貢東壩每日可招待約2,000名旅客。

香港地質公園在2009年正式成為中國國家地質公園，2011年再成為世界地質公園網絡的成員，更名中國香港世界地質公園，其後再在2015年被聯合國教科文組織認可，全名為「香港聯合國教科文組織世界地質公園」。"
bkn-20250505160840308-0505_00822_001,炎夏熱捧飄色巡遊　小演員扮相維肖維妙　個個都讚好,2025-05-05 16:08,2025-05-05 16:08,https://hk.on.cc/cnt/news/20250505/bkn-20250505160840308-0505_00822_001.html,炎夏熱捧飄色巡遊　小演員扮相維肖維妙　個個都讚好,香港,oncc,2025-05-05 16:45,"長洲太平清醮今日(5日)開幕！飄色巡遊於1時半左右開始，沿途不少市民歡呼拍手尖叫，場面十分熱鬧。今次巡遊與以往一樣，有不少諷刺時弊的元素令人深刻，包括諷刺公立醫療系統加價、扮成KK園區「賣豬仔」等，也有得意可愛的電影角色「哪吒」成大熱裝扮。有初次看巡遊的市民指十分好看，氣氛熱鬧非常開心；也有居港外籍人士稱太平清醮十分有意思，今天在長洲也會盡情花費，購買紀念品贈予朋友。

飄色巡遊於下午時分開始，隊伍沿途都有大量市民駐足觀賞，更有市民裝扮成「哪吒」等心水角色出場，期間不斷揮動啦啦球，亢奮歡呼喜迎巡遊隊伍，氣氛熾熱。今年一如以往有不少諷刺時弊角色，其中有扮演成護士和整餅師傅，諷刺政府公立醫院加價，而財金官員是「阿茂整餅」，醫衞官員則形容為「加瘋正茂」；另外亦有人扮成執法部門的角色，講述今年有許多港人被「賣豬仔」到東南亞，要「逃出K嶇」。

另外最為人所共知的便是「哪吒」一角，有多個小朋友扮成熱門電影角色「哪吒」，一路上引來不少市民大呼可愛。一眾飄色小演員也十分開心，向記者表示「好好玩」，但因天氣酷熱，也有小演員在巡遊時靦腆笑稱「好想食雪糕。」

王太帶女兒一同來長洲看太平清醮飄色巡遊，她稱今年是首次來看，因為有朋友居住長洲，可以借住一晚，特地前一天便到長洲遊玩。她又稱現場氣氛十分好，人流很多非常熱鬧，對講啟德體育園開幕的巡遊隊伍尤其深刻，指扮成桌球手和穿籃球服裝扮成文體旅局局長羅淑佩的小朋友非常可愛有趣。

居港外籍人士Kieran與女友一同來玩，對飄色巡遊的表演也十分滿意，他指自己已來過長洲數次，但看飄色巡遊則仍屬首次，形容巡遊「very cool(很有型)」，有很多不同色彩且人多熱鬧，非常有趣，惟他笑指今日天氣很可怕，因為十分炎熱，之後會買些紀念品和食飯補充體力。

鍾小姐和朋友一起來看飄色巡遊，她指已是第5年來長洲參與太平清醮這項盛事，今年與以往一樣熱鬧，最深刻的角色是「哪吒」，因為自己本身也很喜歡此角，但就指今晚不會留下看搶包山比賽，因明早就要早起上班。

謝小姐帶同外國朋友來長洲看飄色巡遊，她指是首次來看，「無諗過咁多人！」對巡遊感十分開心，她又稱對「哪吒」巡遊隊伍十分深刻，因為女兒也很喜歡此角色，亦對一些諷刺時弊的角色感有趣，對小演員十分佩服，「我哋企喺度都超級熱！」認為小演員扮相可愛又有耐性，她亦指今年巡遊安排不錯，沿途都看得十分清楚，但因為實在太熱，可能以後未必會再來看。"
bkn-20250505160307665-0505_00822_001,華南將迎大範圍降雨　料影響五一返程,2025-05-05 16:03,2025-05-05 16:03,https://hk.on.cc/cnt/news/20250505/bkn-20250505160307665-0505_00822_001.html,華南將迎大範圍降雨　料影響五一返程,中國,oncc,2025-05-05 16:15,"中央氣象台預報，周一（5日）至周二（6日）南方雨勢減弱，惟周三（7日）將迎來新一輪降雨。周一（5日）北方大部分地區仍有大風和沙塵天氣，中東部氣溫多起伏。

監測顯示，周日（4日）上午8時至周一上午6時，貴州東南部、廣西東北部、廣東中北部、湖南中南部等多地出現局地大暴雨。周一至周二，南方降雨趨於減弱，較強降雨主要出現在江南中西部、華南北部等地。周三，南方地區又將自西向東迎來一次大範圍降雨過程，並伴有短時強降雨、雷暴大風等強對流天氣。

正值五一假期返程高峰期，強降雨和強對流天氣可能對京港澳高速、滬昆高速、廈蓉高速、長深高速等路段造成不利影響。此外，周一至周二，黃淮至江南一帶氣溫將明顯回升，最高氣溫30℃以上的範圍擴大，華南地區35℃及以上的高溫天氣也將增多。"
bkn-20250505154432246-0505_00822_001,城門郊野公園行山遭猴子襲擊　3女受傷送院,2025-05-05 15:44,2025-05-05 15:44,https://hk.on.cc/cnt/news/20250505/bkn-20250505154432246-0505_00822_001.html,城門郊野公園行山遭猴子襲擊　3女受傷送院,香港,oncc,2025-05-05 16:45,今午(5日)近3時，3名女子於荃灣城門郊野公園行山時，突然被猴子襲擊，有途經行山友見狀協助報案。救護員接報到場為她們包紮，3名事主其後被送往仁濟醫院治療。
bkn-20250505153117610-0505_00822_001,80%傳染病沒洗手下傳播　衛生署推手部衛生日　籲建立好習慣,2025-05-05 15:31,2025-05-05 15:31,https://hk.on.cc/cnt/news/20250505/bkn-20250505153117610-0505_00822_001.html,80%傳染病沒洗手下傳播　衛生署推手部衛生日　籲建立好習慣,香港,oncc,2025-05-05 16:00,"每年的5月5日為「手部衞生日」，衞生署指約80%傳染病是在沒徹底洗手下傳播，今年以「潔手。適時。到位」為口號推出一系列活動，呼籲市民建立正確並適時潔手的習慣，以預防傳染病的傳播。

「手部衞生日」是由世界衞生組織領導的全球倡議。衞生署衞生防護中心總監徐樂堅表示，潔手看似簡單，但對預防傳染病傳播非常有效。約80%傳染病是因為雙手接觸受污染的表面後未徹底潔淨而傳播，而單一細菌可以在6小時內迅速繁殖至1,600萬個。正確潔手可以預防約30%腹瀉相關的疾病及約20%呼吸道感染。

署方提醒，潔手除了要適時，還需到位。當雙手有明顯污垢時，應使用梘液及清水潔手。如雙手沒有明顯污垢時，可用含70至80%酒精搓手液潔淨雙手。市民應按潔手技巧7步驟，清潔雙手至少20秒，以徹底清潔手部的每一個位置，包括手掌、手背、指隙、指背、拇指、指尖及手腕。

署方亦會在醫院、衞生署及醫管局轄下的診所、健康中心、安老院舍及公廁展示海報及視覺提示，提醒市民正確潔手的重要性。"
bkn-20250505151549848-0505_00822_001,順利邨男子墮樓　砸中晾衫架獲救送院,2025-05-05 15:15,2025-05-05 15:15,https://hk.on.cc/cnt/news/20250505/bkn-20250505151549848-0505_00822_001.html,順利邨男子墮樓　砸中晾衫架獲救送院,香港,oncc,2025-05-05 15:45,"今午(5日)2時許，一名男子從秀茂坪順利邨利祥樓高處墮下，期間砸中下層一單位外的晾衫架，住戶發現後將其救回單位內及報案。救護員接報趕至，將清醒事主送往聯合醫院治理。警員正調查事主輕生原因。

防止自殺求助熱線：

香港撒瑪利亞防止自殺會： 2389 2222

生命熱線： 2382 0000

明愛向晴軒： 18288

社會福利署： 2343 2255

撒瑪利亞會熱線(多種語言)： 2896 0000

東華三院芷若園： 18281

醫管局精神健康專線： 2466 7350

利民會： 3512 2626

「情緒通」熱線： 18111

賽馬會青少年情緒健康網上支援平台「Open噏」： http://www.openup.hk"
bkn-20250505151535765-0505_00822_001,祿豐尾礦乾堆場坍塌　5人被埋生死未卜,2025-05-05 15:15,2025-05-05 15:15,https://hk.on.cc/cnt/news/20250505/bkn-20250505151535765-0505_00822_001.html,祿豐尾礦乾堆場坍塌　5人被埋生死未卜,雲南,oncc,2025-05-05 15:30,雲南省楚雄州祿豐市周一（5日）有尾礦乾堆場坍塌，導致5人被埋，生死未卜。當地正全力搜救被埋人員。
bkn-20250505150517342-0505_00822_001,飄色巡遊今午上演　諷刺體育園趕客及醫院加價,2025-05-05 15:05,2025-05-05 15:05,https://hk.on.cc/cnt/news/20250505/bkn-20250505150517342-0505_00822_001.html,飄色巡遊今午上演　諷刺體育園趕客及醫院加價,香港,oncc,2025-05-05 15:30,"炎炎夏日之下，太平清醮飄色巡遊約15台飄色今午(5日)猶如流動真人新聞幻燈片在長洲大街小巷穿梭上演，有飄色以啟德體育園趕客事件為主題，亦有以諷刺公共醫療收費加價的「加瘋正茂」為主題；另有多台飄色以「哪吒」為主題，配合早前上映、破全球票房的內地電影。

天文台今午約1時錄得攝氏29度，約15台車如常下午1時半於長洲北帝廟出發，穿梭大街小巷。打頭陣有惠海陸同鄉會的「我愛香港」，背景為啟德體育園，「色芯」則分別穿上體育服裝及西裝。據負責人早前透露是扮演文化體育及旅遊局局長羅淑佩、桌球運動員「奧蘇利雲」，是諷刺啟德體育園開幕首個活動「趕客」事件。另一台則以內地現象級動畫影片《哪吒之魔童鬧海》為主題。

炎熱天氣亦無阻礙市民觀賞飄色巡遊的雅興，沿途吸引大批市民及遊客圍觀。他們早有防暑準備，風扇仔、毛巾、太陽帽等紛紛出動，部分人更坐在巡遊路線所經的樓宇露台圍欄上欣賞，而各台飄色上擔任「色芯」的小朋友向觀眾揮手時，眾人均歡呼。"
bkn-20250505150016418-0505_00822_001,傳私家車撞巴士站釀7死　警方暫無通報,2025-05-05 15:00,2025-05-05 15:00,https://hk.on.cc/cnt/news/20250505/bkn-20250505150016418-0505_00822_001.html,傳私家車撞巴士站釀7死　警方暫無通報,山東,oncc,2025-05-05 15:15,"山東省棗莊市下轄滕州市周日（4日）下午網傳有私家車衝撞巴士站，懷疑造成至少7人死亡。警方暫無通報。

網傳事發位於滕州市善國路，閉路電視畫面顯示，一輛黑色私家車在車輛間高速左穿右插，之後撞向路邊巴士站。多名候車民眾走避不及捱撞，倒臥地上。警方用藍色屍袋覆蓋多具屍體，並帶走一名年輕男子。網民聲稱兩名年輕司機酒後駕駛，躲避前車時扭軚失控。

網民指，事後巴士站已更換座椅，上蓋重新扶正，被撞倒的路燈也已拆除。市民到現場獻花悼念死者。"
bkn-20250505144924018-0505_00822_001,醫管局擴中西醫協作　適用病症增至6種　擴至65個醫院服務點,2025-05-05 14:49,2025-05-05 14:49,https://hk.on.cc/cnt/news/20250505/bkn-20250505144924018-0505_00822_001.html,醫管局擴中西醫協作　適用病症增至6種　擴至65個醫院服務點,香港,oncc,2025-05-05 15:00,"醫管局擴展中西醫協作計劃，今年首季起推展至26間公立醫院共65個指定服務點，亦增至6個指定病種。其中，呼吸科治療先導項目去年4月在靈實醫院首次試行，至今為逾120名病人提供服務，項目已擴展至九龍醫院、律敦治醫院及葛量洪醫院。

人口老化挑戰，醫管局前年將中西醫協作計劃原有3個指定病種服務常規化，今年首季再新增3個先導項目，包括癌症治療、呼吸科治療及膝骨關節炎治療。病人繼續可獲政府資助，每次只收中醫診金120港元，領綜援人士免費。

其中靈實醫院去年4月起，邀請患哮喘、支氣管擴張或慢性阻塞性肺病的住院病人，接受中西醫團隊共同診症及制訂治療方案，獲30%病人參與，共約120人，平均年齡約75歲。而不同意參與計劃的病人主要是因為要額外付費或未吃過中藥，擔心藥物和「相沖」。中西醫團隊會共同制訂臨床治療方案，亦會參與巡房和會診等。

靈實香港中文大學中醫診所註冊中醫師田晶表示，不少病人有氣喘、胸悶、咳血等重症，在服用西藥抗生素後，病人腸胃會不適，例如腹瀉、胃口不好或便秘。中藥可發揮其優勢，中醫團隊會透過中藥及針灸，緩解呼吸道的問題，提高病人的正氣和免疫力，加速病人好轉，與西藥互補互惠，提升治療效果，減少發病頻率。

醫管局又透露，計劃有超過100位中醫師參與，會在累積經驗後，會探索其他服務模式，例如在門診與病人做中西醫協助服務。局方又指，先導項目未來會擴展到涵蓋更多病種，暫時會集中應對會對醫療系統造成相對大壓力的慢性病和長者病。"
bkn-20250505143232524-0505_00822_001,荃灣及青衣「放蛇」打擊白牌車　拘兩私家車司機,2025-05-05 14:32,2025-05-05 15:35,https://hk.on.cc/cnt/news/20250505/bkn-20250505143232524-0505_00822_001.html,荃灣及青衣「放蛇」打擊白牌車　拘兩私家車司機,香港,oncc,2025-05-05 15:45,"新界南區執法部門於今日(5日)進行打擊非法載客取酬(俗稱「白牌車」)的行動。行動中，該部門派員喬裝乘客，於荃灣及青衣進行「放蛇」，期間分別登上兩輛私家車前往港珠澳大橋香港口岸。到達目的地後，警員以涉嫌「利用汽車作非法出租或取酬載客用途」及「沒有第三者保險而使用車輛」拘捕該兩名分別30歲及60歲的本地男司機，涉案私家車亦被扣留檢驗。據了解，被捕人士有一人為車主，另一人所駕駛的車輛由家人登記，每程車收費100多港元至300多港元不等。

執法部門呼籲市民，出行時必須使用合法的公共交通工具，相關車輛如被用作非法載客取酬，相關的第三者責任保險可能失效，其他的道路使用者，包括乘客或行人，均可能失去應有的保障。根據《道路交通條例》，所有私家車必須領有相關許可證，才能合法載客取酬。違例者一經定罪，最高可被罰款1萬港元及監禁6個月；再干犯者，最高可被罰款2.5萬港元及監禁12個月。涉案車輛亦可能被吊銷車輛牌照及扣留6個月。"
bkn-20250505142909385-0505_00822_001,華商撕票案女疑犯在逃　菲警提高懸紅金額,2025-05-05 14:29,2025-05-05 17:15,https://hk.on.cc/cnt/news/20250505/bkn-20250505142909385-0505_00822_001.html,華商撕票案女疑犯在逃　菲警提高懸紅金額,中國,oncc,2025-05-05 17:30,"菲律賓華商郭從願遭撕票案，警方周一（5日）宣布將懸紅金額提高至1,000萬元（菲律賓披索，下同，約139萬港元），尋求知情人提供有關在逃中國籍女疑犯龔文麗下落的線索。

國家警察發言人法哈多指，龔文麗涉嫌依照案中疑犯楊建民指示，誘騙郭從願前往布拉干省一處住宅，其他疑犯之後在該處拘禁並殺害郭從願及其司機。她亦涉嫌策劃從電子錢包轉移贖金，再轉換為加密貨幣。警方最後一次獲得龔文麗行蹤是在上月21日，地點是長灘島。

龔文麗另被控於2022年9月，在邦板牙省安赫萊斯市綁架一名中國公民，並索要贖金。她於2024年因涉嫌綁架被捕，其後獲准以30萬元（約4.17萬港元）現金保釋。"
bkn-20250505141639300-0505_00822_001,LEGO機械人世界賽　本地中學奪第4名　刷新香港歷來最佳成績,2025-05-05 14:16,2025-05-05 14:16,https://hk.on.cc/cnt/news/20250505/bkn-20250505141639300-0505_00822_001.html,LEGO機械人世界賽　本地中學奪第4名　刷新香港歷來最佳成績,香港,oncc,2025-05-05 14:30,"有本地中學參與FIRST LEGO League世界錦標賽，設計和編程LEGO機械人完成一系列高難度任務，在全球超過60個國家、160多支隊伍當中脫穎而出，即使比賽期間遭遇機械人失靈等突發狀況，亦迅速調整策略，最終在機械人表現項目勇奪以615分第四名，僅差5分便可獲得滿分，刷新香港隊伍於此項目歷來最佳成績。

聖公會白約翰會督中學10位中學生組成「Rock and Roll」隊，獲選代表香港出戰國際賽，在4月16至19日在美國德州休斯敦參與2025年度FIRST LEGO League世界錦標賽，今屆賽事則以「SUBMERGED」（海洋探索）為主題。

隊員林頌恩提及距離比賽僅餘一天時，臨時需要更改機械人零件，當時已經過了練習時間，若未能及時完成調整，便會損失不少分數，當刻全隊人都感到十分憂慮，但最後都終齊心協力，想出解決方案，順利克服挑戰。另一隊員李樂謙則指，今次最深刻的體會，是能夠與來自世界各地、同樣熱愛機械人的隊伍交流切磋，令他大開眼界。

帶隊老師、聖公會白約翰會督中學顧耀表示，在比賽的過程當中見證學生在逆境中自我突破，感到欣慰，尤其是第一回合機械人突然失靈，未能取得理想分數，但同學們並沒有因此氣餒或失措，反而迅速調整心態，重新部署，為後續的比賽做好準備。"
bkn-20250505141315626-0505_00822_001,沙田6旬漢扒手當場被捕　疑涉區內6宗投注站扒竊案,2025-05-05 14:13,2025-05-05 14:13,https://hk.on.cc/cnt/news/20250505/bkn-20250505141315626-0505_00822_001.html,沙田6旬漢扒手當場被捕　疑涉區內6宗投注站扒竊案,香港,oncc,2025-05-05 15:15,"沙田區警員於4至5月期間，針對區內的扒竊案件進行調查及行動。經過情報搜集及分析，警員於昨日（4日）下午進行反扒竊行動，於區內一投注站內發現一名男子形跡可疑，遂上前截查。

經初步調查後，相信該名男子以報紙遮掩旁人視線，從而扒竊一名91歲本地男子衣袋內約2千元現金。該名姓曾(69歲)本地男子涉嫌「扒竊」被捕，警員亦在其身上起回屬於受害人的現金。該名被捕男子現正被扣留調查。

經進一步調查，相信該名被捕男子亦涉嫌與3至4月在沙田區投注站內發生的5宗扒竊案件有關，5宗案件涉及總值約1萬3千元的財物。"
bkn-20250505140101811-0505_00822_001,中埃空軍聯合訓練結束　演練制空作戰,2025-05-05 14:01,2025-05-05 14:01,https://hk.on.cc/cnt/news/20250505/bkn-20250505140101811-0505_00822_001.html,中埃空軍聯合訓練結束　演練制空作戰,中國,oncc,2025-05-05 15:00,"中國和埃及聯合空軍訓練「文明之鷹-2025」周日（4日）在埃及空軍基地閉幕，為期18天的聯合訓練，雙方圓滿完成制空作戰、壓制防空、戰場搜救、混合編組等課目訓練。

今次是中國空軍首次出動體系力量赴非洲開展聯合訓練，進駐後短時間內即完成裝備展開、理論授課、任務規劃、指控協同等準備工作，順利實現首飛，體現中國空軍遠程投送、敏捷部署和體系作戰能力。訓練期間雙方圍繞組訓模式、空戰戰術、空中加油等內容研討交流。

中國官媒形容，中埃兩國空軍首次組織聯合訓練，是兩國軍事合作道路上的一個新的起點和里程碑，不僅是雙方提高技戰術水平的實踐平台，也是深化友好、互信、合作的有力契機，為增進兩軍友誼互信、推動兩軍務實合作交流奠定堅實基礎。"
bkn-20250505134159985-0505_00822_001,英日意軍艦南海過航演習　華促尊重主權,2025-05-05 13:41,2025-05-05 13:41,https://hk.on.cc/cnt/news/20250505/bkn-20250505134159985-0505_00822_001.html,英日意軍艦南海過航演習　華促尊重主權,中國,oncc,2025-05-05 15:00,"意大利海軍周日（4日）發布照片稱，近日與英國和日本軍艦在南海舉行過航演習。中國駐英國大使館敦促英方尊重中方在南海的領土主權和海洋權益，停止搬弄是非、挑撥離間，切實停止損害南海地區和平穩定。

照片顯示，意大利海軍護衞艦安東尼奧·馬塞利亞號、英國皇家海軍巡邏艦斯佩號、日本海上自衞隊護衞艦矢矧號聯合過航南海。中國駐英國大使館強調，中國在南海權益是在長期歷史過程中形成，有充分的歷史和法理依據，英方拿着非法、無效的南海仲裁裁決說事，絲毫不能影響中方依法維護自身領土主權和海洋權益的堅定決心和堅強意志。

另外，中國海南省文昌市清瀾海事局發布航行警告，周一（5日）晚上6時30分至8時30分，在南海部分水域進行軍事訓練，禁止駛入。"
bkn-20250505130016723-0505_00822_001,解放軍儀仗隊　將分赴俄白參加衞國戰爭勝利日閱兵,2025-05-05 13:00,2025-05-05 13:00,https://hk.on.cc/cnt/news/20250505/bkn-20250505130016723-0505_00822_001.html,解放軍儀仗隊　將分赴俄白參加衞國戰爭勝利日閱兵,中國,oncc,2025-05-05 13:15,中國國防部周一（5日）宣布，應俄羅斯、白羅斯國防部邀請，中國解放軍儀仗司禮大隊儀仗分隊將於周五（9日）分別參加在俄羅斯莫斯科、白羅斯明斯克舉行的紀念蘇聯衞國戰爭勝利80周年閱兵活動。
bkn-20250505125435966-0505_00822_001,近千遊客滯留山上8小時　張家界景區道歉,2025-05-05 12:54,2025-05-05 12:54,https://hk.on.cc/cnt/news/20250505/bkn-20250505125435966-0505_00822_001.html,近千遊客滯留山上8小時　張家界景區道歉,湖南,oncc,2025-05-05 13:45,"內地五一假期間，湖南省張家界市武陵源風景名勝區客流激增。日前傳有上千名遊客深夜滯留山上，齊齊高呼退票。張家界市武陵源區委旅遊工作委員會辦公室周日（4日）就事件道歉。

多名網民上周五（2日）在社交平台反映稱，湖南張家界國家森林公園景區出現人滿之患，天梯排隊3小時拍攝不到2分鐘，晚上等候7、8個小時才能落山。景區客服工作人員表示，假期景區客流量會比平時大，「但都是正常疏散，就是排隊的時間要長一點」。對遊客反映排隊時間較長的情況，該工作人員稱景區正在積極應對。

武陵源區政府通報解釋，當地景區上周六客流激增，當晚7時20分至晚上8時30分返城車流高峰時段，張家界國家森林公園南門至武陵源城區的部分路段擠塞，車輛通行受阻，導致接駁車輛通行效率降低，部分遊客在景區南門外棲鳳崗亭候車處滯留。景區其後增加接駁車輛，同晚9時53分將遊客全部接送完畢。

此外，對於五一假期間，景區存在遊客乘坐升降機、纜車、環保車排隊時間較長等現象，區委旅遊工作委員會辦公室認為，情況反映景區在旅遊高峰時段的綜合管理能力有待改善，對所有受影響的遊客致歉。"
bkn-20250505124824320-0505_00822_001,餐飲業指內地消費模式轉變　五一長假期整體消費額較去年下降,2025-05-05 12:48,2025-05-05 12:48,https://hk.on.cc/cnt/news/20250505/bkn-20250505124824320-0505_00822_001.html,餐飲業指內地消費模式轉變　五一長假期整體消費額較去年下降,香港,oncc,2025-05-05 13:15,"今日是內地五一長假期最後一日，香港餐飲聯業協會會長黃家和表示，雖然不少內地旅客消費模式轉變，整體消費金額較去年下降，但由於他們會到不同地區遊覽，每到一區都令當區食店受惠，尤其價錢較大眾化及會利用內地社交媒體宣傳的食肆，營業額都有所上升。

他又指除了長假期內地訪港人數較去年有所上升之外，留港的市民亦較復活節時多，令市面人流暢旺。

在零售業方面，批發及零售界議員邵家輝指人流較去年增加，主要受惠於自由行城市增加及深圳一簽多行政策，令市面零售情況理想，加上臨近母親節，部分市民會出外選購禮物，都帶動近幾日零售數據造好。他從業界得悉部分旅遊區，包括珠寶、化妝品及海味的銷售都有近30%升幅，形容對疲弱的零售市道是強心針。

九龍珠石玉器金銀首飾業商會監事長劉克斌亦表示，業界整體生意額較去年同期上升超過30%，超出預期，平均單價亦比過去幾個月增加超過40%。他指受地緣政治影響，金價持續上升，創出歷史高位，令他們原先對五一長假期的生意不感樂觀，但結果卻出乎預料地好。

他指本港沒有稅項，金價相對內地吸引，加上款式多，見到很多內地客都是購買婚嫁金飾，價單較大，提高銷售額。"
bkn-20250505123630080-0505_00822_001,葵涌警車撞外賣電單車尾南亞鐵騎士受傷送院,2025-05-05 12:36,2025-05-05 15:47,https://hk.on.cc/cnt/news/20250505/bkn-20250505123630080-0505_00822_001.html,"葵涌警車撞外賣電單車尾　南亞鐵騎士受傷送院


葵涌發生涉及警車的交通意外。今午(5日)12時10分，一輛警車沿高芳街往興盛路方向行駛，當駛至兩街交界一處「停」線時，撞及前方準備駛入興盛路的1輛外賣電單車。救援人員接報到場，該名南亞裔電單車男司機右手受傷，清醒由救護車送往瑪嘉烈醫院治理。意外後，被撞外賣電單車由電單車司機的友人駛",香港,oncc,2025-05-05 18:00,"葵涌發生涉及警車的交通意外。今午(5日)12時10分，一輛警車沿高芳街往興盛路方向行駛，當駛至兩街交界一處「停」線時，撞及前方準備駛入興盛路的1輛外賣電單車。救援人員接報到場，該名南亞裔電單車男司機右手受傷，清醒由救護車送往瑪嘉烈醫院治理。意外後，被撞外賣電單車由電單車司機的友人駛走。意外的原因仍有待調查。

涉及警車的交通意外頻生，反映警員駕駛態度、訓練，以至警車維修保養等問題叢生。4月3日，2輛警察電單車沿葵涌道荔枝角大橋往九龍方向行駛，期間懷疑意外相撞，車上2名交通警員均人仰車翻，雙雙擦傷手腳，清醒由救護車送院治理。

3月17日，1輛警車沿青山公路元朗段往屯門方向、駛至近擊壤路交界時，懷疑收掣不及撞向1輛貨車的尾板，2車上無人受傷。"
bkn-20250505121155069-0505_00822_001,飄色巡遊攤販乘機擺檔售凍飲茶果　「租櫈仔」生意一般,2025-05-05 12:11,2025-05-05 12:11,https://hk.on.cc/cnt/news/20250505/bkn-20250505121155069-0505_00822_001.html,飄色巡遊攤販乘機擺檔售凍飲茶果　「租櫈仔」生意一般,香港,oncc,2025-05-05 12:30,"長洲太平清醮今日（5日）舉行！臨近飄色巡遊即將開始，不少市民都開始到巡遊路線等候；巡遊路線途中也有一些攤販乘機擺檔，以凍飲茶果作招徠；更有部分攤檔以「租櫈仔」吸客，希望生意暢旺，不過店主坦言今年「租櫈仔」生意一般，暫時只有數名客人租用，價錢與以往差不多，約50至100港元一張櫈仔。

小販檔檔主張女士表示，今年人流不俗，但生意一般，認為或未到最高峰巡遊時間，故仍有待人潮進一步增加帶動銷情。她指自己主要販售茶果及凍飲，暫未有出售平安包相關貨品，希望趁天氣熱能捉住遊客心理，大賺一筆。

專售乾貨海味店負責人楊女士則指，以往亦有出租櫈仔服務，但今年「有人問，但租就唔係多」，因以去年經驗來看巡遊前的時間已預約爆滿，但現時只問不租的人較多。而「租櫈仔」的價格與去年相若，約為50至100港元，她指會視乎位置而變更價格，例如在店門正中可見飄式巡遊的櫈仔價格最貴，而店旁觀賞位置較差的櫈仔則較便宜。"
bkn-20250505120300693-0505_00822_001,捲千人計劃被定罪　哈佛前教授入職清華大學,2025-05-05 12:03,2025-05-05 12:03,https://hk.on.cc/cnt/news/20250505/bkn-20250505120300693-0505_00822_001.html,捲千人計劃被定罪　哈佛前教授入職清華大學,廣東,oncc,2025-05-05 13:45,"因捲入中國「千人計劃」被入罪的美國哈佛大學前教授利伯（Charles Lieber），日前宣布全職加入清華大學深圳國際研究生院，並受聘為清華大學講席教授。

清華大學深圳國際研究生院日前舉行講席教授聘任儀式，清華大學副校長王宏偉稱像利伯這樣全球知名的科學家加入，是對清華大學發展的高度認可，必將推動清華大學和深圳市在材料科學和生物醫學工程領域的發展。利伯表示，他未來的目標是在深圳打造全球科技中心、實現更多的科學夢想。

2018年，美國時任總統特朗普啟動「中國行動計劃」，利伯於2020年被逮捕。美國司法部披露，利伯與中國「千人計劃」簽訂3年合約，他同意在武漢理工大學建立研究實驗室，並代表學校發表論文、組織國際會議和申請專利。該校每月支付他約5萬美元（約39萬港元），並提供約190萬美元（約1,482萬港元）生活費及研究經費。美國檢方稱，利伯隱瞞了上述實情並作出虛假陳述。2023年，他被判處2年監督釋放，其中前6個月居家軟禁。"
bkn-20250505114127673-0505_00822_001,薄扶林菲傭單位內暈倒當場證實不治,2025-05-05 11:41,2025-05-05 11:41,https://hk.on.cc/cnt/news/20250505/bkn-20250505114127673-0505_00822_001.html,"薄扶林菲傭單位內暈倒　當場證實不治


今日(5日)早上10時42分，薄扶林碧荔道一單位有住戶報案，指發現其外傭在上址一房間懷疑暈倒。救護員接報到場，證實該名61歲的菲律賓籍女傭已死亡。警員經初步調查，將案件列作「屍體發現」處理，死因有待驗屍後確定。",香港,oncc,2025-05-05 14:30,今日(5日)早上10時42分，薄扶林碧荔道一單位有住戶報案，指發現其外傭在上址一房間懷疑暈倒。救護員接報到場，證實該名61歲的菲律賓籍女傭已死亡。警員經初步調查，將案件列作「屍體發現」處理，死因有待驗屍後確定。
bkn-20250505110709993-0505_00822_001,女子醫院接受靜脈注射　現過敏反應亡,2025-05-05 11:07,2025-05-05 11:07,https://hk.on.cc/cnt/news/20250505/bkn-20250505110709993-0505_00822_001.html,女子醫院接受靜脈注射　現過敏反應亡,湖北,oncc,2025-05-05 11:30,"湖北省一名大學女生上月因腹痛而前往宜昌市中心人民醫院就診，並接受靜脈注射，期間出現頭孢菌素類抗生素過敏反應，5天後身亡。她的父親認為是院方疏忽導致悲劇，希望獲賠償及道歉。經多次協商，院方始終不同意道歉。

19歲的陶蘭（化名）上月15日晚上前往醫院西陵院區急診內科就診，獲診斷為腸胃炎後，在院內接受靜脈注射，期間突感身體不適、呼吸急促。她起身呼救，卻發現身邊沒有醫護，遂自行拔掉針管，隨即陷入昏迷。經路人發現後，她接受搶救，直至上月20日離世。

陶蘭的父親質疑，院方處方頭孢前，未為其女做皮膚敏感測試，也未安排護士看護，導致患者出現過敏反應時，周邊無醫護人員，被迫拔針自救。醫院醫患關係科指出沒有相關規定要求，不做皮試沒有不妥，院方是出於人道主義與患者家屬調解，而非認為醫護存在過錯。

宜昌市衞生健康委醫政科工作人員稱，醫療事故不以醫院或患者評價為準，需做鑑定，因事件中醫患雙方均未申請，無從談論對錯及責任劃分。"
bkn-20250505110124464-0505_00822_001,黃石公園車禍華公民5死8傷　副總領事促警查明成因,2025-05-05 11:01,2025-05-05 11:01,https://hk.on.cc/cnt/news/20250505/bkn-20250505110124464-0505_00822_001.html,黃石公園車禍華公民5死8傷　副總領事促警查明成因,中國,oncc,2025-05-05 11:30,"美國愛達荷州黃石國家公園於當地上周四（1日）發生嚴重交通事故，造成7死多傷，其中5名死者及8名傷者是中國公民。內媒周一（5日）報道，中國駐三藩市總領事館副總領事周茂義指已派小組會見當地警局負責人，要求盡快查明事故原因，並向中方通報。

中國駐三藩市總領事館高度重視事件，成立工作小組前往當地，周茂義指中方人員認真查看了事故地點，聽取美方交代現場救援情況，中方對事故造成多人不幸傷亡深感痛心，對遇難者表示深深的哀悼，將盡全力繼續協助中國同胞和傷者。

周茂義表示，工作小組會見了負責案件調查的當地警局負責人，警方表示十分重視今次事故，已安排專門團隊負責，仍在進行調查。工作小組也去醫院探望了住院接受治療的傷者，他們傷勢整體穩定，有的接受完手術正在恢復，有的預計很快就可以出院。"
bkn-20250505105922482-0505_00822_001,落馬洲站出境高峰掃二維碼網絡「塞車」　方保僑稱兩地電訊商須改布局,2025-05-05 10:59,2025-05-05 10:59,https://hk.on.cc/cnt/news/20250505/bkn-20250505105922482-0505_00822_001.html,落馬洲站出境高峰掃二維碼網絡「塞車」　方保僑稱兩地電訊商須改布局,香港,oncc,2025-05-05 11:30,"港鐵落馬洲站上周五(五一長假期第二日)分別在早上時段的入閘方向，以及晚上時段的出閘方向，由於較多乘客同一時間透過手機啟動車票二維碼 (QR code)以作乘車之用，車站的流動數據及免費Wi-Fi未能應付，以致乘客需要較長時間連接網絡取得車票二維碼。資訊科技商會榮譽會長方保僑今日(5日)在電台節目表示，現時旅客使用的乘車碼為「動態二維碼」，系統每隔一段時間會生成新的二維碼，相信當日因網絡擠塞，系統無法生成二維碼，亦無法使用「離線二維碼」。

方指出，內地旅客抵港時普遍集中使用兩間電訊商的數據漫遊服務，導致網絡擠塞，旅客因; 此改用港鐵站內的Wi-Fi，本港雖然有四間主要的電訊商，最終仍要靠兩地的電訊商協調，研究改變網絡布局，平均使用本地電訊商的數據，才可避免同類事件再發生。"
bkn-20250505103257579-0505_00822_001,粉嶺私家車村路失控撼穿圍板撞村屋　女司機受傷送院,2025-05-05 10:32,2025-05-05 10:32,https://hk.on.cc/cnt/news/20250505/bkn-20250505103257579-0505_00822_001.html,粉嶺私家車村路失控撼穿圍板撞村屋　女司機受傷送院,,oncc,2025-05-05 12:45,"粉嶺一條村路發生交通意外，今日(5日)早上10時許，一輛私家車沿村路往獅頭嶺村方向行駛時，駛至丹竹坑村附近一個彎位時失控，向右衝出村路撞穿路邊石屎壆上鋅鐵圍板，再撞中一間鐵皮屋村屋停下，車底擱在約一呎高的石壆上，車上年約70歲司機被困。

救援人員接報到場，將被困女司機救出，她手腳擦傷，由救護車送往北區醫院治理。有人報稱避狗肇禍，警員正調查意外經過及起因。被撞村屋租戶張小姐表示，事發時聽到一聲巨響及感受到恍如地震般的震動。她走出屋外視察後，發現圍板被撞毀，村屋則並無大損毀。但屋外其中1條食水喉被撞毀，致沒有食水供應，其他喉管則有待私家車移走後檢查確定。她又稱，上址經常有村民等候小巴或者避車，幸好事發時無人。屋外的鋅鐵圍板過往亦有被貨車駛經時撞毀，車輛駛經時司機應減速。"
bkn-20250505101559533-0505_00822_001,太平清醮今開鑼　截至中午逾1.2萬人入長洲盼睇飄色,2025-05-05 10:15,2025-05-05 15:59,https://hk.on.cc/cnt/news/20250505/bkn-20250505101559533-0505_00822_001.html,太平清醮今開鑼　截至中午逾1.2萬人入長洲盼睇飄色,香港,oncc,2025-05-05 16:00,"一年一度長洲盛事太平清醮今日（5日）開鑼。不少市民一早到中環碼頭排隊搭船入長洲，人潮不絕，有市民指以前曾看過一次太平清醮，今日特地和女兒朋友重遊舊地，感到十分開心雀躍；有來自廣州的遊客則指對太平清醮十分期待，直言是首次觀看，特地為此多留一天在港，最希望可以嘗試長洲名物之一的長洲糯米糍。新渡輪表示，由上午8時至中午12時，接載約12,300人次往長洲，較去年同期減少約10%，已增加由中環開往長洲的航班數目超過兩倍，平均每小時安排4至5班航班。

記者今早約9時半到中環5號碼頭視察，碼頭一帶已實施人潮管制，市民需循執法人員指示排隊。每當有船即將開出，等待入長洲的賓客便會排出碼頭外圍，目測有數百人輪候，人流如鯽非常暢旺。

何女士與女兒和朋友一同前來，她表示以前曾看過太平清醮，但已相隔多年，今日趁女兒和朋友有空便想故地重遊，認為「飄色巡遊都幾好睇」，希望可以再看一次，她又笑言今日天氣不錯，已做足防曬準備，晚上的搶包山比賽則視乎人數多寡再作決定。

來自廣州的蘇小姐與家人三人一同來港，她稱剛好是五一長假有親戚居住長洲推薦她們來看，便決定多留一日在港看太平清醮，又指整個五一長假她已花逾4萬港元，預計今日也會有不少玩樂飲食花費，除了飄色巡遊外，她們也會去沙灘玩水，但因為明日中午左右便要回程，故不會留在長洲住宿一晚，未必會留低看搶包山比賽。"
bkn-20250505101104572-0505_00822_001,濫施關稅損人害己　謝鋒促美平等尊重互惠態度談判,2025-05-05 10:11,2025-05-05 10:11,https://hk.on.cc/cnt/news/20250505/bkn-20250505101104572-0505_00822_001.html,濫施關稅損人害己　謝鋒促美平等尊重互惠態度談判,中國,oncc,2025-05-05 10:30,"中國駐美大使謝鋒上周六（3日）談論美國經貿政策時強調，經貿關係不是零和遊戲，濫施關稅損人害己，如果美方準備要談，就應當拿出平等、尊重、互惠的態度。

謝鋒在大使館開放日暨甘肅省推介活動上致詞，強調歷史證明開放帶來進步，封閉必然落後，各國優勢互補是生產力發展的客觀要求，經貿關係不是零和遊戲，貿易壁壘如同抽刀斷水。美國從國際貿易中受益頗豐，既享受了來自全球物美價廉的商品，又在金融、科技、服務等高附加值領域佔據明顯優勢。2022年美資企業在華銷售額就比中資企業在美銷售額多出4,000多億美元（約3.12萬億港元）。

謝鋒重申，中美經貿合作總體是平衡、雙贏，濫施關稅損人害己，干擾企業正常生產經營和民眾生活消費，引發全球金融市場劇烈波動，破壞世界經濟長期穩定增長。中方不願打關稅戰，但不怕打，堅定維護自身正當權益及國際經貿秩序。"
bkn-20250505100341867-0505_00822_001,滑坡巨石滾落公路　越野車與死神擦肩,2025-05-05 10:03,2025-05-05 10:03,https://hk.on.cc/cnt/news/20250505/bkn-20250505100341867-0505_00822_001.html,滑坡巨石滾落公路　越野車與死神擦肩,四川,oncc,2025-05-05 10:15,"四川省阿壩州汶川縣臥龍鎮熊貓大道一處山道拐彎處，上周六（3日）突然天降滑坡巨石，一輛黑色越野車堪堪駛過兩秒，猶如與死神擦肩而過。臥龍鎮交警隊稱滑坡未造成人員傷亡，已派員到場清理，涉事道路通行正常。

事發於上周六下午，後車行車記錄儀正好拍到，黑色越野車於下午1時57分47秒剛要轉過一處隘口時，山上突有一塊石頭砸在其後方。越野車車主未有停留，繼續前行，後車則減速停車。

僅兩秒後，一片巨石、碎石及滑坡體從旁邊陡峭山體上滾落，砸在公路之上。拍片後車開始後退，旁邊一輛白色商務車也驚險地停在滑坡體數米遠處，未被砸中。"
bkn-20250505095438757-0505_00822_001,投資推廣署料上半年招商引資增長較大　下半年節日因素或令進度放慢,2025-05-05 09:54,2025-05-05 09:54,https://hk.on.cc/cnt/news/20250505/bkn-20250505095438757-0505_00822_001.html,投資推廣署料上半年招商引資增長較大　下半年節日因素或令進度放慢,香港,oncc,2025-05-05 10:45,"投資推廣署署長劉凱旋接受電台訪問表示，今年首4個月，有223間公司落戶香港或加大本地投資，投資額達200多億港元，創造4,900多個職位，按年升近1倍。預料上半年招商引資會有較大增長，下半年因有暑假及聖誕節，節日因素或令進度放慢。

劉又稱，投資推廣署已協助約170間家族辦公室在港成立，另有約150間正在商討中，有信心今年底可達到不少於200間的目標。她稱，香港具備超級聯繫人的角色，內地不少創科、物流、貿易企業想「出海」發展，首選香港作為跳板，是「出海」的理想平台。由於內地市場競爭大，能夠成功「出海」的企業本身能力已經很高，香港可以為他們的科研成果應用、IP保護、商業化提供助力，香港亦可發揮類似展銷廳的角色，讓外國企業見到這些內地企業的成果。

劉續稱，美國關稅戰對香港有危亦有機，美方單方面做出霸凌行為，香港應把握機會更加發揮「超級聯繫人」角色，並把握這個時代大轉機，不排除會令全世界除了美國以外，其他國家與地區將拉攏得更緊密、更正常化、更直接合作。她又指。以貿易數字看，美國本身外貿佔比很低，只有兩成多，歐洲則佔近半，歐洲國家不可以不進行貿易或單靠自己內部需求。中國推行「雙循環」，既有「內循環」，亦有對外貿易，只要朝著深化國際交往合作的方向，相信內地希望與所有合理國家加深合作，香港亦能受惠。

劉認為，有需要發展東歐市場，因為匈牙利、土耳其、捷克等地，有不少大企業正留意亞洲機遇，想前來發展。當地企業以往可能只是直接做一些貿易及簡單項目，但近期見到他們想到香港發展亞太區中心或設置總部。"
bkn-20250505091146019-0505_00822_001,黔西翻船前突刮大風落冰雹　目擊者：一秒天黑,2025-05-05 09:11,2025-05-05 09:11,https://hk.on.cc/cnt/news/20250505/bkn-20250505091146019-0505_00822_001.html,黔西翻船前突刮大風落冰雹　目擊者：一秒天黑,貴州,oncc,2025-05-05 10:45,"貴州畢節市黔西市新仁鄉化屋村百里畫廊景區周日（4日）下午有遊船翻側，造成多人死傷。當時在景區另一艘遊船上的陳女士稱，事發前突然吹起狂風暴雨，並落起冰雹，她乘坐的遊船停在可避風地方。

畢節市氣象台周日下午1時50分曾發布強對流黃色預警，預告24小時內該市多地有雷暴大風、冰雹等強對流天氣。有其他遊船的乘客稱，剛開始下雨時，船長便安排大家離開甲板，返回船艙，並關起門，船隻隨即靠岸，遊船上的人基本都穿上救生衣。他又指，船長很盡責，會呵責不好好穿救生衣的人。

岸邊遊客憶述，事發時前一秒天氣還非常晴朗，下一秒天突然就黑了，開始下大冰雹，冰雹持續下了10分鐘左右。"
bkn-20250505090534975-0505_00822_001,港珠澳大橋口岸機場巴士與旅遊巴相撞　1司機受傷送院,2025-05-05 09:05,2025-05-05 13:11,https://hk.on.cc/cnt/news/20250505/bkn-20250505090534975-0505_00822_001.html,港珠澳大橋口岸機場巴士與旅遊巴相撞　1司機受傷送院,香港,oncc,2025-05-05 13:15,港珠澳大橋香港口岸旅檢大樓離境層發生車禍，今日(5日)早上8時12分，1輛機場巴士於巴士站駛出後，在一處路口與1輛旅遊巴相撞。意外中，機場巴士車頭及擋風玻璃損毀，旅遊巴司機報稱腰部受傷疼痛，清醒由救護車送往北大嶼山醫院治理。網上流傳的一段影片顯示，事發時機場巴士由巴士站駛出設有交通燈的路口，交通燈剛好由綠燈轉黃燈，但巴士繼續行駛，抵右邊的行車線時，旅遊巴因綠燈已途經駛至，巴士收掣不及，撞中旅遊巴的左車身，旅遊巴被撞後繼續駛前一段路才停下。意外原因仍有待警員作進一步調查。
bkn-20250505090354264-0505_00822_001,網紅賣茶葉涉虛假宣傳　茶企一同受查,2025-05-05 09:03,2025-05-05 09:03,https://hk.on.cc/cnt/news/20250505/bkn-20250505090354264-0505_00822_001.html,網紅賣茶葉涉虛假宣傳　茶企一同受查,福建,oncc,2025-05-05 09:15,"擁有超過2,000萬粉絲、內地網紅「大LOGO」日前帶貨售賣一款馬頭岩肉桂茶，近日被指存在虛假宣傳問題。福建省武夷山市市場監督管理局上周四（1日）證實，已立案調查相關茶葉公司，將向社會公布後續調查結果，並展開全面排查整治，依法從嚴從快打擊茶葉市場違法行為。

武夷山市監局在通報提到上月接獲網民舉報，某網紅4月23日下午4時發布標題為「武夷山核心產區高貨！！！正岩純料馬頭岩肉桂！！！兄弟們這波穩穩拿下！！！送人自飲想喝點好的千萬別錯過！！！」帶貨視頻，存在虛假宣傳問題，已立即組織人員調查。經初步核查，該視頻中涉及企業武夷山市馬枕峰茶業有限公司涉嫌虛假宣傳，已於4月28日立案調查。

上述茶葉公司上周五（2日）指，正配合市監部門調查，宣稱其銷售茶葉「確實是馬頭岩的」，「是那個影片涉嫌（虛假宣傳）」。資料顯示，該公司成立於2013年3月12日，2022年10月曾因在某茶葉產品包裝使用國家機關名義廣告內容，違反廣告法被市監部門罰款。"
bkn-20250505090102523-0505_00822_001,大埔工業邨大樹倒塌險砸車　橫亘2條行車線一度阻路,2025-05-05 09:01,2025-05-05 09:01,https://hk.on.cc/cnt/news/20250505/bkn-20250505090102523-0505_00822_001.html,大埔工業邨大樹倒塌險砸車　橫亘2條行車線一度阻路,香港,oncc,2025-05-05 10:15,大埔工業邨發生塌樹事故，現為大發街16號對開，今日(5日)早上8時，有人報案指上址行人路上1棵約7米高大樹突然向馬路方向塌下，險砸中停泊路邊的一輛貨櫃車，塌下的大樹橫亘大發街往汀角路方向的2條行車線。消防接報到場，證實無人受傷及被困，遂以工具將大樹分段鋸斷移走，再交由相關部門處理善後。受意外影響，現場交通一度受阻。
bkn-20250505082327333-0505_00822_001,黔西載人遊船翻沉事故　增至9死,2025-05-05 08:23,2025-05-05 10:39,https://hk.on.cc/cnt/news/20250505/bkn-20250505082327333-0505_00822_001.html,黔西載人遊船翻沉事故　增至9死,貴州,oncc,2025-05-05 11:00,"貴州畢節黔西市新仁鄉烏江百里畫廊景區六廣河水域周日（4日）下午因突發大風導致遊船翻側，事故至周一（5日）增至9人死亡，仍有1人失蹤。

事故造成共4艘船翻側、84人落水，已救起和找回83人，其中70人尚在醫院救治，無生命危險，4人安全未受傷。經核查，其中2艘涉事營運船隻為貴陽清鎮市新店鎮東湖農用客運有限公司所有，均核載40人，未超載。另外2艘船停靠岸邊，未載客。

內地官媒周一（5日）刊文稱，安全問題任何時候都不能疏忽。事故發生往往跟思想麻痹、責任沒壓實有關。各地區各部門各方面要強化安全意識，狠抓安全生產責任落實和安全管理措施落地，切實保障人民群眾生命財產安全和社會大局穩定。"
bkn-20250505080046734-0505_00822_001,女子分飾7角　扮死設連環計詐騙男友,2025-05-05 08:00,2025-05-05 08:00,https://hk.on.cc/cnt/news/20250505/bkn-20250505080046734-0505_00822_001.html,女子分飾7角　扮死設連環計詐騙男友,遼寧,oncc,2025-05-05 08:15,"內地一名女子涉嫌去年3月設局宣稱即將離世，願贈男友房產。她之後一人分飾7角，誘騙男方多次轉帳7萬多元人民幣（約7.5萬港元），直至上月落網，承認「我就是想管他要點錢，後來就騙上癮了」，目前因捲入詐騙罪指控而被刑事拘留。

案情指，女子朱某某2024年3月向男友任先生謊稱自己即將離世，想把3套房產贈予對方，不過需由男方處理相關手續，只要聯繫所謂「好友」、實為「1號角色」李明霞，即可靠關係辦妥。在隨後時間，朱某某另外扮演「車隊領導」（2號角色）、「售樓處工作人員」劉敏（3號角色）、「在法院工作」的陳顯文（4號角色）、「售樓處會計」（5號角色）、李明霞同學王超的老婆（7號角色），以支付物業管理費等各種理由騙取任先生錢財。

任先生遲遲未收到房產過戶消息，直至4月7日發現售樓處及房產局根本沒有相關虛構角色，房產也不存在，於是決定報警。民警同月10日在遼寧省錦州市抓獲朱某某，另發現她去年已在當地與另外一名男子登記結婚。"
bkn-20250505080006351-0505_00822_001,今日部分時間有陽光　日間炎熱　最高氣溫32°C,2025-05-05 08:00,2025-05-05 08:00,https://hk.on.cc/cnt/news/20250505/bkn-20250505080006351-0505_00822_001.html,今日部分時間有陽光　日間炎熱　最高氣溫32°C,,oncc,2025-05-05 08:15,"一股偏南氣流正影響廣東西部沿岸。預料現時位於華中的一道低壓槽會在今日稍後移向華南。此外，一個低壓區正為南海南部帶來不穩定天氣。今日(5日)早上8時，天文台錄得氣溫攝氏27度，相對濕度81%。過去一小時，京士柏錄得的平均紫外線指數是0.6，強度屬於低。

預測今日部分時間有陽光，日間炎熱，市區最高氣溫約攝氏32度，新界再高一兩度。稍後有幾陣驟雨，局部地區有雷暴。吹和緩南至東南風，高地風勢間中清勁。展望未來兩三日日間炎熱，但明日(6日)有幾陣驟雨。"
bkn-20250505070957442-0505_00822_001,歡樂谷景區設施失火　遊客誤以為表演,2025-05-05 07:09,2025-05-05 07:09,https://hk.on.cc/cnt/news/20250505/bkn-20250505070957442-0505_00822_001.html,歡樂谷景區設施失火　遊客誤以為表演,上海,oncc,2025-05-05 07:15,"上海歡樂谷景區有建築物上周六（3日）晚上失火，由趕到消防人員撲滅，不少遊客卻以為意外屬於表演節目一部分。

事發於上周六晚上7時半左右，失火區域位於茜茜市集不遠處。由於涉事建築物發生失火時，附近舞台尚有多人正在表演，遊客初時以為上演與火有關節目。

景區翌日早上9時正常開放，目前正常營業。根據上海歡樂谷統計，本年五一長假首日錄得2.2萬人次入場。"
bkn-20250505070734320-0505_00822_001,疑寵物醫療失當被醫死　寵主可經獸醫申漁護署驗屍,2025-05-05 07:07,2025-05-05 07:07,https://hk.on.cc/cnt/news/20250505/bkn-20250505070734320-0505_00822_001.html,疑寵物醫療失當被醫死　寵主可經獸醫申漁護署驗屍,香港,oncc,2025-05-05 07:15,"愛貓愛狗等寵物不幸離世，寵主或會希望了解原因，尤其懷疑涉及醫療失當要投訴時，解剖了解動物死因對解決糾紛至關重要。不過，以往要為動物驗屍困難重重，獸醫管理局過去要求透過本身的獸醫安排驗屍，有網民曾投訴做法不公，至近年才修改指引放寬。漁護署指出，其解剖屍體服務一直只要求由任何獸醫轉介，因理解驗屍需太多專業知識，無意全面開放予公眾申請。

香港唯一的政府獸醫化驗所除了協助其他部門監測動物疾病等，亦會服務全港獸醫。市民要為寵物驗屍，必須經由香港註冊獸醫協助申請，並填寫申請表及提交屍體。而服務採用「用者自付」原則，費用依不同測試項目而定，並已向所有註冊獸醫提供價目表。

署方披露，過去3年共收到兩宗私人獸醫診所註冊獸醫的申請，並解剖兩隻動物。漁護署獸醫師(獸醫病理) 阮柏文表示，近年解剖數量有上升趨勢，尤其是私人獸醫申請的案件。為問到為何不擴展開放任何人都可以申請檢驗寵物屍體，阮指整個解剖程序及結果牽涉到大量專業用字及知識，公眾仍可透過任何獸醫申請。

翻查獸醫管理局過去版本的網頁，若寵主認為獸醫在診治動物的過程中表現未達公認的標準，導致動物死亡。在去年4月，局方要求投訴人透過「本身的獸醫」安排由漁護署獸醫化驗科驗屍，或透過其他私營執業獸醫進行，最新版本則開放投訴人經任何執業註冊獸醫轉介予漁護署進行驗屍。"
bkn-20250505070515613-0505_00822_001,年做逾17萬禽流感化驗　檢雀糞注無菌胚胎蛋　測病毒變異走勢,2025-05-05 07:05,2025-05-05 07:05,https://hk.on.cc/cnt/news/20250505/bkn-20250505070515613-0505_00822_001.html,年做逾17萬禽流感化驗　檢雀糞注無菌胚胎蛋　測病毒變異走勢,香港,oncc,2025-05-05 07:15,"「禽流感」對港人並不陌生，1997年全球首宗人類感染H5N1甲型禽流感病毒個案正在香港發生。為避免禽流感再在香港爆發，現時所有本地農場活雞均須強制接種H5及H7禽流感疫苗。出售前漁護署會抽樣測試血液，確保雞隻所打的針有效。署方亦會檢驗死雀，了解禽流感變異趨勢，確保疫苗功效能減低病毒在雞場爆發，以至對人類健康的風險。

大龍獸醫化驗所在過去兩個年度均進行逾17萬項監察禽流感的化驗，其中血清學化驗室主要測試禽鳥血清抗體對疫苗注射或病毒感染後的反應。漁護署獸醫科技師 (獸醫化驗)黎漢文透露，署方會到本地農場為要出售批次的雞隻抽血，一批約30支血，到化驗所後會做測試血液中有否含足夠禽流感抗體，一般會即日得出結果，確保雞場能按其計劃出售雞隻。

另一方面，署方會在內地採購含胚胎而無菌的雞蛋，並在農場、濕地公園等地方收集野鳥和鴿子的糞便，注射在雞蛋中種植病毒，檢視有沒有新病毒或現有病毒的變種情況。署方會將病毒最新情況通知藥廠跟進，以便他們推出更合適的疫苗供活雞注射。與此同時，組織化驗室人員則檢驗野鳥等動物或屍體的組織，再在顯微鏡或顯微掃描儀中觀察，協助診斷、研究及治療動物疾病。"
bkn-20250505070034560-0505_00822_001,已故熊貓「安安」被揭患癌　獸醫解剖動物揪罪狀　助破虐待案,2025-05-05 07:00,2025-05-05 07:00,https://hk.on.cc/cnt/news/20250505/bkn-20250505070034560-0505_00822_001.html,已故熊貓「安安」被揭患癌　獸醫解剖動物揪罪狀　助破虐待案,香港,oncc,2025-05-05 07:15,"陪伴港人23年的大熊貓「安安」在2022年7月離世，但一直未知當時健康轉差的原因。漁護署大龍獸醫化驗所的獸醫回顧工作難忘事件時披露，曾經解剖安安屍體，發現牠患癌，並且已擴散至全身，又說過去不時要解剖其他動物協助破案，曾見過有寵物被嚴重傷害感到痛心。另有獸醫說解剖動物有助找出死因，部分動物死亡未必因虐待引致。該署另指政府財赤下，已改善化驗流程，減少資源浪費。

走進位於上水的大龍獸醫化驗所的解剖室，傳來一陣陣消毒藥水味，內裏放着一張解剖台，用作剖檢沒傳染病風險的動物屍體，例如豬屍。若動物屍體有機會帶有能播人畜共患病，例如或帶禽流感的死鳥等，則會在生物安全櫃中解剖，防止人員染病及病毒傳出周邊地方。

漁護署透露，化驗所每年平均進行約30萬次測試，其中在過去兩年度均共接獲逾7,900宗要求對動物、雀鳥及魚類疾病作出調查的個案。該署獸醫師(動物疾病)謝靜雅分享最深刻的經歷，其中包括解剖大熊貓「安安」。她提到，當時她正在懷胎7月，突然收到海洋公園通知，安安因年老及健康問題會被安樂死，團體隨即安排到公園解剖，並發現其全身均生滿腫瘤，並且已擴散。

謝靜雅又說，去年10月第2度懷孕7月時，巧合地動植物公園接連有猴子離奇死亡。團體亦要立即解剖屍體及進行多個檢測，幸好化驗所近年引入「基質輔助雷射脫附游離飛行時間式質譜儀」，協助他們在數分鐘便能分析細菌的質譜圖，找出所感染的細菌，毋須等一星期才有初步結果。

化驗所亦會協助執法部門調查涉嫌「殘酷對待動物」案件的動物屍體樣本，剖檢屍體或採樣以作組織病理學、細菌學及病毒學檢驗。謝靜雅透露不少虐待動物案件中，屍體明顯遭受外力傷害，如嘴部被索帶纏緊、眼球脫落、頭顱骨出血等，部分死因為嚴重出血，令愛護動物的她感到痛心；亦有部分案件表面看似虐待，經檢查後屬自然死亡，例如動物本身患病或主人放棄治療，或放養下被車撞等，需他們專業判斷。

該署補充，當市民懷疑虐待動物個案發生時可先報案，執法部門會聯絡愛護動物協會督察初步評估，若愛協認為死因有可疑，執法部門會再安排運屍至化驗所驗屍。被問到現時化驗所的測試容量是否已飽和，署方指仍有空間增加服務，更主動稱近年政府開始減少開支，他們已改善內部流程去提升工作效率，亦引入輪更及技術人員多崗位培訓，在人手不變下提升服務量與效率。"
bkn-20250505060532596-0505_00822_001,鄭州醫院科室微信帳號　涉罵上海網民,2025-05-05 06:05,2025-05-05 06:05,https://hk.on.cc/cnt/news/20250505/bkn-20250505060532596-0505_00822_001.html,鄭州醫院科室微信帳號　涉罵上海網民,河南,oncc,2025-05-05 06:30,"上海市一名男子表示，他近日留言評論河南鄭州大學第一附屬醫院官方認證微信公眾號「鄭大一附院胸外科食管外科」文章時，寫上「文稿寫得太爛」，結果被對方營運人員透過私訊辱罵，斥其「看着不爽就滾蛋」。

紀錄顯示，「鄭大一附院胸外科食管外科」於去年3月17日註冊，上月發布了一篇名為《【刀鋒之上】挽救性頸部淋巴結清掃術》文章，作者為「鄭大一附院張某某」。

院方工作人員上周五（2日）稱不清楚具體情況，涉事帳號是由醫院胸外科食管外科自行管理營運，營運人員都是鄭州大學第一附屬醫院員工，未外判第三方人員。"
bkn-20250505051719174-0505_00822_001,內地男疑醉酒躺紅磡馬路險象環生彈起奔跑與的士擦身倒地受傷,2025-05-05 05:17,2025-05-05 13:38,https://hk.on.cc/cnt/news/20250505/bkn-20250505051719174-0505_00822_001.html,"內地男疑醉酒躺紅磡馬路險象環生　彈起奔跑與的士擦身倒地受傷


網上瘋傳男子躺馬路險象環生的2條片段，顯示日期時間為今日(5日)凌晨1時25分，現場為紅磡海底隧道九龍出口已過收費亭的康莊道往何文田方向近理工大學，一名穿深色衫褲的男子躺在馬路快線上，期間，一輛私家車駛至，司機見狀收油慢車停下，尾隨其他私家車亦相繼緩緩停下。<br/>&",香港,oncc,2025-05-05 15:45,"網上瘋傳男子躺馬路險象環生的2條片段，顯示日期時間為今日(5日)凌晨1時25分，現場為紅磡海底隧道九龍出口已過收費亭的康莊道往何文田方向近理工大學，一名穿深色衫褲的男子躺在馬路快線上，期間，一輛私家車駛至，司機見狀收油慢車停下，尾隨其他私家車亦相繼緩緩停下。

私家車連續響號警示，該男子似突然驚醒彈起，隨即衝向中慢線，圖奔回行人路，此時一輛的士正沿大線駛過，司機見狀，急扭左軚駛向慢線，車身與該男子擦身而過，該男子隨即大叫一聲倒地，躺在中慢線之間，其他車輛尾隨駛至需繞他而行，片段亦在此結束，不久有隧道公司職員到場處理，只見該男子仍能清醒起坐。

執法部門表示，該名男子姓王(28歲)，持內地身份證，事發時在上址馬路奔跑，事件中，他身體多處擦傷，清醒送院治理，人員經調查後，將案件暫列作「發現醉酒人士」，正調查事件經過及原因。根據《道路交通條例》（第374章），任何使用道路的行人，疏忽地危害其本人或他人的安全，即屬犯罪。行人不應罔顧其本人或其他道路使用者的安全，作出不負責任的危險行為。"
bkn-20250505050228617-0505_00822_001,三亞果販呃秤　市監局罰款5萬人民幣,2025-05-05 05:02,2025-05-05 05:02,https://hk.on.cc/cnt/news/20250505/bkn-20250505050228617-0505_00822_001.html,三亞果販呃秤　市監局罰款5萬人民幣,海南,oncc,2025-05-05 05:15,"內地網民上周四（1日）投訴，在海南省三亞市購買9斤水果，實際重量只有6斤。三亞市市場監督管理局及三亞市綜合行政執法局上周六（3日）公布，已按規定擬給予涉案流動攤販5萬元人民幣（約5.4萬港元）行政處罰。

三亞市場監督管理局及三亞市綜合行政執法局稱，經查，網民反映當地水果呃秤情況屬實，已依法立案。

2024年1月，針對網民反映「購買水果3斤變成2斤」問題，當地曾通報過流動攤販賣水果呃秤問題，經查屬實，依法啟動行政處罰3萬元人民幣（約3.2萬港元）程序。"
bkn-20250505040450379-0505_00822_001,男子酒駕遇查　警揭過去涉及5次醉駕,2025-05-05 04:04,2025-05-05 04:04,https://hk.on.cc/cnt/news/20250505/bkn-20250505040450379-0505_00822_001.html,男子酒駕遇查　警揭過去涉及5次醉駕,山東,oncc,2025-05-05 04:15,山東省東營市廣饒縣交警近日展開酒駕整治行動，在轄區大王鎮設置檢查點，期間查獲一名醉駕司機，已依法追究其刑事責任。經調查，交警發現醉駕司機先前曾5度捲入醉駕。
bkn-20250505033048197-0505_00822_001,《東方日報》今日要聞,2025-05-05 03:30,2025-05-05 03:30,https://hk.on.cc/cnt/news/20250505/bkn-20250505033048197-0505_00822_001.html,《東方日報》今日要聞,香港,oncc,2025-05-05 03:45,一貼睇晒《東方日報》A1新聞頭條、B1財經要聞及C1娛樂最爆，以及東網嚴選的本港、兩岸及國際重點新聞，名家評論，讓你在最短時間掌握最重要資訊。
bkn-20250505033012757-0505_00822_001,東方日報A1：搞生態遊是是但但　東壩爆棚遲早玩爛,2025-05-05 03:30,2025-05-05 03:30,https://hk.on.cc/cnt/news/20250505/bkn-20250505033012757-0505_00822_001.html,東方日報A1：搞生態遊是是但但　東壩爆棚遲早玩爛,香港,oncc,2025-05-05 03:45,"五一長假期有大量內地旅客訪港，惟郊遊熱點的西貢萬宜水庫東壩一帶連日來都被遊人逼爆，環保團體綠惜地球前日到該帶實地視察，指出只在破邊洲觀景台附近有清潔工工作，但不少遊客的目的地都是到西灣、咸田灣露營，沙灘上被架起密密麻麻的露營帳篷，由麥理浩徑二段開始到附近幾個沙灘，沿途均布滿垃圾，亦不見教育人員提醒露營人士「自己垃圾自己帶走」，形容整個過程是眼見香港美好的景點「慢慢被玩爛」卻「欲救無從」。另一環團則批評政府發展生態旅遊卻沒有制訂相關政策，促政府研究有否需要限制人流進出該些地方等不同措施，以確保生態旅遊可永續發展。

綠惜地球社區協作總監鄭茹蕙表示，麥理浩徑第一段的沿途風景都相當優美，更可欣賞萬宜水庫景色及西貢海的日落，當局應思考如何好好利用，打散遊客聚集點，紓緩東壩一帶的環境壓力。她又認為當局應控制車輛數目，尤其是現時東壩一帶太多的士，車速快之餘亦不禮讓，影響行山人士的體驗，結果令更多行山客不願意行，的士又愈來愈多，形成惡性循環。

鄭茹蕙重申並非不歡迎遊客到港郊遊，欣賞香港的風景，但面對龐大的人流，更要做好管理。當局想發展綠色旅遊，但絕不可以「殺雞取卵」，要做到可持續性，長遠對香港社會、對市民才有益處，然而鄭認為政府並沒有一個整體計劃，每個部門只顧到自己的部分，所以每見一個問題，才急急去解決一個問題。

另一環團綠色和平亦於前日到東壩、破邊洲及浪茄灣實地視察，所見東壩及破邊洲均由早上至傍晚都人山人海；不少人前往破邊洲觀景台睇靚景拍照打卡。生態旅遊項目主任夏淳權批評，政府發展生態旅遊卻沒有制訂相關政策，情況極不理想；當局現時做法只是發現問題就「頭痛醫頭、腳痛醫腳」，例如過去一段時間西貢東壩每逢長假期均被遊人逼爆，政府便增加專線小巴班次疏導人流和派員維持秩序，但似乎沒有徹底解決問題的舉措。

夏強調，並非反對政府發展生態旅遊，但擔憂在沒有相關政策下盲目發展生態旅遊，令環境長期承受着巨大的人流壓力，長遠可能會令生態受到不可逆轉破壞。他建議，當局應在全港生態旅遊熱點，以及計劃發展生態旅遊的白泥和尖鼻咀、南大嶼，進行全面生態基線調查、承載力研究及對相關區域環境影響評估，再按結果制訂全面的生態旅遊政策，包括研究有否需要限制人流進出該些地方等不同措施，以保護生態環境及確保生態旅遊可永續發展。

而昨日是五一假期第4日，根據最新出入境數字，昨日截至晚上9時，逾103萬人次出入境，其中出境逾59.1萬人次，入境逾44.1萬人次。在入境旅客當中，有逾14.3萬人次為內地旅客。出境方面，仍然是港人佔最多數，共有逾39.3萬港人離港，當中最多人經羅湖北上，其次是落馬洲支線。

更多新聞，請瀏覽東方日報網頁：

http://orientaldaily.on.cc/"
bkn-20250505031140275-0505_00822_001,商場取名刻意模仿　胖東來發出律師函,2025-05-05 03:11,2025-05-05 03:11,https://hk.on.cc/cnt/news/20250505/bkn-20250505031140275-0505_00822_001.html,商場取名刻意模仿　胖東來發出律師函,浙江,oncc,2025-05-05 03:15,"浙江省某購物商場上周四（1日）開業，其名稱為「胖都來」，難怪被網民質疑刻意模仿河南省零售企業「胖東來」。胖都來否認刻意模仿，強調「都」字取自集團董事長姓氏，「胖」寓意商品琳琅滿目、價格實惠、服務貼心。

對於名稱爭議，胖都來表示欣然接受網民善意調侃，冀藉商品及服務化為好口碑。胖東來則指，已取證並向市場監督管理局提交投訴書，同時成功郵寄律師函予胖都來，將持續跟進事件。

內地企業查冊平台天眼查顯示，浙江胖都來商業管理有限公司於2月20日成立，公司法定代表人為都建明，經營範圍包括商業綜合體管理服務及日用百貨銷售等。"
bkn-20250505020638182-0505_00822_001,"仁滙醫務集團疑結業　政府2部門共接獲1,356宗舉報　正安排錄口供",2025-05-05 02:06,2025-05-05 02:06,https://hk.on.cc/cnt/news/20250505/bkn-20250505020638182-0505_00822_001.html,"仁滙醫務集團疑結業　政府2部門共接獲1,356宗舉報　正安排錄口供",,oncc,2025-05-05 03:30,提供嬰幼兒疫苗接種及多項檢查服務的仁滙醫務集團懷疑結業，截至周日(4日)下午5時，海關及執法部門共接獲1356宗相關舉報，正安排已舉報的市民錄口供，當中包括大批已預繳款項購買疫苗套餐的苦主。海關及執法部門正循《商品說明條例》的不良營商手法方向作跟進調查。
bkn-20250505020545820-0505_00822_001,特朗普指自己對華強硬　需要公平協議,2025-05-05 02:05,2025-05-05 12:06,https://hk.on.cc/cnt/news/20250505/bkn-20250505020545820-0505_00822_001.html,特朗普指自己對華強硬　需要公平協議,中國,oncc,2025-05-05 12:15,"美國總統特朗普在周日（4日）播出的一個訪問承認，他對中國非常強硬，實際上切斷了美中世界兩大經濟體之間的貿易，認為北京現在希望達成協議，美方會看看結果如何，但強調這必須是一份公平的協議。

特朗普接受美國全國廣播公司訪問，拒絕排除將部分高額關稅永久化的可能性，指一旦這樣做，將無法令製造業重返美國。他又指美國正處於過渡期，他不擔心任內經濟會萎縮，但不排除這種可能性，他會對高關稅對經濟造成的影響，承擔一切責任。

特朗普在訪問中，再度批評聯儲局主席鮑威爾古板，拒絕減息，並指對方不喜歡自己所以這樣做，但重申在鮑威爾明年5月任期屆滿前，不會將他解僱。

對於中國短片分享平台TikTok不賣就禁的限期將於下月19日屆滿，特朗普指如屆時仍未達成協議，他可能再延長限期。他表示這個短片分享程式非常有趣，將會受到保護。

另外，特朗普乘空軍一號從華盛頓前往佛州時，向隨行記者指美國正與包括中國在內的許多國家談判貿易協議，中美談判的主要優先事項是確保達成公平的貿易協議，兩國官員正在討論不同的事情。"
bkn-20250505020028418-0505_00822_001,全國基本養老保險　超過10.7億人參保,2025-05-05 02:00,2025-05-05 02:00,https://hk.on.cc/cnt/news/20250505/bkn-20250505020028418-0505_00822_001.html,全國基本養老保險　超過10.7億人參保,中國,oncc,2025-05-05 02:15,"人力資源和社會保障部日前發布最新數據顯示，截至3月底為止，全國基本養老保險參保人數達到10.71億人，同比增加442萬人。另外，失業、工傷保險參保人數分別為2.44億人及2.97億人，同比分別增加256萬人、271萬人。

從基金收支來看，一季度基本養老、失業、工傷3項社會保險基金運行總體平穩，總收入為2.36萬億元（人民幣，下同，約2.53萬億港元）、總支出達1.94萬億元（約2.08萬億港元），3月末累計結餘是9.6萬億元（約10.27萬億港元）。一季度，人社部門共發放失業保險金、代繳基本醫療保險費、價格臨時補貼等失業保險待遇365.4億元（約391億港元）。

在兜底線、保障失業人員基本生活方面，人社部門一季度共為826萬名低保對象、特困人員等，代繳城鄉居民養老保險費。"
bkn-20250505010509555-0505_00822_001,老匠製非遺漳梳　為老手藝注入新活力,2025-05-05 01:05,2025-05-05 01:05,https://hk.on.cc/cnt/news/20250505/bkn-20250505010509555-0505_00822_001.html,老匠製非遺漳梳　為老手藝注入新活力,福建,oncc,2025-05-05 01:15,"福建漳州市一名非遺傳承人堅守傳統工藝，潛心製作手工漳梳。其工作室每年產出數百把精緻木梳，融合傳統技藝與現代設計，近日更與螺鈿製作商合作，把流光溢彩螺鈿鑲入梳上，盼為老手藝注入新活力。

68歲的李贊成出身製梳世家，他繼承祖業，從事木梳製作已超過50年。他介紹製梳需經歷開齒、劃梳鋒、磨齒、開形及拋光等多道工序，手工梳線條比較柔和，機械難以做出其中厚重感。此外，他還在傳統木梳加入創新設計，創作「小蠻腰」系列木梳，兼具梳頭及按摩功能。

李贊成表示，希望未來能推廣宣傳手工漳梳，如今正帶領女兒及女婿共同傳承技藝，計劃與大學合作建立非遺工坊，推動年輕一代參與創新。"
bkn-20250505010056738-0505_00822_001,東網報道打鼓嶺堵路後　大石被移走　違例傾泥再多1宗,2025-05-05 01:00,2025-05-05 13:46,https://hk.on.cc/cnt/news/20250505/bkn-20250505010056738-0505_00822_001.html,東網報道打鼓嶺堵路後　大石被移走　違例傾泥再多1宗,香港,oncc,2025-05-05 14:00,"東網上周獨家報道，有打鼓嶺一帶鄉村出現違例填土情況，報道後堵路的巨石已被移走。原先報道引述當局向議員回信，收到反映的15宗個案中，有11個為近期個案。規劃署更新數字，證實再多一宗，又指近期在打鼓嶺禾徑山一帶就12宗個案發出「強制執行通知書」，有4宗個案因沒遵從法定通知書，4月30日被法庭定罪及罰款共約33萬元。署方又指，已就5宗個案成功追查土地佔用人資料，強調決不縱容。關注事件的議員認為事件經報道後獲得關注，又認為當局按照程序框架行事時應檢視法規漏洞，以免愈演愈烈形成「惡性循環」。

規劃署在本報報道事件後於社交平台更新數字，指近期就12宗違例填土個案發出「強制執行通知書」，當中有2宗已中止有關違例發展及已移走填土物料，並獲發「完成規定事項通知書」。該署又指有4宗個案因沒有遵從法定通知書的規定，4月30日被法庭定罪及罰款共約33萬元；1宗個案已排期5月聆訊；至於其餘5宗個案，該署近日視察發現大部分已移走填土物料，有些場地疑似進行耕種。

針對涉嫌違規使用土地的人士，規劃署指上述12宗違例個案中，已就5宗個案成功追查土地佔用人資料，並向相關土地佔用人發出「強制執行通知書」。但該署重申，根據「禾徑山分區計劃大綱核准圖」的註釋，在「農業」地帶內進行為耕種而鋪上厚度不超過1.2米的泥土則毋須取得規劃許可，即不會構成《城市規劃條例》下的違例發展。

規劃署強調決不縱容違例填土，去年11月至今，該署已在該帶進行21次巡查及搜證，當中有7次屬聯合巡查行動。該署去年4月起聘用顧問公司，在香園圍公路兩旁的填土黑點利用無人機多次進行巡察，以加強搜證效率。至於村民發有巨石堵路一事，該署指收到投訴後迅速到場調查，發現石頭已被移走。

關注事件的議員陳月明指本報報道事件後村內巨石突然被移走，認為事件經報道後獲得關注。她認為現時相關法例有「漏洞」，當局按照程序框架行事時應檢視，因此倡議訂立北部都會區專屬條例。她認為該村情況並非單一例子，相信其他新界鄉村或有類似情況，在現行法規漏洞下越演越烈，就如「惡性循環」。"
bkn-20250505000030248-0505_00822_001,白血病康復少女　以護士身份守護病童,2025-05-05 00:00,2025-05-05 00:00,https://hk.on.cc/cnt/news/20250505/bkn-20250505000030248-0505_00822_001.html,白血病康復少女　以護士身份守護病童,湖南,oncc,2025-05-05 00:15,"內媒周日（4日）報道，湖南省長沙市一名少女兩歲時確診白血病，之後在湖南省兒童醫院接受治療後康復。15年後，她以實習護理師身份重返血液腫瘤科，以親身經歷鼓勵患病兒童。

17歲的文清目前就讀護理專業高二，3月獲派往曾救治自己的血液腫瘤科實習。主治醫師鄭敏翠憶述，文清年幼時樂觀堅強，如今選擇護理專業正是受醫護人員影響。在實習期間，文清常陪伴病童玩耍，並手寫千字長信分享自己復原經歷，幫助眾人建立信心。

鄭敏翠表示，文清深刻理解患童及家長痛苦，亦為病房帶來溫暖。文清坦言，當穿上護士服後深感責任重大，未來希望考上護理專業大學，正式成為護士，繼續傳遞希望與關懷。"
bkn-20250504233017426-0504_00822_001,上水六旬漢暈倒屋苑會所　送院返魂乏術,2025-05-04 23:30,2025-05-04 23:30,https://hk.on.cc/cnt/news/20250504/bkn-20250504233017426-0504_00822_001.html,上水六旬漢暈倒屋苑會所　送院返魂乏術,香港,oncc,2025-05-04 23:45,今晚(4日)近7時半，上水馬適路8號一屋苑會所職員報案，指懷疑一名男子於廁所內暈倒。救護員接報到場，將昏迷姓王(67歲)事主送往北區醫院治理，其後被證實死亡。王男死因有待驗屍後確定。據了解，事主有身體病紀錄。
bkn-20250504230643321-0504_00822_001,葵涌工廈單位遇竊失4箱文件　兩男被捕起回失物,2025-05-04 23:06,2025-05-04 23:06,https://hk.on.cc/cnt/news/20250504/bkn-20250504230643321-0504_00822_001.html,葵涌工廈單位遇竊失4箱文件　兩男被捕起回失物,香港,oncc,2025-05-04 23:30,"葵涌區執法部門昨日(3日)早上接獲一公司負責人報案，指其位於華星街一工業大廈的單位有搜掠痕迹，懷疑遭爆竊。警員接報到場，發現該單位正門門鎖及玻璃均被破壞，經負責人初步點算，共有4箱公司文件懷疑被偷走。

經翻查大量閉路電視及深入調查後，警員迅速鎖定兩名涉案男子，於同日晚上及今日(4日)傍晚採取拘捕行動，先後於旺角荔枝角道拘捕一名姓陳(49歲)本地男子，以及於香園圍邊境管制站拘捕另一名姓陳(46歲)本地男子，涉嫌爆竊。警員其後在上址工廈內起回所有失物，另外亦在被捕人住所檢獲犯案時身穿的衣物。據悉兩名被捕人為朋友關係，現正被扣留調查。

根據《盜竊罪條例》（香港法例第210章）第11條，「爆竊」屬嚴重罪行，一經定罪，最高可被判處監禁14年，市民切勿以身試法。"
bkn-20250504230044611-0504_00822_001,美印太司令警告　 軍隊優勢面臨華挑戰,2025-05-04 23:00,2025-05-04 23:00,https://hk.on.cc/cnt/news/20250504/bkn-20250504230044611-0504_00822_001.html,美印太司令警告　 軍隊優勢面臨華挑戰,中國,oncc,2025-05-04 23:15,"英國《金融時報》上周六（3日）報道，美國印太司令部司令帕帕羅（Samuel Paparo）日前在論壇指出，美國現階段仍有能力在台海衝突中擊敗中國，不過伴隨中方快速擴充軍力及武器生產，美方正面臨愈來愈大挑戰。

帕帕羅稱，以美國目前擁有軍力來看，現時仍能在台海衝突中擊敗中國，美軍優勢包括水下作戰能力，在該層面遙遙領先，同時在太空科技及摧毀敵方衛星等太空相關武器發展也擁有明顯優勢。惟他同時承認中國軍事擴張速度飛快，尤其是軍艦等重要裝備建造效率遠超美國，未來可能對美形成巨大壓力。

談及解放軍在台周邊軍事行動，帕帕羅指已明顯升溫，大陸正積極演練攻打台灣全方面軍事行動。依他觀察，解放軍演習項目非常廣泛，包括從奪取台灣外島到封鎖台灣周邊海域，甚至直接攻擊台灣本島。他估計2027年不是大陸一定要武統台灣時間點，而是解放軍做好作戰準備期限。"
bkn-20250504221321239-0504_00822_001,旺角酒店越籍女謀殺案　被捕男友人獲准保釋,2025-05-04 22:13,2025-05-04 22:13,https://hk.on.cc/cnt/news/20250504/bkn-20250504221321239-0504_00822_001.html,旺角酒店越籍女謀殺案　被捕男友人獲准保釋,香港,oncc,2025-05-04 22:45,"上周五(2日)旺角一酒店房間內，一名任職美容師的姓陳(46歲)越南籍女子被發現昏迷不醒，其頭部腫脹及流血，送院搶救後延至下午5時23分不治。同日，警員在旺角區拘捕一名姓江(42歲)男子，涉嫌「襲擊致造成身體傷害」。執法部門昨日(3日)經進一步調查後，將案件改列為「謀殺」，將為死者進行驗屍確定死因。至今晚(4日)該名被捕男子已獲准保釋候查，須於5月中旬向執法部門報到。

據悉，事發前一晚，陳女與江男及一名女友人到上址開派對，期間懷疑有人吸食毒品。至上周五清晨，江男叫醒該名女友人，聲稱陳女突然抽筋昏迷，而女友人及後見到江男向事主施襲，包括拍打她的臉部及用硬物擊打其頭部，而江男之後便離開酒店房間。"
bkn-20250504220532473-0504_00822_001,首用無人平台　遠程開發海上稠油油田,2025-05-04 22:05,2025-05-04 22:05,https://hk.on.cc/cnt/news/20250504/bkn-20250504220532473-0504_00822_001.html,首用無人平台　遠程開發海上稠油油田,廣東,oncc,2025-05-04 22:15,"中國海油深圳分公司番禺11-12平台上周六（3日）在南海東部海域成功投產，是中國首次應用無人平台遠程開發海上稠油油田，其在颱風生產模式、遠程復產、複雜原油處理等多方面實現新突破。

番禺11-12平台位於距離廣東深圳東南方200公里、水深約114米海域，高150.8米、重約7,000噸。中國海油深圳分公司番禺作業公司副總經理陳小剛表示，該平台開採原油包括稠油，是一種流動性較差的油，黏得像瀝青，開採難度極大。

番禺油田於2003年10月投產，建有7座海上生產平台及一艘浮式生產儲卸油裝置，同時開發8個油田，累計生產原油5,400萬噸。新建番禺10-1及番禺11-12兩座井口平台聯合開發3個油田，高峰日產原油近2,000噸。"
bkn-20250504211029086-0504_00822_001,台保一總隊主任陳屍寢室　曾不適就醫,2025-05-04 21:10,2025-05-04 21:10,https://hk.on.cc/cnt/news/20250504/bkn-20250504211029086-0504_00822_001.html,台保一總隊主任陳屍寢室　曾不適就醫,台北,oncc,2025-05-04 21:15,"台灣內政部警政署保安警察第一總隊勤務指揮中心主任許泰山周日（4日）早上被人發現，已在主管寢室猝死。他上周六（3日）曾因身體不適就醫，警方初步不排除其死因與身體因素有關，檢方預計周一（5日）驗屍釐清死因。

許妻周日早上9時30分曾致電隊部，指丈夫無接電話。部隊其後派員上門探視，卻無人回應，於是破門而入，最終發現許泰山在浴室內一動不動。救護人員接報後到場，許男已出現屍僵情況，已明顯死亡。

台北市政府警察局北投分局表示已派員到場採證，並通知家屬到案配合調查，目前排除外力介入可能。"
bkn-20250504202018599-0504_00822_001,港澳人士入台證改規定　毋須彩色列印,2025-05-04 20:20,2025-05-04 20:20,https://hk.on.cc/cnt/news/20250504/bkn-20250504202018599-0504_00822_001.html,港澳人士入台證改規定　毋須彩色列印,台灣,oncc,2025-05-04 20:45,"有網民早前發現，台灣懷疑更新港澳人士入台規定，當自行打印經網上申請的入台證時，有別於過往可以黑白或彩色打印入台證，改為只接受彩色打印。事隔不足一個月，台灣內事部門移民署取消上述規定。

根據移民署網站，台方最新要求當網簽申請核准後，只需以A4白色空白紙格式滿版列印，不可使用回收紙；更新日期為2025年04月24日。"
bkn-20250504195241628-0504_00822_001,74歲婦西區高陞街失蹤　最後露面身穿花紋長袖外套,2025-05-04 19:52,2025-05-04 19:52,https://hk.on.cc/cnt/news/20250504/bkn-20250504195241628-0504_00822_001.html,74歲婦西區高陞街失蹤　最後露面身穿花紋長袖外套,香港,oncc,2025-05-04 20:00,74歲女子李賽金昨日(3日)下午離開其位於高陞街的住所後便告失蹤，其家人同日報案。她身高約1.65米，體重約60公斤，中材，圓面形，黃皮膚及蓄短黑髮。她最後露面時身穿花紋長袖外套、黑色長褲、黑色鞋及攜有一個紅色環保袋。任何人如有該失蹤女子的消息或曾見過她，可與執法部門聯絡。
bkn-20250504195114362-0504_00822_001,筲箕灣鸚鵡走失飛樹上　消防救援無果,2025-05-04 19:51,2025-05-04 19:51,https://hk.on.cc/cnt/news/20250504/bkn-20250504195114362-0504_00822_001.html,筲箕灣鸚鵡走失飛樹上　消防救援無果,香港,oncc,2025-05-04 22:30,今日(4日)傍晚6時許，筲箕灣愛東邨愛逸樓一名女住戶報案，指其飼養的鸚鵡飛出單位外，並停於一棵樹上，要求人員協助拯救。消防接報到場升起雲梯，愛護動物協會人員亦在場協助，惟最終鸚鵡樹上飛走不知所終，遂收隊離場。
bkn-20250504194635868-0504_00822_001,黔西兩載人遊船翻側　已造成3人死亡,2025-05-04 19:46,2025-05-04 22:41,https://hk.on.cc/cnt/news/20250504/bkn-20250504194635868-0504_00822_001.html,黔西兩載人遊船翻側　已造成3人死亡,貴州,oncc,2025-05-04 22:45,"五一假期踏入尾聲，貴州省黔西市新仁苗族鄉兩艘載人遊船周日（4日）下午在六沖河東風庫區附近江面航行時翻側，已造成3人死亡，60人獲送院救治，正搜救14人。

事發於下午4時左右，位於烏江上遊的六沖河出現大暴雨，兩艘正在江面航行遊船發生翻側事故。 　　

據了解，事故造成包括船員在內70多人落水。截至晚上7時，相關救援部門仍在現場救援。中央作出重要指示強調，千方百計搜救落水人員，全力救治傷員，堅決遏制重特大安全事故多發勢頭。"
bkn-20250504194404937-0504_00822_001,「小劍神」培訓計劃選拔測試　800兒童爭入圍,2025-05-04 19:44,2025-05-04 19:44,https://hk.on.cc/cnt/news/20250504/bkn-20250504194404937-0504_00822_001.html,「小劍神」培訓計劃選拔測試　800兒童爭入圍,香港,oncc,2025-05-04 20:00,"「小劍神」培訓計劃今日（4日）舉行選拔測試，約有800名年齡介乎6至10歲小朋友到啟德體藝館參加培訓計劃的體適能測試，包括來回跑、開合跳等，測試速度、敏捷及反應，當中接近一半來自低收入家庭。

「小劍神」測試超過10項以上，包括測試速度、敏捷及反應等，大會將根據各測試結果，從800人中篩剩160人，然後開始8堂的劍擊訓練，從中再篩走40人到下一階段、共32堂的劍擊訓練。經過32堂訓練後，大會將於12月底進行「小劍神盃」，從中選中最佳的15人接受為期一年半的訓練，無論是教學及裝備均是免費。

選拔測試當日請來3位香港劍擊代表，包括已退役的女佩文毅施、重劍黎家俊及花劍楊子加任嘉賓，3人指自己年輕時沒有像「小劍神」的選拔活動，認為這是一個選劍手的好好途徑。"
bkn-20250504194304194-0504_00822_001,採野菇進食後腹痛嘔吐　6歲女童留醫瑪嘉烈,2025-05-04 19:43,2025-05-04 19:43,https://hk.on.cc/cnt/news/20250504/bkn-20250504194304194-0504_00822_001.html,採野菇進食後腹痛嘔吐　6歲女童留醫瑪嘉烈,香港,oncc,2025-05-04 20:00,"6歲女童疑食野生菇後腹痛和嘔吐，疑食物中毒。衞生署衞生防護中心今日(4日)正調查個案，呼籲市民切勿自行採摘野生菇類進食。

個案涉及一名六歲女病人，她昨日(3日)進食自行採摘的野生菇類，約3小時後出現腹痛和嘔吐徵狀，同日到瑪嘉烈醫院急症室求醫，需留院接受進一步觀察，目前情況穩定。

防護中心提醒，由於難以辨別菇類是否適宜食用，市民切勿採摘野生菇類進食。如懷疑因進食菇類引致食物中毒，病人應立即求醫。如有剩餘菇菌，亦應帶同前往求醫，以供辨識種類。"
bkn-20250504191942033-0504_00822_001,食環屋宇懶鬥懶　「優秀」公務員嘥米飯,2025-05-04 19:19,2025-05-04 19:19,https://hk.on.cc/cnt/news/20250504/bkn-20250504191942033-0504_00822_001.html,食環屋宇懶鬥懶　「優秀」公務員嘥米飯,香港,oncc,2025-05-04 20:00,"審計署發表最新一份審計報告，批評食環署打擊非法棄置垃圾不力，逾80%投訴熱點未納入監察清單；屋宇署則被揭發，即使驗窗拖12年懶得遵辦，依然睜一眼閉一眼。毫無疑問，公務員當中存在冗員，尤其財赤當前，更應正視，豈能政府大削市民福利，公務員卻不用減薪，依然過着薪高糧準福利好的爽皮生活，但又一再被踢爆工作態度懶散、玩忽職守。這些冗員還留着而不革扯，究竟是在等甚麼。今集《功夫茶》討論相關議題。

審計報告指出，食環署網絡攝錄機使用率低。截至去年12月，3個分區的45個攝錄機安裝點中，16%在運作逾6個月後，從未發出任何罰單；另有62%長期非法黑點未安裝攝錄機。其實《東呼即應》上月17日那一集「搞近3年依然勁污糟　打擊衞生黑點係做騷」早已作出批語，何解香港辦打擊衞生黑點清潔大騷，始終成效不彰垃圾圍城。節目指出「是否執法方面需要加把勁呢，不要攝錄機有攝錄機在拍，但跟進行動卻無法對胡亂棄置垃圾人士產生阻嚇力。」如今審計報告便告知各界這個答案，踢爆長居最多人投訴榜三甲的食環署是怎麼樣做事。

據財政預算案資料顯示，2025至26年度食環署所需的薪金及開支預算逾110億港元，較2024至25年度的修訂預算多出8,000萬港元，較2023至24年度的實際開支更加激增了5.3億港元。食環署膽敢年燒納稅人逾百億港元，但說到工作成績呢，不僅走不出審計署的法眼，就連市民大眾也一早便知道這班港產官僚是多麼「薪高糧準福利好 人懶識蛇嘢少做」。食環署辦清潔衞生不合格，而管理街市又不似樣。

本報去年9月報道，食環署轄下的油麻地街市、官涌街市空置率極高，當中油麻地街市出租率雖然有近80%，但記者實地視察發現逾3成的攤檔均處於關閉狀態。官涌街市更加大癲，出租率逾六成，但有逾80%租戶無營業。街市大擺「空城計」，食環署則「隻眼開隻眼閉」，街市淪為貨倉攤檔少，完全便利不到市民。

事實上，食環署曾多次被本報揭發根本沒管好下面一班人，那班人開工竟然各自發展自己的興趣班，有洗衫、炒股、有人乾脆「覺覺豬」。人們不禁要問，這些出來「走糴」，明知耳目眾多依然如此斗膽蛇王的人，他們是「單純的又蠢又懶」抑或「上頭也未質疑我啦，你哪位啊。」

在香港能當公務員年年都「肥到着唔到襪」，今期被審計開名「省爆」的又豈止食環一個部門，屋宇署也「不執輸」。審計署報告揭示屋宇署「強制驗窗計劃」截至去年底，有逾2.6萬份強制驗窗法定通知未獲遵從，樓宇公用部分窗戶的未獲遵從比率達27%，遠高於個別單位窗戶的4%。更離譜的是，有約1.1萬份由限期起計逾3年，甚至11.6年仍未獲遵辦。本港久不久便爆出冧天花、天降石屎傷及市民或壓毀車輛，豈知屋宇署對強制驗窗法定通知也可以如此「易話為」，坊間喜歡遵從便遵從吧，如不遵從就擱下數年，甚至逾10年亦不會問責。

其實根據八二法則，無可否認公務員當中並不是人人都是懶蛇，總有兩成人是真的有做事。但與其八成人懶着幹兩成工作，兩成人屁股絕少離開座位，瘋狂地做了八成的工作，那不如炒了那八成懶鬼，省下一大筆只需加回那兩成「勤力仔」一兩千元人工，這更划算。現屆政府終日擺出強政勵治，繼續養着一班懶人是強政勵治嗎，財赤不要只識向市民打主意，只識減福利削資助，高官、議員、公務員則一元人工也不用減，繼續「肥過肥仔水」，真的亮出點強政勵治作風來看看吧。"
bkn-20250504190811606-0504_00822_001,拍軍方直升機儀錶板　台軍女士官捱罰,2025-05-04 19:08,2025-05-04 19:08,https://hk.on.cc/cnt/news/20250504/bkn-20250504190811606-0504_00822_001.html,拍軍方直升機儀錶板　台軍女士官捱罰,台中,oncc,2025-05-04 19:15,"台灣陸軍航空特戰指揮部駐防台中市新社區基地的第602旅近日有軍方直升機儀錶板照片外洩，引發安全疑慮。對此，航特部上周六（3日）澄清照片未涉及機密，不過確實違反規定，已懲處涉事人員。

台媒日前引述讀者爆料指出，陸軍航特部第602旅飛保廠一名女性士官執行OH58D型戰搜直升機保修勤務時，拍攝駕駛艙內處於開機狀態航電儀錶板，並上載社交網。該爆料人士還透露，第602旅已非首發生資安外洩事件，一名上兵去年攜帶兩部未安裝台軍行動裝置管理系統手機入營，甚至在執行衞兵勤務期間帶手機上哨至管制點，其後被查獲。

陸軍航特部上周六表示已啟動調查程序，依查證結果核予陳姓女中士適懲。另爆料稱陳曾姓士兵帶手機入營違失行止，經查證屬實核予懲處。"
bkn-20250504190422702-0504_00822_001,勞工處舉行建造業安全獎勵計劃　提升職安健意識,2025-05-04 19:04,2025-05-04 19:04,https://hk.on.cc/cnt/news/20250504/bkn-20250504190422702-0504_00822_001.html,勞工處舉行建造業安全獎勵計劃　提升職安健意識,香港,oncc,2025-05-04 19:30,"勞工處今日(4日)舉行第25屆「建造業安全獎勵計劃」頒獎典禮，表揚和嘉許在職業安全及健康方面表現優良的總承建商、次承判商、地盤從業員和前線工友，報名參賽數目突破近年紀錄，共有259個建造地盤參加，並由101名次承判商和172支安全隊伍競逐「建造地盤」及「安全隊伍」兩個組別的獎項。

　　 

署理勞工處處長馮浩賢在頒獎典禮上致詞表示，勞工處推動吊棚業安全的工作亦有突破。經過一年多的努力，勞工處成功推動棚業、保險業、建造業議會及職業安全健康局（職安局）跨界合作，將吊棚行業納入為「註冊專門行業承造商制度」下第21個指定行業，再加上職安局「職安健星級企業計劃」的配合，令棚商能夠獲得進一步的安全水平認證，從而降低吊棚工作的保費，亦令業主更樂於揀選職安健水平獲認證的棚商，並鼓勵棚商主動提升他們的安全標準。

而近年建造業界在職安健創新科技的應用上取得顯著進展，經修訂並已生效的《密閉空間工作的安全與健康工作守則》要求東主或承建商須採用科技設備，在整段工作期間於密閉空間的出入口拍攝視頻，以監督及確保安全控制措施切實執行，預防事故發生。另外，勞工處將會於今年內試用小型無人機，全方位協助職安健巡查、意外調查及搜證，讓違規操作無所遁形。"
bkn-20250504190203782-0504_00822_001,韓去年不當領醫保金七成人是中國籍,2025-05-04 19:02,2025-05-04 19:02,https://hk.on.cc/cnt/news/20250504/bkn-20250504190203782-0504_00822_001.html,"韓去年不當領醫保金　七成人是中國籍


南韓國會保健福祉委員會議員金美愛周日（4日）披露，去年外國人和旅外南韓公民採取不當手段領取醫療保險金達25.58億韓圜（約1,421萬港元），同比增長28.5%。被查出不當領取醫療保險金的有逾1.7萬人，其中中國籍人士佔超過1.2萬人，佔比高達70%，比排名第二、679人的美國籍多",中國,oncc,2025-05-04 21:15,"南韓國會保健福祉委員會議員金美愛周日（4日）披露，去年外國人和旅外南韓公民採取不當手段領取醫療保險金達25.58億韓圜（約1,421萬港元），同比增長28.5%。被查出不當領取醫療保險金的有逾1.7萬人，其中中國籍人士佔超過1.2萬人，佔比高達70%，比排名第二、679人的美國籍多出17倍。

數據顯示，去年被查出不當領取醫療保險金的人數較2023年增加16.8%，人數在2021年曾高達4萬人，2022年降至1.8萬人，2023年進一步減至1萬人，去年再次呈現上升趨勢。案件數量與金額也同步成長，從2023年的約4萬宗增至去年的近4.6萬宗，增幅為14.7%。金額方面則從19.91億韓圜（約1,106萬港元）升至25.58億韓圜，增幅為28.5%。從違規類型來看，大多數為在失去醫保資格後仍違規繼續受惠，被查人員逾1.7萬人。依國籍劃分，中國籍最多，其次為美國籍、越南籍等。

金美愛指出，部分外國人違規領取醫保待遇，損害醫保財政的健全性，對制度永續性構成威脅。她呼籲政府加強對違規行為的懲戒，研究引入互惠原則等多項醫保制度改革方案。"
bkn-20250504190036483-0504_00822_001,馬會捐助體院首辦「體」現日　近千學生體驗精英運動員滋味,2025-05-04 19:00,2025-05-04 19:00,https://hk.on.cc/cnt/news/20250504/bkn-20250504190036483-0504_00822_001.html,馬會捐助體院首辦「體」現日　近千學生體驗精英運動員滋味,香港,oncc,2025-05-04 19:15,"香港精英運動員於本地及海外賽事表現出色，以堅毅精神激勵廣大市民。為了讓年輕人深入了解他們背後所付出的努力，由香港賽馬會慈善信託基金捐助、香港體育學院主辦的賽馬會「運動+」 精英運動員社區計劃於昨日和今日(3日及4日)，首次舉辦香港體育學院「體」現日，近千名中小學生於訓練設施一嚐成為「精英運動員」的滋味。

一連兩天的「體」現日吸引了來自20所小學，近500名小學生和來自17所中學，超過400名中學生參加。來自空手道、賽艇、欖球和武術項目的教練和精英運動員，於密集的訓練日程抽空與學生們交流，而乒乓球混雙拍檔杜凱琹及黃鎮廷在活動尾聲出現，暢談奮鬥經歷，鼓勵學生為未來訂立目標，遂步邁向成功。

「體」現日由多位體院教練及運動員親自帶領訓練體驗環節，除了各項專業示範外，團隊更親身指導參加者不同項目的基本技巧，以及分享日常訓練計劃，與學生作近距離互動。當中，多名奪取佳績的精英運動員親身分享，包括亞運七人欖球金牌得主李卡度、於第四屆世界太極拳錦標賽勇奪三金的武術運動員梁溢昇、2022亞洲賽艇錦標賽及亞洲青少年賽艇錦標賽女子四人單槳季軍黃樂堯。而乒乓球運動員杜凱琹和黃鎮廷，則在活動尾聲的分享會上，談到他們與世界頂尖乒乓球運動員對戰的經歷，並分享了從2015年世界乒乓球錦標賽勇奪混雙銅牌，到2021年東京奧運八強戰中的失利，再到巴黎奧運上取得破紀錄的成績等職業生涯中的高低起伏。

另外，活動亦安排學生參觀體院和參與體能測試，以加深他們對體院的認識、進一步了解體院的工作及對香港精英運動員所提供的全面支援。"
