title,date,summary,scrape_time,section,source,url,news_content
紹伊古：日方發表大量反俄言論與聲稱對俄關係正常化意圖互相矛盾,2025-11-14 02:54,,2025-11-14 03:15,cinternational,rthk,https://news.rthk.hk/rthk/ch/component/k2/1831526-20251114.htm,"俄羅斯聯邦安全會議秘書紹伊古表示，日本首相高市早苗奉行歷史修正主義政策，日方發表大量反俄言論，與日方聲稱對俄關係正常化的意圖互相矛盾。他強調俄日關係要實現正常化可能需時數年，只有日方從根本上重新考慮對俄態度，並採取實際行動才可能實現。

紹伊古又說，日本新政府竭力討好美國，不惜犧牲本國利益。他認為亞太地區部分國家不能被稱為美國盟友，因為同盟關係意味平等互動，而有關國家與美國現時只屬附庸關係。

俄羅斯外交部日前宣布，無限期禁止30名日本公民入境，以回應日方持續對俄羅斯實施制裁。"
波蘭申請不再參與移民重新安置　稱守衛歐盟外部邊界已付高昂代價,2025-11-14 02:19,,2025-11-14 02:30,cinternational,rthk,https://news.rthk.hk/rthk/ch/component/k2/1831525-20251114.htm,"波蘭已向歐盟委員會提交申請，要求完全豁免團結機制，不再參與移民重新安置。

歐盟委員會日前宣布，波蘭等6個面臨嚴重移民壓力的成員國可申請在未來一年內，完全或部分豁免重新安置移民的責任。波蘭總理圖斯克隨後在社交平台表示，波蘭不會接收移民，亦不會為此提供資金。內政和行政部長凱爾溫斯基發表聲明，表示波蘭在守衛歐盟外部邊界方面已付出高昂代價，不再同意任何形式的移民重新安置機制。

歐盟理事會去年5月批准歐洲移民和庇護法改革方案，明確成員國處理庇護申請的責任，並引入團結機制，以確保成員國間更公平分擔責任。在有關機制下，成員國須在接收部分移民、提供資金支持、提供其他資源保障中作出選擇。"
澳門一名女子懷疑在酒店房間內被人用刀襲擊死亡,2025-11-14 01:44,,2025-11-14 02:00,greater_china,rthk,https://news.rthk.hk/rthk/ch/component/k2/1831527-20251114.htm,"澳門一名女子懷疑在酒店房間內被人用刀襲擊死亡。

司警在昨日下午4時許接報，指氹仔區一個酒店房間發生嚴重傷人案，兩名女子被送院救治，其中一名受刀傷的女子經搶救後不治。

司警表示，初步調查發現兩名女子事發時在酒店房內發生爭執，其中一人被刀傷致死，另一人亦有受傷，需留院治療，司警已派人在醫院看守，待她出院後再接受調查。"
印度當局鎖定首都汽車爆炸案疑犯為哈里亞納邦一名醫生,2025-11-14 01:07,,2025-11-14 01:15,cinternational,rthk,https://news.rthk.hk/rthk/ch/component/k2/1831524-20251114.htm,"印度首都新德里日前發生的汽車爆炸案，當局鎖定疑犯身份。

印度傳媒報道，調查人員透過DNA分析比對後，確認事發當晚載有爆炸品汽車的司機是在哈里亞納邦法里達巴德市一間大學工作的醫生穆罕默德。當局說，穆罕默德可能是印度一個主要由白領人士組成的恐怖團體成員，這個團體與一個宗教武裝組織存在關聯。案件交由印度國家調查署作進一步調查。

爆炸星期一晚在新德里熱門景點紅堡附近發生，據報造成至少13人死亡、20多人受傷，印度政府早前發表聲明，譴責是駭人聽聞的恐怖事件，誓言會將犯案者繩之於法。"
王毅：中方願與哈方推動永久全面戰略夥伴關係不斷邁上新水平,2025-11-14 00:17,,2025-11-14 00:30,greater_china,rthk,https://news.rthk.hk/rthk/ch/component/k2/1831523-20251114.htm,"中共中央政治局委員、中央外辦主任王毅在北京與哈薩克總統國際投資和貿易合作助理努爾特列烏會面。

王毅祝賀努爾特列烏就職，稱中方願意與哈方一起，深化兩國傳統友好，高質量共建一帶一路，推進能源、綠色礦產、互聯互通等傳統領域合作，開闢核能、人工智能等新興領域合作，推動中哈永久全面戰略夥伴關係不斷邁上新水平。

王毅又說，中方對哈方第一時間支持國家主席習近平提出的全球治理倡議表示讚賞，願意同哈方加強在上海合作組織、中國－中亞等多邊框架下合作。

努爾特列烏轉達總統托卡耶夫對習近平的問候，表示哈方願同中方一起落實兩國元首共識，推動哈中永久全面戰略夥伴關係持續向前發展。"
十五運會｜何詩蓓今戰100米自由泳　男子七欖港隊與山東爭金牌,2025-11-14 00:15,,2025-11-14 00:30,local,rthk,https://news.rthk.hk/rthk/ch/component/k2/1831519-20251114.htm,"十五運會競賽項目今日繼續在粵港澳三地舉行，港隊將參與多個項目賽事。香港男子七人欖球隊晚上在啟德主場館，與山東隊再次交手，爭取首次全運奪金。

港隊將繼續在深圳參加多個游泳項目的預賽。何詩蓓昨晚在女子200米自由泳，取得個人首面全運金牌後，今早在另一主項100米自由泳出戰預賽。

香港網球代表黃澤林，將在橫琴亮相男單首圈賽事，對手是山西代表段皓。

場地自行車、羽毛球、高爾夫球及馬術等多個項目，港隊都有運動員出賽。"
戴利：價格和就業目標風險趨於平衡　對下月利率決定持開放態度,2025-11-13 23:50,,2025-11-14 00:00,cfinance,rthk,https://news.rthk.hk/rthk/ch/component/k2/1831522-20251113.htm,"美國三藩市聯儲銀行總裁戴利表示，聯儲局今年已兩度減息，目前價格穩定和充分就業目標風險趨於平衡，對下月的利率決定持開放態度，但目前仍太早判斷應否減息，需要觀察更多經濟數據而定。

戴利在一場活動發表講話時表示，當前就業市場面臨的風險略高，關注勞動力需求會否持續放緩。她亦關注近期服務業通脹並未穩步回落，但相信整體通脹風險已變得較為平衡，強調當局不會調高2%的通脹目標。"
文創產業發展處在內地辦對談活動推動香港與內地電影產業發展,2025-11-13 23:20,,2025-11-13 23:45,local,rthk,https://news.rthk.hk/rthk/ch/component/k2/1831521-20251113.htm,"文化體育及旅遊局轄下的文創產業發展處和香港電影發展局，率領業界代表團出席第三十八屆中國金雞百花電影節，並於「金雞推介會．香港專場」舉辦香港資深與新生代電影人對談活動，在電影傳承及創新領域上深入交流，向內地電影業界及觀眾展示香港電影的不同面貌與創造力，加深兩地交流合作機會。
　　 
文創產業專員黎細明在對談活動致辭時表示，金雞百花電影節作為國家級電影盛事，正是兩地電影人交流對話、探索合作的重要平台，希望透過這些跨代對談及香港新電影的介紹，讓各界人士深入認識香港新生代電影人、開拓合作商機，推動香港與內地電影產業高質量新發展。"
十五運會｜港隊陳翔志在攀岩項目男子難度決賽名列第7,2025-11-13 23:14,,2025-11-13 23:30,csport,rthk,https://news.rthk.hk/rthk/ch/component/k2/1831520-20251113.htm,"十五運會攀岩項目男子難度決賽，港隊運動攀登代表陳翔志，在決賽8名運動員之中，名列第7。

難度賽容許運動員先觀察攀登路線，然後按出場次序，在限時內攀登，運動員要在沿途的得分點扣上快掛，最快完成整條路線者獲勝，未完成的運動員會按最後取分的位置排名次。

6分鐘限時剩1分29秒時，陳翔志未能堅持攀爬，最終以第7名完成決賽。

湖北代表潘愚非是決賽唯一登頂，完成整條路線的選手，取得金牌。"
十五運會｜港隊麥世霆在男子50米蛙泳決賽得第5名,2025-11-13 23:10,,2025-11-13 23:30,csport,rthk,https://news.rthk.hk/rthk/ch/component/k2/1831518-20251113.htm,"十五運會游泳項目男子50米蛙泳決賽，港隊泳手麥世霆得第5名。

麥世霆在決賽8名泳手之中，是起步反應時間最快的兩人之一，最終以27秒71完成比賽，由於上海代表覃海洋在比賽後被取消資格，原先第6名完成比賽的麥世霆，名次提升至第5。

賽事的金牌由上海的鄭英昊，以26秒97奪得。

另外，在男女4X100米混合泳接力決賽，港隊泳手張心悅、張智傑、古逸豪、李芯瑤第7名完成，時間3分51秒99。浙江隊以3分42秒09奪金。"
美股初段下跌　納指跌逾1%,2025-11-13 22:44,,2025-11-13 23:00,cfinance,rthk,https://news.rthk.hk/rthk/ch/component/k2/1831517-20251113.htm,"美股初段下跌。投資者關注美國政府結束停擺後，即將恢復公布的經濟數據表現。

道瓊斯指數較早時報48136點，跌118點，跌幅0.25%。

納斯達克指數報23158點，跌248點，跌幅1.06%。

標準普爾500指數報6808點，跌42點，跌幅0.62%。 

華特迪士尼公布業績後，股價曾急跌逾9%。"
十五運會｜何詩蓓奪女子2百米自由泳金牌　稱對其後比賽更有信心,2025-11-13 22:43,,2025-11-13 23:00,local,rthk,https://news.rthk.hk/rthk/ch/component/k2/1831516-20251113.htm,"香港泳手何詩蓓在十五運會女子200米自由泳決賽奪得金牌，亦是她在全運會的首面獎牌。何詩蓓賽後表示，滿意自己在決賽的成績，又說對未來幾日的比賽有更大信心。

賽事在深圳大運中心游泳館舉行，文化體育及旅遊局局長羅淑佩擔任項目頒獎嘉賓，她表示，港隊在今屆全運會的成績已打破歷屆紀錄，希望市民繼續支持一眾運動員。"
十五運會｜三人籃球項目港隊男女子隊未能晉級八強賽,2025-11-13 22:35,,2025-11-13 23:00,local,rthk,https://news.rthk.hk/rthk/ch/component/k2/1831515-20251113.htm,"十五運會三人籃球項目，港隊在男子及女子小組賽，未能取得任何勝仗，無緣晉級八強。

男子小組賽，港隊今日上午及下午各打一場比賽，對四川輸9:21，對湖北17:21落敗，3場小組賽都輸波，排名小組第3，未能晉級淘汰賽。

女子小組賽，港隊在中午對山東隊，對手4名參賽球員，都是國家隊現役或前球員，比賽中段港隊落後5:11，最終輸11:21，分組賽連輸兩場，小組賽止步。

港隊女子球員唐曉蕾賽後表示，全運會個別對手實力很強，港隊打得辛苦，但與大部份參賽球隊實力相若，如果備戰更充裕，相信有機會取得勝仗。"
九龍灣站B出口改為「東九文化中心」港鐵稱將繼續檢視站內標示,2025-11-13 22:33,,2025-11-13 23:00,local,rthk,https://news.rthk.hk/rthk/ch/component/k2/1831514-20251113.htm,"近日有市民指出，港鐵九龍灣站B出口的燈箱指示牌，由原本的「淘大花園」改為「東九文化中心」。

港鐵表示，2024年7月份因應東九文化中心落成而更改該燈箱，公司會一併檢視有關情況，作出適當處理。港鐵深明因應城市發展變遷，車站運作需要及乘客習慣等，亦會有所改變，不同使用者對車站設施亦有不同訴求，港鐵將繼續檢視車站內的標示及資訊，以反映車站周邊發展，過程中會加強與持份者溝通。

另外，關於何文田站A出口的燈箱，港鐵表示，早前將該燈箱更新為「朗賢峰」的處理，是按照一般以該出入口最近的建築物作標示而作出更新，同時亦保留A3的出入口指示牌「何文田邨/愛民邨」。港鐵留意到不同持份者的關注，最近已將標示修訂為「何文田邨/愛民邨/朗賢峯」，而A3及A4出入口指示牌則分別維持為「何文田邨/愛民邨」及「朗賢峯」。

港鐵說，架設於車站出入口天花位置的燈箱指示牌，一般會優先考慮顯示出入口最近的建築物，亦會因應是否有更具代表性的地標或公共服務設施的落成，並會考慮不同類別乘客使用情況等，作出相應更新。"
十五運會｜深圳觀賽市民對何詩蓓奪金感驕傲　內地觀眾稱非常厲害,2025-11-13 22:29,,2025-11-13 22:45,local,rthk,https://news.rthk.hk/rthk/ch/component/k2/1831513-20251113.htm,"十五運會女子200米自由泳決賽晚上在深圳大運中心游泳館舉行，本港泳手何詩蓓奪得金牌。

有香港觀眾專程到深圳觀賞賽事，指何詩蓓是她最欣賞的運動員，第一次在現場見證她比賽並贏得全運會首金，認為她的表現很出色，為她感到驕傲。她又說，今晚決賽的門票非常難搶，今屆全運會在粵港澳舉行，更便利市民到場支持。

亦有來自寧波的觀眾表示，以往有留意何詩蓓在巴黎奧運的表現，形容她游自由泳非常厲害，可以親眼看到她比賽非常難得。

有山東觀眾說，曾經看過何詩蓓出戰奧運會和世錦賽，認為她今晚與河北選手李冰潔在200米自由泳項目的對決非常精彩。"
"One local, one imported chikungunya cases reported",2025-11-13 22:25,,2025-11-13 22:45,elocal,rthk,https://news.rthk.hk/rthk/en/component/k2/1831507-20251113.htm,"Health officials on Thursday reported two more chikungunya fever infections, including one domestic case. 

The locally acquired case involves a female patient, 68, who lives in Tung Hei Court in Shau Kei Wan. She has not travelled in the past two months. 

The Centre for Health Protection (CHP) said the patient developed joint pain on Monday, as well as a fever and rash the following day – when she sought hospital treatment. 

""The patient's residence and usual activity areas do not overlap with areas where imported or local cases have been recorded in recent months,"" a statement said. 

""The CHP will carry out a genome analysis to ascertain whether the patient has epidemiological linkage with other cases in Hong Kong.""

The other new case is considered imported and involves an 83-year-old man living in Foshan in Guangdong province. 

The patient came to Hong Kong on Monday, during which he developed a fever and joint pain. He sought help at a hospital on Wednesday. 

The SAR has recorded 61 cases of chikungunya fever so far this year, four of which are local."
立法會選舉｜陳茂波呼籲駐內地及海外經貿辦人員鼓勵親友投票,2025-11-13 22:24,,2025-11-13 22:45,local,rthk,https://news.rthk.hk/rthk/ch/component/k2/1831511-20251113.htm,"財政司司長陳茂波說，今天與香港駐內地及海外各經貿辦事處的同事聚會，呼籲他們鼓勵在港的家人、朋友、同事，在12月7日舉行的立法會選舉積極投票。

陳茂波在社交網頁又說，大家手中的每一票都關係香港的美好未來，選出合適的議會代表，能推動經濟和社會更長足發展。"
食環署選出6名傑出廁所事務員　繼續善用科技提升公廁服務,2025-11-13 22:18,,2025-11-13 22:30,local,rthk,https://news.rthk.hk/rthk/ch/component/k2/1831510-20251113.htm,"食環署評選並表揚6名傑出廁所事務員，3名傑出男廁所事務員分別服務沙田區馬料水海濱公廁、大埔區放馬莆公廁及油尖區科學館道公廁；3名傑出女廁所事務員則分別服務於沙田區馬料水海濱公廁、南區香港仔大道公廁及大埔區放馬莆公廁。

食環署署長吳文傑頒發獎項予獲選廁所事務員，讚揚他們辛勤工作、敬業樂業，確保公共廁所衛生整潔和設施運作良好，讓使用者感到滿意。

食環署近年多管齊下，提升轄下公廁設施、管理及衛生水平，善用科技提升公廁服務，例如已在15間公廁裝設傳感器，實時監測人流和環境參數，當偵測到異味濃度升至警報級別，系統會即時透過短訊通知負責人安排清潔。

食環署使用嶄新空氣淨化技術將污染物催化分解，並在個別公廁利用臭氧機將空氣中的氧氣轉換成臭氧，通過納米氣泡技術，有效氧化水中的細菌和病毒。署方又在全港約200個位於旅遊景點或使用率高的公廁內安裝無線廣播系統，推廣廁所清潔衛生和正確使用設施的重要性。"
十五運會｜港隊女子七人欖球隊明晚與上海隊爭奪第五名,2025-11-13 22:16,,2025-11-13 22:30,local,rthk,https://news.rthk.hk/rthk/ch/component/k2/1831509-20251113.htm,"香港女子七人欖球隊，在十五運會首場名次賽，36:7擊敗河北隊，將於星期五晚，再與上海隊交手爭奪第5名。

港隊今日下午擊敗上海隊，第3名完成小組賽，傍晚在啟德主場館打名次賽，對手河北隊率先達陣及射入附加罰球，7:0領先。

陳穎、莊嘉欣、李念殷先後達陣，何維銨射入兩球附加罰球，港隊扭轉局面，反超前19:7完上半場。

港隊在下半場未再失分，並且憑李念殷及苗頌雅合計3次達陣，港隊最終以29分優勢勝出。"
十五運會｜港隊男子七欖隊員房傑鋒稱金牌戰運用球場闊度尋找機會,2025-11-13 22:14,,2025-11-13 22:30,local,rthk,https://news.rthk.hk/rthk/ch/component/k2/1831508-20251113.htm,"香港男子七人欖球隊，在十五運會打入決賽，隊員房傑鋒表示，全隊要調節心態，認為金牌戰不能急於取分，要運用球場闊度，尋找進攻機會。

港隊今晚在四強，以33:19擊敗江蘇隊，隊長拜恩塞巴在上半場後段，被罰黃牌要離場2分鐘，港隊一度以6人應戰，房傑鋒表示球隊該段時間受壓，球員表現緊張及疲累，形勢變得緊張，經換人及調整後才得到紓緩。

談到明晚的決賽，房傑鋒認為先要調節心態，隊友間要做到互相支援，避免因為主場急於取分，傳球要盡用場地闊度調動對手，尋找空間進攻，爭取勝利甚至在心理上挫敗對方。"
立法會選舉｜民政總署稱關愛隊沒有任何與選舉相關援助金計劃,2025-11-13 22:06,,2025-11-13 22:15,local,rthk,https://news.rthk.hk/rthk/ch/component/k2/1831506-20251113.htm,"民政事務總署表示，得悉有地區服務及關愛隊近日接獲市民查詢，於立法會投票日投票後是否可獲得援助金。署方嚴正聲明，關愛隊沒有任何與選舉相關的援助金計劃。

民政事務總署表示，選民於立法會選舉投票，是履行公民責任的行為，就有人以不實謠言混淆視聽，試圖影響立法會選舉的公平及公正性，署方予以強烈譴責，已將個案轉介相關執法部門調查及跟進。

署方表示，市民如對聲稱來自關愛隊的來電或信息有懷疑，可致電182 111核實。若發現可疑情況，應立即致電警方24小時熱線「防騙易18222」。"
"Men's rugby squad remains unbeaten, reaches NG final",2025-11-13 21:53,,2025-11-13 22:15,elocal,rthk,https://news.rthk.hk/rthk/en/component/k2/1831505-20251113.htm,"The Hong Kong men’s rugby sevens team secured a spot in the National Games final on Thursday, guaranteeing them at least a silver medal after a commanding semifinal performance against Jiangsu.

Hong Kong laid the foundation for victory in the first half at Kai Tak Stadium. 

A revamped lineup, featuring starter Liam Herbert, paid immediate dividends. 

Herbert, alongside Harry Sayers and Fong Kit-fung, each crossed for a try, while Bryn Phillips was flawless with the boot, adding three conversions. 

Despite a late try from Jiangsu just before halftime, the SAR team entered the break with a commanding 21-5 lead.

The second half saw more of the same dominance with Max Denmark making a spectacular impact, scoring two consecutive tries to extend Hong Kong's lead. 

Although Jiangsu intensified their attacks late in the match to add seven points, Hong Kong ultimately sealed the match with a 33-19 victory.

This semifinal win continues Hong Kong's undefeated run at the tournament. 

Earlier, they topped their group, which included a 43-5 win over Inner Mongolia and triumphs over Shandong and Tianjin on the opening day. 

They will now face Shandong again in the gold medal match on Friday at 9pm.

On the women’s side, Hong Kong will play in the fifth-place playoff after a strong 36-7 victory over Hebei in Thursday's placement match.

They had a rough start as Hebei scored an early try and conversion. 

Hong Kong, however, swiftly mounted a comeback, turning the game around to lead 19-7 by halftime. 

They showed no mercy after the break, with Melody Li scoring a try and Julia Oyana crossing for a double. 

A conversion from Jessica Ho contributed to a 17-point second-half haul, cementing a decisive 29-point victory.

This win follows the team's first group-stage victory, where they mounted a second-half comeback to defeat Shanghai 27-14. 

Their group campaign concluded with one win and two losses, having previously been defeated by Shandong and Sichuan. 

The women's team will have a rematch against Shanghai for fifth place on Friday at 6.30pm."
日媒：東京都政府2009年以來首次在11月發布流感警告,2025-11-13 21:40,,2025-11-13 22:00,cinternational,rthk,https://news.rthk.hk/rthk/ch/component/k2/1831504-20251113.htm,"日本東京的流感患者人數超過指定的參考水平，東京都政府發布流感警告。日本放送協會報道，是東京都自2009年以來，首次在11月發布流感警告。

報道說，截至 11 月 9 日的一星期內，東京報告的流感病例數目上升至每間醫療機構大約29人，比前一星期增加大約 5人。

報道又說，今年9月到剛過去的星期日，採取全面或部分停課等措施的幼兒園、小學、初中和高中數量達到1125間，是去年同期99間的11倍以上。

東京都政府呼籲民眾採取防感染措施，包括勤洗手、適時佩戴口罩、以及避免前往人多的地方。"
Two nabbed over school's failure to refund parents,2025-11-13 21:35,,2025-11-13 21:45,elocal,rthk,https://news.rthk.hk/rthk/en/component/k2/1831496-20251113.htm,"Police have arrested two people for allegedly failing to refund hundreds of thousands of dollars as promised to parents of a now-defunct school. 

Officers said they picked up a man, 36, and a 44-year-old woman on suspicion of conspiracy to defraud in Ngau Tau Kok on Thursday. 

The force said it had received multiple reports alleging that a school had collected capital levies from parents, and promised a refund if a pupil happened to drop out. 

""However, the school subsequently ceased operations, and the complainants were unable to receive a full refund, suspecting they had been scammed,"" a police spokesperson said, adding that total losses amounted to roughly HK$1.85 million. 

It's understood that one of those who filed a police report had paid fees totalling HK$380,000 to Inno Secondary School (Kowloon Tong) before enrolling in February.

The individual reportedly only received HK$95,000 in refunds after learning about a change of the institution's ownership in June, and was unable to contact the principal in getting the rest of the money back. 

The spokesperson went on to say that the male suspect was the school's principal.

The school's registration application was earlier rejected by the Education Bureau over an unsatisfying management and financial situation, after a pupil of the private institution was suspected of holding dual student status in Hong Kong and on the mainland."
中芯國際第3季按年多賺近29%　按季升近45%,2025-11-13 21:31,,2025-11-13 21:45,cfinance,rthk,https://news.rthk.hk/rthk/ch/component/k2/1831497-20251113.htm,"中芯國際公布，第3季盈利1.9億美元，按年升近29%，按季升近45%。

季內收入23.8億美元，按年升近10%，按季升近8%。毛利率22%，按年擴闊1.5個百分點。晶圓銷量按年升近18%，按季升近5%，產能利用率升至95.8%。

公司預計，今季收入按季持平至增長2%，毛利率介乎18%至 20%。"
華特迪士尼去年度多賺近1.5倍　上季收入微跌遜預期,2025-11-13 21:29,,2025-11-13 21:45,cfinance,rthk,https://news.rthk.hk/rthk/ch/component/k2/1831503-20251113.htm,"華特迪士尼公布，截至9月27日的財政年度，全年度盈利124億美元，按年急升1.49倍。每股經調整盈利5.93美元，按年升19%。

期內，收入近944.3億美元，按年升逾3%。

單計上季，盈利13.1億美元，按年升近1.9倍。上季收入微跌至2246億美元，差過市場預期。"
Shoji Chan places seventh in men's lead climbing final,2025-11-13 21:24,,2025-11-13 21:45,elocal,rthk,https://news.rthk.hk/rthk/en/component/k2/1831502-20251113.htm,"Hong Kong climber Shoji Chan secured a seventh-place finish in the men's lead climbing final at the National Games on Thursday.

The event was won by Hubei's Pan Yufei, who was the only competitor to successfully reach the top of the climbing route. 

Mu Zerun of Shaanxi and Guangdong's Hu Junzhe claimed the silver and bronze medals.

Chan came in seventh place out of eight athletes."
基孔肯雅熱新增輸入及本地個案各一宗　本地個案女患者居筲箕灣,2025-11-13 21:11,,2025-11-13 22:15,local,rthk,https://news.rthk.hk/rthk/ch/component/k2/1831501-20251113.htm,"本港新增2宗基孔肯雅熱個案，本地及輸入個案各一宗。

本地個案涉及一名68歲女子，住在筲箕灣東熹苑。患者星期一((10/11))出現關節痛，翌日出現發燒及皮疹，同日到東區醫院急症室求醫。初步資料顯示，病人近兩個月沒有外遊，屬本地感染個案。她的住所和日常活動範圍與近月的輸入或本地個案沒有重疊的地方，衞生防護中心會進行病毒基因分析，判斷她是否與本港早前錄得的個案有流行病學關連。　 

輸入個案涉及一名83歲男子，長居於廣東佛山。他星期一((10/11))訪港，暫居於深水埗，同日出現發燒及關節痛，昨日((12/11))到瑪嘉烈醫院求醫。由於病人在潛伏期內身處廣東，相信他是在廣東感染，屬於輸入個案。

兩名病人目前情況穩定，68歲女子和83歲男子分別有2名和1名家居接觸者，暫時沒有出現病徵，正接受醫學監察。

截至下午5時，本港今年累計錄得61宗基孔肯雅熱確診個案，4宗屬本地個案，其餘全部屬輸入個案。"
十五運會｜羅淑佩冀何詩蓓續取佳績　樂見不少年輕運動員冒起,2025-11-13 21:04,,2025-11-13 21:15,local,rthk,https://news.rthk.hk/rthk/ch/component/k2/1831500-20251113.htm,"十五運會女子200米自由泳決賽晚上在深圳大運中心游泳館舉行，港隊泳手何詩蓓奪得金牌。文化體育及旅遊局局長羅淑佩到場觀賞賽事並擔任頒獎嘉賓。

羅淑佩表示，非常開心，何詩蓓全程由頭帶到尾，贏得港隊在全運會游泳項目歷來首面金牌，希望她在餘下的項目繼續有好成績。她說，港隊目前在今屆賽事中已奪得三金一銅，成績打破歷屆紀錄，認為香港運動員非常值得大家喝采及繼續支持。

羅淑佩又說，有與其他泳隊隊員交流，當中不少是中學生，很開心看到不少年輕運動員開始冒起，相信泳隊未來發展會越來越好。

被問到香港手球隊在全運會中有好成績，會否向他們提供永久的場地支援，羅淑佩說，手球隊以業餘姿態挑戰全國職業強隊，令她很振奮，但在香港要提供永久場地並不容易，亦未必能即時幫到手球隊，認為現時要解決的是燃眉之急，她已經與體育專員及康文署開會，形容已有進展，希望很快有好消息。

至於國際奧委會終身名譽主席巴赫表示，大灣區具備申辦奧運所需的條件，羅淑佩說感到榮幸和開心，但申辦奧運是國家的行為，現階段會繼續辦好全運會和殘特奧會，但相信經過今次經驗後，沒有事情是不可能。"
十五運會｜男子七欖港隊四強擊敗江蘇入決賽　明晚與山東爭金牌,2025-11-13 21:02,,2025-11-13 21:15,local,rthk,https://news.rthk.hk/rthk/ch/component/k2/1831499-20251113.htm, 
日本大阪一座大廈發生火警三死三傷,2025-11-13 20:51,,2025-11-13 21:15,cinternational,rthk,https://news.rthk.hk/rthk/ch/component/k2/1831498-20251113.htm,"日本大阪一座住宅大廈發生火警，造成三死三傷，當局正調查起火原因。

日本傳媒報道，事發在昨晚，起火大廈位於大阪西成區，警方表示，在大廈五樓一個相信是火警源頭的房間，發現一具年齡和性別不明的遺體。又在五樓另一個單位，發現一男一女受傷，送院後證實死亡。火警中另外有三名男子分別在四樓和五樓獲救送院，他們由60多歲至80多歲。

報道說，大廈許多住戶都是長者，其中一些需要臥床或只能依靠輪椅出行。報道又說，死者可能是一名女性護理員，負責照顧大廈的長者和殘疾住戶。"
市場關注外匯基金今季表現或較第3季遜色,2025-11-13 20:01,,2025-11-13 20:15,cfinance,rthk,https://news.rthk.hk/rthk/ch/component/k2/1831495-20251113.htm,"外匯基金今年首3季投資收入創歷來同期新高，達2740億元，未計及第3季其他投資已經超越去年全年。單計第3季，投資收入600億元，未有計入其他收入，當中涉及長期增長組合持有的私募股權及實物資產投資估值變動。

高富金融投資總監梁偉民表示，第3季外匯投資錄得虧損266億元，受到美元期內轉強，拖累非美元資產表現。股票投資收入雖然高於債券，但股票投資只佔外匯基金比重逾一成，即使股市表現理想亦未能大幅帶動整體投資收入。

他不排除第4季外匯基金表現較第3季遜色，指出港股第4季以來幾不多無升幅，外圍股市保持升勢，但表現可能不如上半年。債市方面，市場預計聯儲局12月減息機會降溫，近期不同年期債息回升，債價跌或拖累外匯基金債券投資收入。如果美元維持反彈走勢，亦將影響非美元資產表現。

他又說，今季投資市場風險因素除聯儲局年底是否減息，市場對人工智能投資熱情能否持續亦對股票投資收入有影響。"
十五運會｜羅淑佩讚何詩蓓出類拔萃　憑非凡實力堅毅鬥志勇奪金牌,2025-11-13 19:59,,2025-11-13 20:15,local,rthk,https://news.rthk.hk/rthk/ch/component/k2/1831494-20251113.htm,"港隊泳手何詩蓓在十五運會女子200米自由泳決賽，奪得金牌，文化體育及旅遊局局長羅淑佩表示熱烈祝賀。

羅淑佩表示，何詩蓓表現出類拔萃，憑着非凡實力和堅毅鬥志勇奪金牌，展現香港運動員的風采。她和全港市民一樣，為她感到十分驕傲，亦祝願她在餘下賽事再創佳績。

港隊至今在十五運會共取得4面獎牌，包括3金1銅。"
十五運會｜奪金牌何詩蓓滿意成績　未到最佳狀態但感覺越來越近,2025-11-13 19:54,,2025-11-13 20:15,local,rthk,https://news.rthk.hk/rthk/ch/component/k2/1831493-20251113.htm,"港隊泳手何詩蓓，在十五運會游泳項目，奪得女子200米自由泳金牌，她賽後表示，滿意自己決賽成績，又說對未來幾日的比賽有更大信心。

何詩蓓以「由頭帶到尾」的姿態，1分54秒85的時間完成賽事。今次是首次參加全運會的何詩蓓，在首項賽事就奪得金牌，何詩蓓表示很開心，並滿意決賽造出的時間，雖然仍未恢復到最佳狀態，但感覺越來越近，父母都有到場觀看賽事。

何詩蓓明日將出戰女子100米自由泳預賽，她表示最重要是爭取時間恢復，明日繼續比賽。"
京東集團第3季盈利按年跌55%　收入升近15%,2025-11-13 19:53,,2025-11-13 20:15,cfinance,rthk,https://news.rthk.hk/rthk/ch/component/k2/1831490-20251113.htm,"京東集團第3季盈利近52.8億元人民幣，按年跌約55%。非美國通用會計準則計，經調整盈利約58億元，按年跌56%。

季內收入按年升近15%至2991億元。當中，商品收入升逾10%至近2261億元，服務收入升逾30%至近730億元。

今年首3季盈利223.4億元，按年跌29%。總收入升近18%至9568億元。"
'Flying fish' Haughey wins SAR's third NG gold,2025-11-13 19:51,,2025-11-13 20:15,elocal,rthk,https://news.rthk.hk/rthk/en/component/k2/1831491-20251113.htm,"Hong Kong’s flying fish Siobhan Haughey lived up to her nickname on Thursday by powering her way to a gold medal in the women’s 200-metre freestyle, claiming the city's first swimming medal of this year's National Games.

The Olympic silver and bronze medallist dominated the race from lane five, finishing in one minute and 54.85 seconds and touching the wall by almost a full body's length ahead of her closest rival. 

The Asian record-holder led at every turn, securing her place at the top of the podium in Shenzhen. 

Hebei's Li Bingjie and Liu Yaxin of Zhejiang took second and third place.

The victory marks a triumphant debut for Haughey at the National Games, especially after taking a break early this year and having recovered from a back injury.

""I’m very happy and quite satisfied with the time I clocked,"" she said. 

""Although I know I haven't fully returned to my peak performance yet, I feel that I’ve taken a step closer to that state. I’m more confident about the upcoming competitions.""

The win is Hong Kong's third gold medal at the Games, following victories in sailing and road racing. 

Haughey will be back in the pool on Friday for the women's 100-metre freestyle heats.

Secretary for Culture, Sports and Tourism Rosanna Law congratulated Haughey on her win.

""Haughey reaped the gold medal with her excellent performance, exceptional ability and tireless efforts, demonstrating Hong Kong athletes' talent,"" she said. 

""Same as other Hong Kong citizens, I am so proud of her and wish her success in the remaining competitions.""
_____________________________
Last updated: 2025-11-13 HKT 19:53"
京東健康上季經調整盈利按年升逾42%　京東物流跌逾21%,2025-11-13 19:34,,2025-11-13 20:00,cfinance,rthk,https://news.rthk.hk/rthk/ch/component/k2/1831467-20251113.htm,"京東健康第3季盈利近18.4億元人民幣，按年急升逾97%；非國際財務報告準則計，經調整盈利19億元，按年升逾42%。收入升近29%至171.2億元。

另外，京東物流第3季盈利20.3億元，按年跌近8%；經調整盈利20.2億元，按年跌逾21%。收入升逾24%至550.8億元。"
十五運會｜何詩蓓奪女子200米自由泳金牌,2025-11-13 19:19,,2025-11-13 19:30,local,rthk,https://news.rthk.hk/rthk/ch/component/k2/1831489-20251113.htm, 
National Games track cycling kicks off at HK Velodrome,2025-11-13 19:19,,2025-11-13 19:30,elocal,rthk,https://news.rthk.hk/rthk/en/component/k2/1831441-20251113.htm,"All of Hong Kong's cycling teams were unable to advance out of the qualifying round while racing at home at the National Games on Thursday, but some of them said it was still very much an enjoyable experience. 

With the home crowd cheering at the Hong Kong Velodrome in Tseung Kwan O, the pursuit team of Leung Bo-yee, Leung Wing-yee, Yang Qianyu and Kwan Tsz-kwan, clocked more than 4 minutes and 34 seconds in the 4,000-metre race, but they finished 12th out of 13 teams.

They were part of the team that helped cyclist Ceci Lee defend her road cycling gold medal last week.

Leung Bo-yee said they were a little affected by the short turnaround.

""It was a bit tough. There were three days between races, and we came back from Zhuhai to Tseung Kwan O,"" she told RTHK. 

""But one advantage we have is that this is our home ground, we didn't have to adjust to a new venue.""

Veteran Yang, meanwhile, said it was very enjoyable to race in front of the home crowd.

""The crowd kept on cheering for us. All of us had a rather peace of mind – we were out there enjoying the race. The time we achieved was actually faster than expected,"" she said.

Team Henan managed a new national record with a time of 4 minutes and 15.659 seconds in the qualifiers.

For their part, Hong Kong sprinters Yeung Cho-yiu, Phoebe Tung and Ng Sze-wing, defeated Gansu riders in the qualifying round.

But their time of 49.63 seconds put them 11th out of 12 teams, with only eight making the cut. 

In the men's draw, the Hong Kong pursuit team of Ng Pak-hang, Vincent Lau, Mow Ching-yin and Franco Chu were the closest to advancing.

Their time of 4 minutes 4.387 seconds was only 0.05 seconds behind 8th-placed Jilin.

The sprint team, meanwhile, managed a little under 44.7 seconds, good for 11 out of 13 teams."
酒店房被用作貯存及分發倉庫　海關檢約24萬支私煙拘捕5名男子,2025-11-13 19:10,,2025-11-13 19:30,local,rthk,https://news.rthk.hk/rthk/ch/component/k2/1831488-20251113.htm,"海關破獲一個利用酒店房間貯存及分發私煙的犯罪集團，檢獲約24萬支私煙，市值約108萬元，應課稅值約79萬元，拘捕五名男子，明日在西九龍裁判法院提堂。

海關昨日下午在葵涌一間酒店內截查四名可疑男子，在他們擺放於行李車上的尼龍袋中檢獲約8萬支私煙，於是將他們拘捕。海關人員其後押解他們到酒店內一個房間搜查，再檢獲多約16萬支私煙，並於房間內拘捕另一名男子。

海關相信，被捕人士為減低被海關偵查的風險，刻意利用酒店房間作為暫存倉庫，以螞蟻搬家形式分發私煙，海關會繼續追查私煙的來源及去向，不排除會有更多人被捕。"
立法會選舉｜生產力促進局為參與投票員工提供特別半天假期,2025-11-13 19:06,,2025-11-13 19:30,local,rthk,https://news.rthk.hk/rthk/ch/component/k2/1831487-20251113.htm,"立法會換屆選舉將於12月7日舉行。生產力促進局表示，將為選舉日參與投票的員工提供特別半天假期，鼓勵合資格選民員工及親友踴躍投票，履行公民責任，為香港未來注入動力。

發言人說，立法會為香港特別行政區管治架構的重要一環，新一屆立法會選舉意義重大，將直接影響香港經濟發展與民生福祉，與每名市民的未來息息相關。

生產力局鼓勵市民及業界踴躍投票，以實際行動支持香港未來發展，未來將繼續與社會各界合作，把握國家「十五五」規劃帶來的發展機遇，推動香港繁榮進步。"
【重溫】2025年11月13日新聞天地,2025-11-13 18:44,,2025-11-13 19:00,local,rthk,https://news.rthk.hk/rthk/ch/component/k2/1831483-20251113.htm,詳盡報道本地時事、大中華消息、國際局勢等新聞，緊貼最新熱話。
Variety show to be held on eve of polling day,2025-11-13 18:25,,2025-11-13 18:30,elocal,rthk,https://news.rthk.hk/rthk/en/component/k2/1831455-20251113.htm,"The government will host a variety show the night before the Legislative Council elections in December, in a bid to encourage more people to cast their ballots.

All seven digital media organisations in Hong Kong, including RTHK, will broadcast the show live from 8pm on December 6.

Constitutional affairs minister Erick Tsang gave a press conference in Tseung Kwan O on Thursday to announce the arrangements.

Free tickets will be available, and singers and artistes from different stations will take part in the show.

Meanwhile, seven senior officials made an appeal to voters to cast their ballots, using six dialects.

In a video clip posted on the social media page of civil service chief Ingrid Yeung, they used Hakka, Hokkien, Chiuchow, Shandong, Cantonese and Mandarin to ask people to support the candidates of their choosing."
貿發局：香港在區域供應鏈轉型扮演關鍵角色,2025-11-13 18:22,,2025-11-13 18:45,local,rthk,https://news.rthk.hk/rthk/ch/component/k2/1831482-20251113.htm,"貿發局研究總監范婉兒表示，不論供應鏈如何重塑，香港在協助內地企業走向國際扮演越來越重要角色。

她指出，香港佔部分東盟國家的外商直接投資（FDI）金額比例高於內地，以馬來西亞為例，香港去年有關佔比達35.5%，遠高於內地的0.1%；香港在印尼市場的FDI佔比達13.7%，略多於內地。她認為，內地企業經香港子公司對外投資，而非直接到當地進行。

她又說，2023年約89%內地企業因應全球貿易情況而希望拓展海外市場，約73%及約58%分別表示希望拓展一帶一路沿線市場及東盟，兩個數字在去年分別升至95%及74%，更多企業希望透過香港走出去。

美國灣區委員會經濟研究所高級總監Sean Randolph表示，很多美國企業正積極利用深圳、廣東等灣區資源進行生產，香港一直是企業與內地進行貿易往來的中轉站。他指，企業可將服務及管理中心設於香港，在香港管理內地尤其大灣區的供應鏈。"
許澤森鼓勵求職者與僱主參加勞工處促進中高齡人士就業計劃,2025-11-13 18:22,,2025-11-13 18:45,local,rthk,https://news.rthk.hk/rthk/ch/component/k2/1831485-20251113.htm,"勞工處處長許澤森下午到訪勞工處舉辦的「新起點中高齡招聘會」，鼓勵求職人士及僱主利用勞工處服務，促進中高齡人士就業。

許澤森表示，勞工處就業中心為中高齡人士提供專項服務，包括優先就業轉介和就業講座，處方「互動就業服務」網站亦設立「年長求職人士專頁」，方便中高齡人士獲取最新就業資訊和尋找合適空缺。勞工處今年首10個月，已舉辦63場適合中高齡人士的大型或地區性專題招聘會，較去年全年的場次增加1倍。

許澤森又說，鼓勵求職人士和僱主參加勞工處促進中高齡人士就業的計劃，其中「再就業津貼試行計劃」鼓勵40歲或以上人士重投就業市場，並為他們提供再就業津貼；「中高齡就業計劃」向僱主發放在職培訓津貼，鼓勵僱主聘請40歲或以上的人士，及為他們提供在職培訓。

「新起點中高齡招聘會」今明兩日在旺角麥花臣場館一樓舉行，費用全免。超過60間機構參加今次招聘會，合共提供超過2800個包括飲食、零售及物業管理等行業的優質職位空缺。"
11個月大男嬰感染甲型流感　留院逾兩周因併發症延至今日不治,2025-11-13 18:19,,2025-11-13 18:30,local,rthk,https://news.rthk.hk/rthk/ch/component/k2/1831484-20251113.htm, 
商務部回應大豆採購　指中方會與全球貿易夥伴持續深化互利合作,2025-11-13 18:10,,2025-11-13 18:30,greater_china,rthk,https://news.rthk.hk/rthk/ch/component/k2/1831481-20251113.htm,"在北京，商務部發言人回應記者提問，中美是否有就採購大豆數量達成共識時表示，中方將繼續秉持開放合作的態度，與全球貿易夥伴持續深化互利合作，共同維護開放穩定可持續的全球貿易體系。

中美元首上月底會面後，美方公布中國將在年底購買至少1200萬噸美國大豆，並在未來三年，每年採購2500萬噸美國大豆，但有報道指，中國採購美國大豆近日已再次停滯。

美國大豆出口協會首席執行官蘇健接受內地傳媒訪問時表示，美國國內大豆產量遠大於消耗，認為中美之間存在協同效應，美國豆農正在嘗試使出口市場多元化，但中國市場的重要性沒有改變。

中共中央政治局委員、國務院副總理何立峰較早前在北京，會見美中關係全國委員會董事會成員時表示，中美在經貿領域擁有廣闊合作空間，中美雙方應相向而行，加強合作、管控分歧，推動中美經貿關係穩定發展。"
十五運會｜攀岩港隊陳翔志晚上出戰難度決賽,2025-11-13 18:08,,2025-11-13 18:15,local,rthk,https://news.rthk.hk/rthk/ch/component/k2/1831480-20251113.htm,"十五運會攀岩項目，港隊男子代表陳翔志，晚上會出戰難度決賽，他和隊友黃卓楠，在早上舉行的速度預賽，都未能晉級。

而在武術散打男子團體項目，港隊輸給湖南，未能晉身八強。"
政府下月6日舉行「同心・投票・創未來大匯演」,2025-11-13 18:05,,2025-11-13 18:15,local,rthk,https://news.rthk.hk/rthk/ch/component/k2/1831479-20251113.htm,"立法會選舉下月7日舉行，政府會在前一晚，於在西九文化區舉行「同心・投票・創未來大匯演」綜藝晚會，由7間電子傳媒聯播，除了可在媒體的平台收聽或收看直播，現場亦會免費招待市民，稍後會公布入場券派發詳情。

另外，當局推出立法會選舉主題曲《同心‧投票‧創未來》，改編自郭富城的歌曲《強》，歌曲今日起在各大平台播放。"
Legco hopefuls vow livelihood fix in Kowloon West,2025-11-13 18:03,,2025-11-13 18:30,elocal,rthk,https://news.rthk.hk/rthk/en/component/k2/1831477-20251113.htm,"Candidates vying for a seat in next month's Legislative Council polls promised greater efforts in tackling livelihood issues for Kowloon West constituency voters during a government-hosted election forum on Thursday. 

Haywood Guan, a district councillor, shared his vision in bolstering support for the local workforce while pointing to the latest unemployment rate of 3.9 percent. 

""There's a need to protect local employment and prevent an influx of imported labour. I would suggest the government to examine the manpower demand, review the quota for imported labour, and make adjustments, to ensure stable employment for local residents,"" Guan said. 

Alice Lau, a charitable organisation's chief executive, outlined her hopes in shoring up support for families in the city. 

""I propose that the government implement a five-year plan on introducing family-friendly policies, set five-year targets, offer tax incentives to participating companies, and encourage firms to implement work-from-home arrangements at least once a week and provide caregiver leave to workers from dual-income households,"" Lau said.

Incumbent lawmaker Leung Man-kwong highlighted his work in the past four years in calling for a better living environment. 

""I will do my utmost to push for a review of the tenants purchase scheme... I will also continue to monitor the progress of regulating basic housing units. There's a need to provide appropriate support to residents, tenants and landlords,"" Leung said. 

""I will call for the incessant improvement of the Home Ownership Scheme market to give everyone an opportunity for upward mobility and hope for affordable housing."" 

The Business and Professionals Alliance's Jeffrey Pong, who is a doctor and district councillor, pointed to the pressure faced by the public healthcare system. 

""[The government] should further promote public-private partnership and explore cross-boundary bilateral medical collaboration,"" Pong said. 

""Through public-private partnership and collaboration within the Greater Bay Area, I am confident that the waiting time for specialist outpatient visits and surgeries can be cut by 30 to 40 percent if I were to be elected, so that people no longer have to experience long queuing time."" 

For incumbent DAB lawmaker Vincent Cheng, fast-tracking urban renewal was a key priority.

""The redevelopment of old buildings has been rather slow in recent years. Although several projects have been completed, I will continue to push for urban renewal,"" Cheng said. 

""With many owners of old buildings concerned about maintenance, I will continue to follow up on 'Operation Building Bright' and the subsidy scheme for fire safety improvement works.""

A total of 39 ""Patriots Collaborate for Good Governance"" election forums are being organised by the government, covering the geographical, functional and Election Committee constituencies.

All the forums are broadcast live on RTHK TV31 and RTHK Radio 1."
十五運快訊｜何詩蓓200自今晚爭獎牌　港隊七欖男子隊首名出線,2025-11-13 18:02,,2025-11-13 18:15,local,rthk,https://news.rthk.hk/rthk/ch/component/k2/1831478-20251113.htm,"十五運會游泳項目，港隊代表何詩蓓晉身女子200米自由泳決賽，今晚會爭獎牌；港隊於男女4X100米混合泳接力預賽總成績排第六，晉身今晚舉行的決賽。

七人制橄欖球方面，港隊男子隊在小組最後一輪大勝內蒙古，三戰全勝晉級，今晚會鬥江蘇隊，爭取躋身明晚的金牌戰。

場地自行車賽於香港單車館開鑼，港隊於男、女子團體競速賽均未能晉級。"
十五運會｜何詩蓓200自今晚爭獎牌　港隊男女混合泳接力晉身決,2025-11-13 17:57,,2025-11-13 18:15,local,rthk,https://news.rthk.hk/rthk/ch/component/k2/1831476-20251113.htm,"十五運會游泳項目，港隊代表何詩蓓今晚將會出戰女子200米自由泳決賽，她在昨晚的準決賽以總成績第二名晉級，賽後說相信在決賽可以再游快些。

港隊的張心悅、張智傑、古逸豪及李芯瑤在今早舉行的男女4X100米混合泳接力預賽，以總成績第六名，晉級今晚舉行的決賽。"
十五運會｜何詩蓓200自今晚爭獎牌　港隊男女混合泳接力晉決賽,2025-11-13 17:57,,2025-11-13 19:00,local,rthk,https://news.rthk.hk/rthk/ch/component/k2/1831476-20251113.htm,"十五運會游泳項目，港隊代表何詩蓓今晚將會出戰女子200米自由泳決賽，她在昨晚的準決賽以總成績第二名晉級，賽後說相信在決賽可以再游快些。

港隊的張心悅、張智傑、古逸豪及李芯瑤在今早舉行的男女4X100米混合泳接力預賽，以總成績第六名，晉級今晚舉行的決賽。"
十五運會｜港隊七欖男子隊小組首名出線　單車館場地賽開鑼,2025-11-13 17:56,,2025-11-13 18:15,local,rthk,https://news.rthk.hk/rthk/ch/component/k2/1831475-20251113.htm,"十五運會七人制橄欖球項目，港隊男子隊在小組最後一輪大勝內蒙古，三戰全勝晉級，今晚會鬥江蘇隊，爭取躋身明晚的金牌戰。

場地自行車賽於香港單車館開鑼，港隊於男、女子團體競速賽均未能晉級。"
騰訊第3季國際市場遊戲收入按年升43%　本土遊戲收入升15%,2025-11-13 17:56,,2025-11-13 18:15,cfinance,rthk,https://news.rthk.hk/rthk/ch/component/k2/1831464-20251113.htm,"騰訊第3季收入1928.7億元人民幣，按年及按季分別升15%及5%。

當中，增值服務收入958.6億元，按年升16%，按季升5%。國際市場遊戲收入208億元，按年及按季升43%及11%，受惠於Supercell旗下遊戲收入增長、近期收購的遊戲工作室收入貢獻，以及新發布個人電腦及主機遊戲銷量。

至於本土市場遊戲收入428億元，按年升15%，按季亦升6%。社交網絡收入323億元，按年升5%，由於視頻號直播服務收入、音樂付費會員收入及小遊戲平台服務費增長；按季基本穩定。

金融科技及企業服務業務收入近582億元，按年及按季分別升10%和5%，受惠於商業支付活動及消費貸款服務收入增加，以及雲服務收入增長，特別是企業客戶對AI服務需求上升，微信小店交易額擴大亦帶動商家技術服務費收入。"
商務部：加快推進中國—東盟自貿區3.0版議定書國內核准工作,2025-11-13 17:47,,2025-11-13 18:00,greater_china,rthk,https://news.rthk.hk/rthk/ch/component/k2/1831474-20251113.htm,"中國—東盟自貿區3.0版昇級議定書已正式簽署。在北京，商務部新聞發言人何亞東說，商務部正在加快推進議定書的國內核准工作。
 
何亞東表示，中國—東盟自貿區3.0版昇級議定書的簽署，是雙方合作的重要里程碑，標誌著雙方經濟一體化進程，從傳統的貿易投資自由化便利化拓展至數字、綠色、標準、產供鏈等新興領域。

他提到，3.0版昇級，有力推動區域數字科技賦能、綠色產業合作、產供鏈互聯互通和標準規制對接，促進區域內大市場和產業鏈供應鏈加快融合發展。
 
何亞東說，雙方企業對此高度關注，正是看到議定書蘊含的巨大商機。許多地方和企業已經行動起來，積極研究議定書新規則，為議定書生效後搶抓新機遇做好準備。"
美國經濟研究所：美國政府停擺已造成數十億美元經濟損失,2025-11-13 17:42,,2025-11-13 18:00,cfinance,rthk,https://news.rthk.hk/rthk/ch/component/k2/1831473-20251113.htm,"美國政府剛結束歷來最長停擺，美國灣區委員會經濟研究所高級總監Sean Randolph表示，目前仍不確定政府停擺帶來的長期影響，但估計已造成數十億美元經濟損失，並影響到消費者及選民情緒，無法紓緩生活成本。

他指，美國關稅措施仍有很大不確定，企業或推遲投資決策，現時美國大多數企業正承擔大部分關稅成本，估計明年首季會將成本大幅轉嫁予消費者。

他又提到，美國與印度及瑞士仍持續進行貿易談判，預料對印度的關稅稅率或會大幅下降，亦估計印度或會進一步減少自俄羅斯進口石油。

香港貿發局研究總監范婉兒則表示，今年對美國出口佔香港整體出口比例5.8%至5.9%，略低於去年約6%水平，出口產品約一半來自內地，其餘來自世界各地。她說，之前較擔憂美國對中國徵收較高關稅，影響內地的貨源，但現時分別不大。

貿發局9月將香港今年出口增長預測上調到7%至9%，對於中美貿易休戰延長約1年，范婉兒不回應會否調整出口表現預測，只表示下月10日會公布。"
HK stocks reverse early losses amid wait for key data,2025-11-13 17:36,,2025-11-13 18:00,efinance,rthk,https://news.rthk.hk/rthk/en/component/k2/1831472-20251113.htm,"Mainland stocks edged up on Thursday, led by gains in new energy sector shares, while investors awaited key economic data due on Friday.

In Hong Kong, the benchmark Hang Seng Index ended up 150 points, or 0.56 percent, at 27,073 while the Hang Seng China Enterprises Index rose 0.63 percent  to 9,599 and the Hang Seng Tech Index was 0.8 percent up at 5,981.

Alibaba rallied 3.3 percent after a Bloomberg News report that the firm is preparing a revamp of flagship AI app to resemble ChatGPT.

Up north, the benchmark Shanghai Composite Index was up 0.73 percent at 4,029, its highest since 2015, while the Shenzhen Component Index was 1.78 percent higher at 13,476 and the ChiNext Index, tracking China's Nasdaq-style board of growth enterprises, gained 2.55 percent to close at 3,201. 

The combined turnover of these two indexes stood at over 2.04 trillion yuan, down from 1.95 trillion yuan on Wednesday.
 
Shares related to chemicals, ceramics and nonferrous metals led gains while those related to textile machinery and electric power suffered major losses.
  
China's blue-chip CSI300 index climbed 1.2 percent, with the CSI New Energy Vehicle Index leading gains by surging 6.2 percent to a three-year high and the New Energy Index rallying 4.7 percent in its biggest single-day gain in two weeks.

Battery maker CATL surged 7.6 percent to near a record high last seen in October while miner Tianqi Lithium jumped 10 percent.

The surges came as the Ministry of Industry and Information Technology is set to announce a comprehensive plan to boost the new energy battery sector and promote its infrastructure usage, a senior official said on Thursday.

The artificial intelligence sector and chip shares climbed 0.6 percent and 0.7 percent, respectively, to recover some losses seen this week.

""The market will likely continue consolidating and building momentum around the 4,000-point level in the short term, which is beneficial for solidifying the market foundation and accumulating strength for subsequent movements,"" analysts at Yingda Securities said in a note.

""It could help set the stage for further breaking new highs for the rest of the year.""

Elsewhere, investors are awaiting China's key set of data releases such as retail sales, industrial output, and investment on Friday, to get a sense of the economic recovery and any implications for the policy outlook. (Reuters/Xinhua)"
內地10月新增人民幣貸款2200億元遜預期,2025-11-13 17:27,,2025-11-13 17:45,cfinance,rthk,https://news.rthk.hk/rthk/ch/component/k2/1831468-20251113.htm,"人民銀行公布，內地首10個月新增人民幣貸款14.97萬億元。外電以此計算，10月新增貸款約2200億元，差過市場預期的5000億元，亦遠低於9月的1.29萬億元。

至10月底，人民幣貸款餘額270.61萬億元，按年增長6.5%，增速略低過9月和市場預期的6.6%。廣義貨幣供應量（M2）按年增長8.2%，較9月放慢0.2個百分點，但略高於預期。

至10月底，社會融資規模存量437.72萬億元，按年增長8.5%。首10個月社會融資規模增量累計30.9萬億元，按年多3.83萬億元。"
瑪嘉烈醫院7醫生染手足口病　院方調查感染源頭,2025-11-13 17:26,,2025-11-13 18:00,local,rthk,https://news.rthk.hk/rthk/ch/component/k2/1831471-20251113.htm,"瑪嘉烈醫院有7名醫生確診手足口病，院方正調查感染源頭。

院方發言人說，內科及老人科和外科部門7名醫生，本月2日起先後出現發燒、喉嚨痛及皮疹等病徵，其後確診感染手足口病。其中1人已康復上班，其餘正休假，情況穩定。

發言人表示，已就事件調查，初步發現7名員工曾於不同聚會有接觸，事件沒有影響醫院服務，亦無病人受到影響。發言人說，職員工作期間有遵從感染控制指引，包括佩戴外科口罩及確保手部衞生。"
瑪嘉烈醫院7醫生確診手足口病　院方調查感染源頭,2025-11-13 17:26,,2025-11-13 17:45,local,rthk,https://news.rthk.hk/rthk/ch/component/k2/1831471-20251113.htm,"瑪嘉烈醫院有7名醫生確診手足口病，院方正調查感染源頭。

院方發言人說，內科及老人科和外科部門7名醫生，本月2日起先後出現發燒、喉嚨痛及皮疹等病徵，其後確診感染手足口病。其中1人已康復上班，其餘正休假，情況穩定。

發言人表示，已就事件調查，初步發現7名員工曾於不同聚會有接觸，事件沒有影響醫院服務，亦無病人受到影響。發言人說，職員工作期間有遵從感染控制指引，包括佩戴外科口罩及確保手部衞生。"
十五運會｜男子七欖港隊今晚出戰四強賽　球員感謝觀眾入場支持,2025-11-13 17:25,,2025-11-13 17:45,local,rthk,https://news.rthk.hk/rthk/ch/component/k2/1831470-20251113.htm,"香港男子七人欖球隊在十五運會小組賽3戰全勝，晉級今晚的四強比賽。隊員房傑鋒表示，港隊球員進攻支援需要加快，如能做到，將更容易打入決賽。

港隊下午以43:5大勝內蒙古，全場3次達陣的房傑鋒表示，全隊由走出更衣室開始，已經有信心要壓倒性擊敗對手，他感謝觀眾入場支持，令球員更想取分。

港隊今晚在4強對江蘇隊，房傑鋒表示，港隊進攻每次有突破時，隊員支援較慢，以至較易被對手轉守為攻，認為如果支援可以加快，相信會更容易晉身決賽。"
消息：一諾中學（九龍塘）男校長及一女子涉串謀行騙及欺詐被捕,2025-11-13 17:22,,2025-11-13 17:45,local,rthk,https://news.rthk.hk/rthk/ch/component/k2/1831469-20251113.htm,"一諾中學（九龍塘）早前有學生懷疑持有雙重學籍事件，校方被教育局拒絕註冊申請，有家長懷疑為子女繳交款項後，未能取回全部款項。據了解，警方西九龍重案組調查後，拘捕一名36歲男子及一名44歲女子，涉嫌串謀行騙及欺詐。

消息說，被捕的36歲男子是學校的校長，他與另一名女子，在今日早上7時許被警員拘捕。

據了解，警方接報，有報案人稱去年年尾為子女報讀該校，需要支付38萬港元留位費、行政費和雜費等，並承諾這些費用在學生畢業後和轉校的時候可以退回。報案人的子女在今年2月入讀，其後於6月，報案人收到學校校長通知，學校擁有權轉變，學生可以選擇留校或轉到其他學校，學校會退回上述費用，但報案人只收到9萬5千元退款。報案人多次致電校長查詢退款但無結果，於是前往警署報案。"
外交部：中方敦促七國集團停止操弄涉華議題、干涉中國內政,2025-11-13 17:06,,2025-11-13 17:30,greater_china,rthk,https://news.rthk.hk/rthk/ch/component/k2/1831466-20251113.htm,"在北京，外交部發言人林劍說，中方敦促七國集團停止操弄涉華議題、干涉中國內政。

林劍表示，中方強烈不滿，堅決反對七國集團的外長會聯合聲明，再次罔顧事實、顛倒黑白，蓄意污蔑抹黑中國，粗暴干涉中國內政。

他強調，當前東海南海的局勢總體保持穩定，七國集團應停止借涉海問題挑動爭議、加劇局勢緊張、破壞地區和平穩定。

林劍說，中方在烏克蘭危機問題上，從未向衝突的任何一方致命性武器，嚴格管控軍民兩用物項。

他指出，七國集團對美核裁軍特殊優先責任和美英澳三邊安全夥伴關係造成核擴散風險避而不談，還拿中國說事，這是典型的是非不分。

林劍說，中國對出口管制體系進行規範和完善，符合國際通行做法，目的是更好地維護世界和平與地區穩定，履行國際義務。七國集團應停止將經貿問題政治化、武器化，以免破壞國際經濟秩序和全球產供鏈。"
'US firms' China ties remain strong amid tariffs',2025-11-13 17:05,,2025-11-13 17:30,elocal,rthk,https://news.rthk.hk/rthk/en/component/k2/1831459-20251113.htm,"American firms have continued to remain deeply engaged in Chinese markets despite intensifying US-China relations due to trade policies, a foreign think tank said on Thursday.

That's according to research conducted by the Bay Area Council Economic Institute of the United States.

Senior Director Sean Randolph said the Greater Bay Area is particularly attractive to US companies. 

""Many of them are actively using resources in Guangdong province, coming out of Shenzhen or Dongguan or Guangzhou for their manufacturing as major sources of manufacturing inputs to their products,"" he said.

""And so many of them will be familiar with the productive capabilities in the GBA and of course the technological capabilities, as some of the major tech companies that sort of compare with our own in California have been growing.""

He went on to say that the firms are familiar with Hong Kong, given its ""historic role as an intermediary for dealing with China"".

On Monday, Washington lowered the fentanyl tariffs on China to 10 percent till November 10 next year. Randolph said he believes that this move was an important one for businesses, especially those making investments.

""I think importing into the US is still going to be really expensive, and China will not be in an advantaged position when it comes to tariffs compared to all these other countries in Southeast Asia and certainly Mexico,"" he said.

""But I think just the depth of production capacity and the beneficial pricing in China is still going to make a lot of Chinese exports competitive.""

As for mainland companies, Irina Fan, director of research at the Hong Kong Trade Development Council, which commissioned the study, said that more mainland firms are looking to diversify their supply chains amid the lowered tariffs, and use the SAR as a supply chain management centre.

The percentage of mainland firms wishing to go global, for example to places along the Belt and Road Initiative now stands at 95 percent, she added."
51歲女子攜未完稅香煙入境　判囚40日及罰款4千元,2025-11-13 16:58,,2025-11-13 17:15,local,rthk,https://news.rthk.hk/rthk/ch/component/k2/1831465-20251113.htm,"一名由羅湖入境女旅客因管有未完稅香煙和未有向海關人員作出申報，違反《應課稅品條例》，在粉嶺裁判法院被判處監禁40日及罰款4000元。海關對判刑表示歡迎，監禁刑罰具相當阻嚇作用，並反映罪行的嚴重性。

海關人員上月12日在羅湖管制站截查這名51歲抵港女旅客，在她攜帶的個人行李內檢獲4381支未完稅香煙，估計市值約17900元，應課稅值約14400元，這名旅客隨即被捕。"
外匯基金首3季錄得2740億元投資收入,2025-11-13 16:52,,2025-11-13 17:15,local,rthk,https://news.rthk.hk/rthk/ch/component/k2/1831463-20251113.htm, 
外匯基金首3季投資收入2740億元　歷來最好首3季表現,2025-11-13 16:52,,2025-11-13 18:45,local,rthk,https://news.rthk.hk/rthk/ch/component/k2/1831463-20251113.htm,"金管局公布，外匯基金首3季投資收入2740億元，已超過去年全年的2188億元，是歷來表現最好的首3季，當中未計及第3季其他投資，涉及長期增長組合持有的私募股權及實物資產投資估值變動。

首3季債券投資收益1126億元，按年減少逾9%。港股投資收益401億元，增長近41%，其他股票投資收益595億元，下跌近10%，外匯估值轉為上調302億元。

首3季外匯基金支付予財政儲備款項123億元，支付予政府基金及法定組織款項共118億元。

單計第3季，外匯基金投資收入600億元，按年及按季都下跌逾一半。除其他股票投資收入錄得按年逾76%增長，其他資產類別都下跌。其他股票、香港股票及債券投資收入按季都有增長。

金管局總裁余偉文表示，踏入第三季，央行貨幣政策、地緣政治局勢及人工智能熱潮等因素共同利好投資環境。全球主要資產類別表現大致向好。展望今年餘下時間，余偉文說，投資環境仍然高度不明朗。雖然預期聯儲局繼續減息或會利好投資氣氛，但市場對美國經濟前景的關注仍會持續。美國政府的經貿政策、貿易摩擦和地緣政治局勢反覆變化，對金融市場的影響仍然難以預測。"
外匯基金首3季投資收入2740億元　創歷來最好首3季表現,2025-11-13 16:52,,2025-11-13 19:15,local,rthk,https://news.rthk.hk/rthk/ch/component/k2/1831463-20251113.htm,"金管局公布，外匯基金首3季投資收入2740億元，已超過去年全年的2188億元，是歷來表現最好的首3季，當中未計及第3季其他投資，涉及長期增長組合持有的私募股權及實物資產投資估值變動。

首3季債券投資收益1126億元，按年減少逾9%。港股投資收益401億元，增長近41%，其他股票投資收益595億元，下跌近10%，外匯估值轉為上調302億元。

首3季外匯基金支付予財政儲備款項123億元，支付予政府基金及法定組織款項共118億元。

單計第3季，外匯基金投資收入600億元，除其他股票錄得按年逾76%增長，其他資產類別都下跌。其他股票、香港股票及債券按季都有增長。

金管局總裁余偉文表示，踏入第三季，央行貨幣政策、地緣政治局勢及人工智能熱潮等因素共同利好投資環境。全球主要資產類別表現大致向好。展望今年餘下時間，余偉文說，投資環境仍然高度不明朗。雖然預期聯儲局繼續減息或會利好投資氣氛，但市場對美國經濟前景的關注仍會持續。美國政府的經貿政策、貿易摩擦和地緣政治局勢的反覆變化，對金融市場的影響仍然難以預測。"
競委會與柬埔寨競委會簽署諒解備忘錄　就競爭政策等加強合作,2025-11-13 16:46,,2025-11-13 17:00,local,rthk,https://news.rthk.hk/rthk/ch/component/k2/1831462-20251113.htm,"競爭事務委員會昨日與柬埔寨競爭委員會簽署諒解備忘錄，就競爭事宜訂立合作框架，加強雙方的夥伴關係。

根據備忘錄的條款，雙方將會在適當及符合各自法律的情況下，就共同關注的事宜交換意見及資訊，包括兩個司法管轄區的競爭政策和相關法規的主要發展、執法經驗，以及有關熱門議題的研究。當其中一方的執法工作或所發現的潛在反競爭行為，可能對另一方構成顯著影響，則會互相通知對方。

備忘錄亦為競委會及柬埔寨競委會提供框架，讓雙方透過講座、工作坊、培訓課程、人員借調及研究方面的協作，進行技術性合作，以提升雙方在競爭法方面的執法能力。

競委會主席陳家殷表示，競委會一直非常重視與國際競爭界別，特別是鄰近的亞太區同儕的聯繫和合作。今次與柬埔寨競委會簽署的備忘錄，是自《競爭條例》全面生效以來，競委會與海外競爭法機構簽署的第三份備忘錄。"
涉4月交通意外　日本女演員廣末涼子稱當時在想心事,2025-11-13 16:46,,2025-11-13 17:00,cinternational,rthk,https://news.rthk.hk/rthk/ch/component/k2/1831461-20251113.htm,"日本女演員廣末涼子4月在靜岡縣一條高速公路駕駛私家車，追撞貨車事故，廣末在接受縣警方調查時表示，當時有一刻在想心事，結果發生碰撞。

共同社說，事發時汽車時速可能接近185公里，當時廣末疑似未能及時刹車。

報道引述辦案人員指，縣警方認為事故導致同車男乘客骨折，將案件以涉嫌違反《機動車駕駛處罰法》移送檢方，據悉可能要求起訴廣末，作出嚴重處分。

45歲的廣末涼子事故後被捕，指她在醫院用腳踢護士，她其後獲釋，案件仍在調查。"
騰訊第3季經調整盈利按年升18%　好過市場預期,2025-11-13 16:44,,2025-11-13 17:00,cfinance,rthk,https://news.rthk.hk/rthk/ch/component/k2/1831458-20251113.htm,"騰訊第3季盈利631.3億元人民幣，按年升19%，按季升13%。按非國際財務報告準則，上季經調整盈利705.5億元，按年及按季分別升18%及12%，好過市場預期。

第3季收入1928.7億元，按年及按季升15%及5%。

至於首3季盈利1665.8億元，按年升17%，經調整盈利升16%至1949.3億元，收入亦升14%至5574億元。"
十五運會｜男子七欖港隊擊敗內蒙古小組首名晉級　今晚對陣江蘇隊,2025-11-13 16:44,,2025-11-13 17:00,local,rthk,https://news.rthk.hk/rthk/ch/component/k2/1831460-20251113.htm,"香港男子七人欖球隊，在十五運會小組賽第2天，43:5擊敗內蒙古，3戰全勝、小組首名晉級四強，今晚與江蘇隊爭入決賽。

小組賽擊敗山東隊及天津隊之後，港隊今日陣容有所調整，李卡度未入比賽名單，丹馬克退居後備，芮飛及房傑鋒首次正選上陣。

開賽後54秒，房傑鋒已達陣取得5分，港隊在上半場達陣3次，射入1個附加罰球，半場領先內蒙古17:5。

到下半場，港隊4度達陣得分，其中兩次來自後備上陣的丹馬克，港隊另射入3個附加罰球，合共增添26分，而內蒙古下半場未有得分，港隊最終全場以38分距離取勝。"
數字辦舉行經濟交流活動　促進京港兩地數字化合作,2025-11-13 16:38,,2025-11-13 17:00,local,rthk,https://news.rthk.hk/rthk/ch/component/k2/1831457-20251113.htm,"數字政策辦公室與北京市經濟和信息化局，在香港合辦數字經濟出海共建專題推介活動，兩地專家學者及企業代表就進一步推動京港創科合作和推動數字經濟，展開廣泛的研討交流。

創新科技及工業局副局長張曼莉致辭表示，特區政府高度重視人工智能發展，列為關鍵產業，從數年前開始多方位佈局，推展人工智能技術與應用的發展。她邀請出席推介活動的內地企業共同抓緊人工智能機遇，共建國際合作協同生態，為國家高質量發展與強國建設貢獻更大力量。
　　 
張曼莉之後為京港 AI應用加速器成功企業頒發證書，並見證香港數碼港與北京數字經濟企業出海創新服務基地簽署合作備忘錄。"
立法會選舉｜私隱專員與公署義工走進社區呼籲市民投票,2025-11-13 16:37,,2025-11-13 17:00,local,rthk,https://news.rthk.hk/rthk/ch/component/k2/1831456-20251113.htm,"由私隱專員鍾麗玲與高級管理人員及主管組成的選舉專班召開第三次會議，公署將繼續宣傳選舉，除了向員工提供一切可行便利，方便投票，私隱專員及公署關愛義工隊亦會走進社區，呼籲市民投票選出「愛國愛港」的立法會議員。

私隱專員公署積極呼籲同事及社會各界人士投票，包括於各類公署舉辦或出席的活動作出呼籲，私隱專員早前已發信予公署員工、個人資料（私隱）諮詢委員會及科技發展常務委員會成員，以及保障資料主任聯會會員，呼籲踴躍投票。

私隱專員又聯同公署關愛義工隊「落區」呼籲市民投票，並到訪聖雅各福群會灣仔長者地區中心，呼籲「老友記」履行公民責任，於12月7日選舉日踴躍投票。"
恒指高收150點　企穩27000點以上　連升4日,2025-11-13 16:35,,2025-11-13 17:00,local,rthk,https://news.rthk.hk/rthk/ch/component/k2/1831454-20251113.htm,"港股先跌後回升，在27000點以上收市，並連升4日。

恒生指數一度跌近190點，午後轉升，尾市升幅擴大至266點，高見27188點，創逾1個月高位，收市報27073點，升150點，升幅0.56%，主板成交額近2707億元。

科技指數升0.8%，報5981點。ATMXJ個別發展，阿里巴巴升逾3%。

醫藥股升幅顯著，中生製藥升逾6%，翰森製藥升近5%，是升幅最大兩隻藍籌股。

晶片股造好，華虹半導體升近6%，中芯國際升逾3%。

華潤置地折讓近10%配售華潤萬象生活，華潤萬象生活跌幅收窄至逾3%，但仍然是跌幅最大藍籌股；華潤置地無起跌。

石油石化、博彩和中資電信股向下。

業績股方面，騰訊音樂急挫近11%，澳博跌8%。"
外交部：日方膽敢武力介入台海將構成侵略行為　中方必迎頭痛擊,2025-11-13 16:24,,2025-11-13 17:00,greater_china,rthk,https://news.rthk.hk/rthk/ch/component/k2/1831453-20251113.htm,"在北京的外交部例行記者會，有記者提問指日本首相高市早苗日前發表關於中國大陸對台灣動武，可能構成日本「存亡危機事態」的言論，據報高市在國會答辯時稱，有關言論符合日本政府看法，無意撤回或取消。

外交部發言人林劍回應，日本首相高市早苗在國會公然發表涉台露骨挑釁言論，暗示武力介入台海的可能性，在中方表達嚴正交涉和強烈抗議後還執迷不悟、拒不撤回。上述錯誤言行嚴重違背一個中國原則，嚴重違背中日四個政治文件精神和國際關係基本準則，粗暴干涉中國內政，挑戰中方的核心利益，侵犯中國主權。中方對此堅決反對、絕不容忍，日方必須立即糾正、收回惡劣言論，否則一切後果必須由日方承擔。

林劍說，日本曾對台灣實行殖民統治，犯下罄竹難書的罪行。日本軍國主義歷史上曾多次以所謂「存亡危機」為藉口，發動對外侵略，包括以行使自衛權為由悍然製造「九一八事變」，挑起侵華戰爭，給包括中國在內的亞洲乃至世界人民帶來深重災難。質疑日本首相高市早苗再提所謂「存亡危機事態」的居心。

林劍表示，以何種方式解決台灣問題實現國家統一是中國人自己的事，不容任何外部勢力干涉。日本當政者妄圖介入台海事務，既是對國際正義的粗暴踐踏，對戰後國際秩序的公然挑釁，也是對中日關係的嚴重破壞，如日方膽敢武力介入台海局勢，將構成侵略行為，中方必將迎頭痛擊。中方將堅決行使聯合國憲章和國際法賦予的自衛權，堅定捍衛國家主權和領土完整。中方正告日方必須深刻反省歷史罪責，立即停止干涉中國內政、挑釁越線的錯誤言行，不要在台灣問題上玩火，玩火者必自焚。"
十五運會｜乒乓男單八強上海代表樊振東擊敗浙江孫正　晉級準決賽,2025-11-13 16:22,,2025-11-13 17:00,local,rthk,https://news.rthk.hk/rthk/ch/component/k2/1831452-20251113.htm,"十五運會乒乓男單八強賽，上海代表、奧運冠軍樊振東以直落4局，擊敗浙江代表孫正，晉級準決賽。

4局的比分為11:8，11:3，11:6，11:8，樊振東四強的對手，將會是今晚另一場八強戰王楚欽對林高遠的勝方。

另外，女單八強賽，前世界冠軍，一度患癌之後復出的30歲澳門代表朱雨玲，以局數4:2淘汰遼寧代表陳幸同，四強將面對另一場八強賽，孫穎莎對劉斐的勝方。山東代表陳夢，同樣以局數4:2取勝，淘汰江蘇球手蒯曼，晉身準決賽。"
韓股高收近0.5%　連升4日,2025-11-13 16:10,,2025-11-13 16:30,cfinance,rthk,https://news.rthk.hk/rthk/ch/component/k2/1831444-20251113.htm,南韓股市連升4日，首爾綜合指數收市報4170點，升20點，升幅0.49%。
十五運會｜籃球男子22歲以下組港隊不敵北京隊　後晚對陣四川隊,2025-11-13 16:06,,2025-11-13 16:15,local,rthk,https://news.rthk.hk/rthk/ch/component/k2/1831451-20251113.htm,"十五運會籃球男子22歲以下組，港隊在紅磡香港體育館迎戰北京隊，以69:109落敗。

港隊全場遭北京隊壓制，四節得分都不及對方，半場已經落後38:62。港隊今場憑得分後衛吳委峻，三分球起手12次射入球，命中率58%，取得全場最高的23分。而北京隊的石奎就攻入全隊最高的20分。

北京在第四節逐步拉開領先優勢，最終以40分距離勝出。港隊在小組賽兩連敗，後日晚上將對陣四川隊。"
商務部稱與西班牙簽署合作備忘錄　為中西合作走深走實保駕護航,2025-11-13 16:04,,2025-11-13 16:30,greater_china,rthk,https://news.rthk.hk/rthk/ch/component/k2/1831450-20251113.htm,"西班牙國王費利佩六世對中國國事訪問。在北京，商務部新聞發言人何亞東表示，昨天在國家主席習近平和費利佩六世共同見證下，兩國相關部門簽署關於中西經濟工業合作委員會的合作備忘錄，他表示，這是對今年4月份中西雙方共同發布關於加強全面戰略夥伴關係的行動計劃2025至2028的具體落實舉措，以加強兩國政府間的經貿領域對話。未來將依託這個機制，強化政策協同，協調解決企業的訴求，為中西務實合作走深走實保駕護航。

何亞東表示，今日上午中國商務部和西班牙經濟貿易與企業部在北京共同主辦中西企業顧問委員會會議，為雙方企業家搭建交流和對接平台，約有30家雙方理事單位代表出席，圍繞中西企業全球合作、能源轉型和先進製造合作開展主題研討，氣氛熱烈。下一步中方願與西方一道以兩國元首重要共識為指引，進一步推進經貿領域的務實合作，不斷地推動中希合作走深走實。

另外，何亞東表示，本屆進博會成交額再創新高，達834.9億美元，按年增長4.4%，下一步將圍繞出口中國十大主題活動，細化工作方案，廣泛搭建交流對接平台，切實便利更多國家的優質商品和服務進入中國。"
烏克蘭能源部長及司法部長被指涉及貪污案遭解除職務,2025-11-13 16:00,,2025-11-13 16:15,cinternational,rthk,https://news.rthk.hk/rthk/ch/component/k2/1831447-20251113.htm,"烏克蘭能源部長和司法部長被指涉及一宗能源企業貪污案，被解除職務，涉案金額近1億美元。

烏克蘭反貪部門較早時表示，有人懷疑收受賄款，操控多間國有企業的採購，包括國家核能發電公司，扣留5人調查，另有2人在逃，但未公布調查名單。

路透社則引述知情人士透露，反貪部門取得一段與案件有關的錄音，記錄了部分涉案人士的對話，其中懷疑包括司法部長加盧先科。

總統澤連斯基回應案件，說能源領域腐敗是絕對不可接受。

總理斯維里堅科召開內閣特別會議後，向國會動議解除加盧先科及能源部長格林丘克的職務，兩人已經按照程序提交辭呈。"
安世半導體事件　商務部：冀荷方展現合作意願提出解決問題方案,2025-11-13 15:52,,2025-11-13 16:15,greater_china,rthk,https://news.rthk.hk/rthk/ch/component/k2/1831448-20251113.htm,"半導體製造商安世半導體事件，中方早前已同意荷蘭經濟部派員來華磋商。在北京，商務部新聞發言人何亞東被問及事件進展時表示，安世半導體問題發生以來，中方一直本著對全球半導體產供鏈穩定與安全的負責任態度，與荷方進行多輪磋商，並同意荷蘭經濟部派員來華磋商的請求。中方希望荷方展現與中方真誠合作的意願，盡快提出實質性建設性解決問題的方案，並採取實際行動，從源頭上迅速且有效恢復全球半導體產供鏈的安全與穩定。

對於美國方面表示，中方承諾年底前，最少採購1200萬噸美國大豆，未來3年再每年最少採購2500萬噸。何亞東回應說，近日商務部已就中美吉隆坡經貿磋商聯合安排發布相關消息，介紹磋商達成的主要成果共識，其中包括農產品貿易。他說，中國是全球農產品貿易的重要參與者，將繼續秉持開放合作的態度與全球貿易夥伴持續深化互利合作，共同維護開放、穩定、可持續的全球貿易體系。

就中國的稀土出口問題，他表示，中方依法依規開展稀土相關物項出口管制工作，作為負責任大國，中國致力於維護國家安全和利益，履行防擴散等國際義務，又致力於維護全球產供鏈的安全與穩定。"
李強將到莫斯科出席上合組織會議　及赴南非出席二十國集團峰會,2025-11-13 15:44,,2025-11-13 16:15,greater_china,rthk,https://news.rthk.hk/rthk/ch/component/k2/1831445-20251113.htm,"在北京，外交部宣佈，應俄羅斯總理米舒斯京邀請，國務院總理李強將於本月17日至18日，出席莫斯科舉行的上海合作組織成員國理事會第二十四次會議。

另外，應贊比亞政府邀請，李強將於本月19日至20日，對贊比亞進行正式訪問。

李強之後在本月21日至23日，出席在南非約翰內斯堡舉行的二十國集團領導人第二十次峰會。"
十五運會｜女子七欖港隊反勝上海隊排第3　將競逐名次賽,2025-11-13 15:39,,2025-11-13 16:15,local,rthk,https://news.rthk.hk/rthk/ch/component/k2/1831443-20251113.htm,"香港女子七人欖球隊，在十五運會第3場小組賽，27:14反勝上海隊，取得今屆首場勝利。港隊小組賽成績1勝2負，排名第3，稍後會競逐名次賽。

港隊在小組賽首兩場都落敗，今日繼續在啟德主場館主場作賽，面對上海隊，半場港隊落後5:7。到下半場中段，上海隊仍然領先14:10，不過港隊於最後階段，先後憑莊嘉欣、陳穎和苗頌雅，於大約4分鐘內3次達陣，以及何維銨射入1球附加罰球，最後階段連取17分，反勝上海隊。"
立法會選舉｜政府下月6日辦大匯演加強選舉氣氛　門票將免費派發,2025-11-13 15:37,,2025-11-13 16:15,local,rthk,https://news.rthk.hk/rthk/ch/component/k2/1831442-20251113.htm,"立法會換屆選舉12月7日舉行，為進一步加強選舉氣氛並鼓勵市民踴躍投票，政府將於投票前夕、12月6日晚上8時，在西九文化區竹翠公園舉行《同心‧投票‧創未來大匯演》，包括香港電台在內的本港七間電子傳媒，將共同作現場聯播。

政制及內地事務局局長曾國衞聯同七間電子傳媒管理層代表下午舉行記者會，宣布大匯演。大匯演門票稍後將會免費派發。各間電子傳媒也會派出歌手、藝人參與演出。

當局改編郭富城的歌曲《強》，作為今次立法會選舉的主題曲《同心‧投票‧創未來》，由超過70名不同年代的歌手、藝人及節目主持合唱，歌曲今日起在各大平台播放。"
渣打及滙豐成功完成代幣化存款及數碼資產用於真實交易用例,2025-11-13 15:31,,2025-11-13 16:15,local,rthk,https://news.rthk.hk/rthk/ch/component/k2/1831440-20251113.htm,"金管局宣布，探索建基於區塊鏈平台的金融市場基礎設施Ensemble項目，正式進入試行階段，為代幣化存款及數碼資產用於可控的試行環境中進行真實交易，邁出重要一步。

渣打香港宣布，成功完成兩宗真實交易案例，包括協助螞蟻國際旗下企業之間進行代幣化存款跨銀行過戶，以及作為華夏基金（香港）的託管行，從中銀香港接收富途證券的代幣化存款，作為富途認購華夏基金（香港）的代幣化貨幣巿場基金。

渣打香港兼大中華及北亞區行政總裁禤惠儀表示，今次成功進行真實交易用例，顯示代幣化資產具備龐大潛力促進無縫的銀行同業結算 ，勢將成為新一代金融巿場基建不可或缺的元素。渣打將繼續與監管機構、客戶及夥伴合作測試更多創新用例，包括跨境交易場景，致力支持香港發展成全球數字資產樞紐。

滙豐較早時亦宣布，成功為螞蟻國際完成一筆港元代幣化存款跨行轉帳。"
十五運會｜場地自行車團體競速賽及追逐賽　港隊未能晉身第一輪,2025-11-13 15:19,,2025-11-13 15:30,local,rthk,https://news.rthk.hk/rthk/ch/component/k2/1831439-20251113.htm,"由香港賽區承辦的場地自行車項目，今日在將軍澳香港單車館展開首日賽事，港隊男、女子單車隊在團體競速賽及追逐賽均未能晉身第一輪，無緣爭奪獎牌。其中河南隊在男、女子團體追逐賽，都創出新全國紀錄。

兩項團體賽均先進行資格賽，團體競速賽每隊由三名單車手組成，進行三個圈比賽，每名單車手領騎一個圈後，從賽場外側離開，每隊第三名單車手獨自完成最後一圈，時間最快的首8隊晉身第一輪。女子隊在資格賽派出楊礎搖，童森及吳思穎出戰，最終以49秒631的時間完成，12隊中排名第11位。

男子隊就由莫沚駿，杜棹熙及翁浚皓上陣，造出的時間為44秒694，13支參賽隊伍中排名第11位。

至於團體追逐賽資格賽，每隊由4名單車手組成，賽程為4公里，期間4名運動員可交換位置領騎，成績會按每隊第三名運動員前輪抵達終點的時間計算，最快的8隊晉身第一輪。女子隊派出梁寶儀、梁穎儀、楊倩玉及關旨君出戰，以4分34秒764完成，13隊中排名第12位。總成績排第1的河南隊，造出的新全國紀錄時間為4分15秒659，較舊紀錄快0.054秒。

男子隊派出伍柏亨，劉允祐，繆正賢及朱浚瑋出戰，時間為4分04秒387，總成績排第9。至於總成績排首位的河南隊，造出時間為3分53秒367，將全國紀錄推前0.262秒。"
中大向年輕糖尿患者提供「連續血糖監測儀」代替「篤手指」驗血糖,2025-11-13 15:17,,2025-11-13 15:30,local,rthk,https://news.rthk.hk/rthk/ch/component/k2/1831438-20251113.htm,"中大醫學院研究發現，糖尿病患者持續使用「連續血糖監測儀」，可減少因低血糖或高血糖引發的嚴重併發症及住院風險。

中大醫學院聯同兒童糖尿協會等在馬會捐助下，向參與年輕糖尿支援計劃患者，免費提供「連續血糖監測儀」兩年等。研究顯示，參與首階段計劃的600多名患者，使用「連續血糖監測儀」12個月，因糖尿病酮酸中毒的住院比率大幅減低八成半，嚴重低血糖風險亦降低超過六成，併發高血糖風險減少超過五成。

中大醫學院又引述過往數據指出，患者若因糖尿病酮酸中毒入院，一般或需住院7.8天；出現嚴重低血糖，平均住院4.3天。患者持續使用「連續血糖監測儀」，住院比率減少，醫療成本亦減輕。

有別於「篤手指」驗血糖，糖尿病患者可透過「連續血糖監測儀」檢測，只需配載感測器，連接其他儀器後，可監測血糖水平。中大表示，現時每個「連續血糖監測儀」平均售價約400元至700元，每10天或15天需要更換一次，每月相關費用過千元，認為推出有關計劃，可減輕患者的家庭負擔。"
內地股市高收近1%至近3%,2025-11-13 15:13,,2025-11-13 15:30,cfinance,rthk,https://news.rthk.hk/rthk/ch/component/k2/1831437-20251113.htm,"內地股市高收近1%至近3%，上證指數再創10年新高，電池產業鏈、有色金屬等股份上升；油氣開採及服務、銀行、公路鐵路運輸股份向下。

上證綜合指數收市報4029點，升29點，升幅0.73%。

深證成份指數報13476點，升235點，升幅1.78%。

創業板指數報3201點，升79點，升幅2.55%。"
日股升逾200點收市,2025-11-13 15:03,,2025-11-13 15:30,cfinance,rthk,https://news.rthk.hk/rthk/ch/component/k2/1831430-20251113.htm,日股靠穩收市。日經平均指數收市報51281點，升218點，升幅0.43%。
研究：美企深度參與中國市場業務　因供應商網絡高度集中難被取代,2025-11-13 14:56,,2025-11-13 15:15,cfinance,rthk,https://news.rthk.hk/rthk/ch/component/k2/1831436-20251113.htm,"貿發局委託美國灣區委員會經濟研究所進行的研究指，即使中美關係緊張，很多美國企業仍深度參與中國市場業務，特別是粵港澳大灣區，因為獨特及高度集中的供應商網絡難以被取代。

貿發局表示，今次研究聚焦「布局供應鏈聯通亞洲市場」的核心議題，完整報告將於下月發表。研究報告指，內地企業正積極推動供應鏈多元化，並以香港作為供應鏈管理中心，反映香港在區域供應鏈轉型中扮演關鍵角色。香港作為超級聯繫人，是內地企業出海，以及全球企業進入中國內地和區域供應鏈的關鍵門戶。

美國經濟及政策領域權威、美國灣區委員會經濟研究所高級總監Sean Randolph表示，全球企業正加速推行「回岸生產」（reshoring ）、「近岸外包」（nearshoring），及建立後備供應路線等，推動供應鏈區域化。他指，企業正分散製造基地，將部分生產活動從中國，轉移至東南亞、印度及墨西哥等地，採取「中國+1」策略，提升韌性並減低風險。

貿發局研究總監范婉兒表示，最新的中美貿易協議，令中國供應商與東南亞同行處於相若競爭起點，並較更高關稅國家更具優勢。但很多內地企業正主動強化及推動供應鏈多元化，並以香港作為供應鏈管理中心，形容香港在區域供應鏈轉型中的角色日益重要。

她指，截至去年6月底，共有1390家美國企業進駐香港，體現香港的國際吸引力。研究亦指出，企業正積極調整營運模式，亞洲在新格局下的角色亦正重新定位。"
立法會選舉｜陳國基與新委任太平紳士拍攝宣傳短片呼籲各界投票,2025-11-13 14:50,,2025-11-13 15:00,local,rthk,https://news.rthk.hk/rthk/ch/component/k2/1831435-20251113.htm,"政務司司長陳國基早上與行政署長伍江美妮，出席新委任太平紳士簡介會，並聯同一眾新委任太平紳士拍攝宣傳短片，呼籲他們與社會各界積極參與12月7日舉行的第八屆立法會選舉。

陳國基在社交網頁表示，太平紳士都是多年來盡心竭力為香港社會服務的傑出人士，不單在各領域成就超卓，同時更身體力行服務社會，贏得廣泛尊重。立法會是特區政府重要的諮詢機構，今次選舉對加快香港發展經濟和改善民生至關重要，呼籲各新委任太平紳士發揮自身影響力，聯同家人、朋友和所屬業界積極響應今次選舉，並善用他們廣泛的社會網絡，在各單位及社區層面進行全方位宣傳，鼓勵全城踴躍參與投票。"
美國鑄幣局宣布停止生產一美仙硬幣,2025-11-13 14:47,,2025-11-13 16:15,cinternational,rthk,https://news.rthk.hk/rthk/ch/component/k2/1831434-20251113.htm,"美國鑄幣局宣布，停止生產一美仙硬幣，結束流通長達232年的一美仙硬幣常規生產。

鑄幣局在費城鑄幣廠舉行紀念儀式，美國財政部司庫比奇親自鑄造最後一枚用於流通的一美仙硬幣。鑄幣局代理局長麥克納利說，雖然一美仙硬幣的常規生產結束，但隨著其商業用途不斷演變，它在美國歷史上的重要地位將永存。

一美仙硬幣誕生於1793年，在美國民眾日常生活中扮演著重要角色。然而，一美仙硬幣的生產成本持續攀升，如今已遠遠超出面值。鑄幣局表示，過去十年，每枚一美仙硬幣的生產成本從1.42美仙上漲至3.69美仙。隨著經濟環境以及消費者行為的變化，這杖硬幣的生產已經難以為繼。

鑄幣局表示，雖然停止生產，但一美仙硬幣仍然是美國法定貨幣。據估計，目前流通中的一美仙硬幣約有3000億枚。"
美國鑄幣局宣佈停止生產一美分硬幣,2025-11-13 14:47,,2025-11-13 15:00,cinternational,rthk,https://news.rthk.hk/rthk/ch/component/k2/1831434-20251113.htm,"美國鑄幣局宣佈，停止生產一美分硬幣，結束流通長達232年的一美分硬幣常規生產。

鑄幣局在費城鑄幣廠舉行紀念儀式，美國財政部司比奇親自鑄造最後一枚用於流通的一美分硬幣。鑄幣局代理局長麥克納利說，雖然一美分硬幣的常規生產結束，但隨著其商業用途不斷演變，它在美國歷史上的重要地位將永存。

一美分硬幣誕生於1793年，在美國民眾日常生活中扮演著重要角色。然而，一美分硬幣的生產成本持續攀升，如今已遠遠超出面值。鑄幣局表示，過去十年，每枚一美分硬幣的生產成本從1.42美分上漲至3.69美分。隨著經濟環境以及消費者行為的變化，這杖硬幣的生產已經難以為繼。

鑄幣局表示，雖然停止生產，但一美分硬幣仍然是美國法定貨幣。據估計，目前流通中的一美分硬幣約有3000億枚。"
警首辦「誠信管治圓桌會議」多國代表探討個人財務風險管理等議題,2025-11-13 14:44,,2025-11-13 15:00,local,rthk,https://news.rthk.hk/rthk/ch/component/k2/1831433-20251113.htm,"警務處在港首次舉辦「誠信管治圓桌會議」，國際刑事警察組織、廉政公署以及多國代表參與，共同探討誠信管治相關議題，其中包括個人財務風險管理策略。

警務處處長周一鳴接待國際刑事警察組織的代表團，討論誠信管治的規劃，包括建立常態化培訓及交流機制，為提升全球警務誠信管治作出貢獻。

警方表示，圓桌會議期間，警務處副處長陳俊燊帶領警隊代表，與國際刑事警察組織內部監督辦公室總監Eugênio RICAS所率領的代表團，廉政公署副廉政專員兼執行處首長丘樹春所帶領的代表團，以及菲律賓、澳洲、印尼、日本、蒙古、荷蘭、泰國及美國的海外駐地聯絡主任及領事進行會談。"
團結香港基金：大眾對退休後財務準備普遍不足　財務工具應用有限,2025-11-13 14:38,,2025-11-13 14:45,local,rthk,https://news.rthk.hk/rthk/ch/component/k2/1831431-20251113.htm,"團結香港基金發表有關香港退休生態的研究報告，發現受訪退休人士中，普遍存在難以維持積極情緒、財務穩定不足，以及照顧者責任沉重這三大問題。

基金醫療及社會創新研究主管周嘉俊指出，現時大眾對退休後財務準備普遍不足，大多退休人士傾向持有現金，對「退休三寶」等財務工具的應用相對有限。

副總裁兼公共政策研究院執行總監葉文祺認為，華人社會父母普遍傾向將物業留給下一代，在推廣「逆按揭」會有一定難度，他建議市場應提供更多退休財務產品，例如可借鏡日本的長期護理保險，以保障長期病患、長期照顧等醫療需求。

研究梳理本港現有大規模樣本調查，並與15名退休人士進行深度訪談，發現退休人士不僅追求基本生活保障與舒適，更渴望實踐個人認為有意義的活動。

基金會倡議建立一個讓退休人士享有財務保障、與社區連結，以充分發揮自身優勢的生態系統。來自不同背景的持份者透過協作，提供適當產品與服務，滿足退休人士多元需求。政府和企業可以充分諮詢長者，通過資源引導、跨部門協作、鼓勵私人企業參與等，推動構建銀髮生態系統。"
台股低收近0.2%,2025-11-13 14:28,,2025-11-13 15:00,cfinance,rthk,https://news.rthk.hk/rthk/ch/component/k2/1831429-20251113.htm,台股收市偏軟，加權指數收市報27903點，跌43點，跌幅0.16%。
Sensors sweeten days for diabetics with no bloodshed,2025-11-13 14:21,,2025-11-13 14:45,elocal,rthk,https://news.rthk.hk/rthk/en/component/k2/1831428-20251113.htm,"More than 900 diabetics have been provided with pain-free continuous glucose monitors as part of an effort to reduce the risks of severe complications.

The joint programme, initiated by the Chinese University of Hong Kong and Youth Diabetes Action in 2023, is aimed at improving blood sugar levels in 1,200 diabetics, with the more than 900 provided with monitors being aged between two and 30 years old.

“The sensor reflects timely blood glucose level data on smart phones, which reduces the burden of diabetes management for patients and their families,” said Elaine Chow, associate professor of medicine and therapeutics at the university.

“It reduces the pain and inconvenience that come with finger-prick tests and monitors blood glucose levels on a 24-hour basis, which is very convenient for patients,” she added.

Findings based on 644 of the participants saw significant improvements in overall glucose control after both six and 12 months, according to Ronald Ma, head of the division of endocrinology and diabetes (academic) at the university.

“There have been significant decreases in hospitalization from severe diabetes complications after using the monitoring device,” Ma said.

Hospital bills for diabetics developing severe complications can be costly, with Juliana Lui, assistant professor of medicine and therapeutics pointing out that they can range from HK$23,000 to HK$47,000.

The devices, which cost from HK$400 to HK$700 each depending on the brand, can carry out the monitoring for between 10 and 15 days. Diabetics have to bear the costs by themselves.

Four-year-old Pok Man, who developed Type 1 diabetes, had to endure finger-prick tests eight to nine times a day. 

His mother said the sensor helps in the effective monitoring of his blood glucose levels, allowing them to inject accurate amounts of insulin.

“I can monitor his blood glucose levels remotely even if he is at school” she said.

Enoch, a 24-year-old diagnosed with Type 1 diabetes two years ago, says the sensor enables him to manage his blood sugar levels without pain.

He said he spends HK$400 on a device every 10 days.

“It is like having an alarm clock on my phone, reminding me to inject insulin whenever my blood sugar is too high or too low,” Enoch said.

Ma said the continuous glucose monitoring initiative mainly benefited young Type 1 patients and might help diabetics who are pregnant.

Severe low blood sugar is relatively common in Hong Kong. Local research indicates that annually, for every 1,000 youths or children with Type 1 diabetes, 35 develop severe complications."
金管局：Ensemble新階段以支持代幣化存款及數碼資產交易,2025-11-13 14:16,,2025-11-13 14:45,local,rthk,https://news.rthk.hk/rthk/ch/component/k2/1831426-20251113.htm,"金管局宣布，探索建基於區塊鏈平台的金融市場基礎設施Ensemble項目，正式進入試行階段，為代幣化存款及數碼資產用於可控的試行環境中進行真實交易，邁出重要一步。

滙豐銀行率先宣布，已為客戶螞蟻國際完成一筆港元代幣化存款跨行轉帳。集團已將今年推出的代幣化存款服務接入互通平台，支援代幣化存款實時跨行轉帳，在首筆交易中，協助螞蟻國際轉帳380萬港元代幣化存款到本地另一家銀行的錢包。

金管局說，項目初期聚焦推動市場參與者，在代幣化貨幣市場基金交易中使用代幣化存款。項目會在明年持續運行。代幣化存款交易跨行結算，將首先透過港元即時支付結算系統（RTGS）進行。試行環境將逐步升級優化，以支持代幣化央行貨幣進行24/7全天候結算，推動香港更廣闊的代幣化生態系統持續發展。"
金管局Ensemble新階段支持代幣化存款及數碼資產真實交易,2025-11-13 14:16,,2025-11-13 14:30,local,rthk,https://news.rthk.hk/rthk/ch/component/k2/1831426-20251113.htm,"金管局宣布，探索建基於區塊鏈平台的金融市場基礎設施Ensemble項目，正式進入試行階段，為代幣化存款及數碼資產用於可控的試行環境中進行真實交易，邁出重要一步。

滙豐銀行率先宣布，已為客戶螞蟻國際完成一筆港元代幣化存款跨行轉帳。集團已將今年推出的代幣化存款服務接入互通平台，支援代幣化存款實時跨行轉帳，在首筆交易中，協助螞蟻國際轉帳380萬港元代幣化存款到本地另一家銀行的錢包。

金管局說，項目初期聚焦推動市場參與者，在代幣化貨幣市場基金交易中使用代幣化存款。項目會在明年持續運行。代幣化存款交易跨行結算，將首先透過港元即時支付結算系統（RTGS）進行。試行環境將逐步升級優化，以支持代幣化央行貨幣進行24/7全天候結算，推動香港更廣闊的代幣化生態系統持續發展。"
南韓貨車撞入市場兩死18傷　被捕司機報稱剎車失靈,2025-11-13 13:51,,2025-11-13 14:15,cinternational,rthk,https://news.rthk.hk/rthk/ch/component/k2/1831427-20251113.htm,"南韓京畿道富川市有貨車衝入市場，造成兩人死亡、18人受傷，貨車司機被捕。

事發在當地早上11時左右，警方接報一輛貨車在當地一個市場撞倒多人，死者均為70多歲的女性，傷者當中有三人意識模糊，六人被列為緊急病人。

消防說，貨車首先倒車28米，之後向前衝了150米，撞到一間商店後才停低，60歲司機報稱剎車失靈，但根據閉路電視片段，難以核實這個說法，司機當時未有酒駕或毒駕，警方正調查意外原因。"
習近平回信青年漢學家　勉勵他們當好融通中外文明使者,2025-11-13 13:28,,2025-11-13 13:45,greater_china,rthk,https://news.rthk.hk/rthk/ch/component/k2/1831425-20251113.htm,"國家主席習近平回信青年漢學家，勉勵他們當好融通中外文明的使者。
 
習近平對他們喜歡中文、熱愛中國文化，在促進漢學研究和文明互鑒等方面積極發揮作用表示讚賞。
 
習近平強調，漢學源自中國、屬於世界，是全人類共同的精神財富。他希望對方繼續與漢學結伴、和中國同行，加強研究闡釋，向世界介紹真實、立體、全面的中國，當好融通中外文明的使者，為推動構建人類命運共同體貢獻智慧和力量。 
 
2025世界中文大會明日起在北京舉行。應邀參會的51個國家的61名青年漢學家向習近平寫信，分享從事中國研究的經歷和體會，表達進一步研究好中國學問、發揮文明溝通橋樑作用的願望。"
立法會選舉｜何啟明稱2萬元資助鼓勵更多機構助長者殘疾人士投票,2025-11-13 13:22,,2025-11-13 13:45,local,rthk,https://news.rthk.hk/rthk/ch/component/k2/1831424-20251113.htm,"政府會向長者中心及殘疾人士地區支援中心提供一次性2萬元資助，在下月7日投票當日，包括安排車輛及工作人員接送有需要長者、殘疾人士及其照顧者前往票站投票。勞工及福利局副局長何啟明表示，對上一次區議會選舉已有類似的操作，希望社福機構協助長者或殘疾人士去投票，鼓勵他們盡公民責任，社署會以上一次經驗，繼續鼓勵更多社福機構參與，並更好地運用這些資源。

何啟明出席活動後表示，如果參照上一次區議會選舉的經驗，除了旅遊巴的費用外，中心會有職員幫助做暫託服務，亦有一些人士要陪長者去票站投票，會涉及薪酬等開支。被問到曾有一些社福機構表態支持某些候選人，何啟明說，選舉條例已經清晰運作了很多年，機構要做一些表態，都要看廉署或選舉事務處的指引，又希望機構在幫助長者之餘，要謹記遵守指引，確保公平廉潔的選舉。"
恒指下午初段跌逾100點,2025-11-13 13:10,,2025-11-13 13:30,local,rthk,https://news.rthk.hk/rthk/ch/component/k2/1831422-20251113.htm,"港股在下午開市初段下跌，恒生指數較早時報26804點，跌117點，跌幅0.44%。

科技指數報5900點，跌33點，跌幅0.57%。"
南韓有貨車衝入市場造成兩人死亡,2025-11-13 13:10,,2025-11-13 13:30,cinternational,rthk,https://news.rthk.hk/rthk/ch/component/k2/1831423-20251113.htm,"南韓有貨車衝入市場，造成2人死亡、約20人受傷，其中11人重傷。

報道引述緊急救援人員稱，一輛貨車早上衝入京畿道富川市一個市場，撞倒多人。"
私隱公署完成視察兩教育機構個人資料系統　指符合資料保安規定,2025-11-13 12:59,,2025-11-13 13:15,local,rthk,https://news.rthk.hk/rthk/ch/component/k2/1831420-20251113.htm,"香港兆基創意書院及香港專業進修學校去年分別發生涉及黑客入侵的資料外洩事故，私隱專員公署完成視察兩間教育機構的個人資料系統。私隱專員認為整體來說，兩間教育機構在處理學生及教職員的個人資料方面，符合《私隱條例》附表有關資料保安的規定。

視察結果顯示，兆基書院在資訊系統遭黑客入侵後，已採取多項技術性措施以加強資訊系統的保安，包括建立修補程式的管理程序、為帳戶的虛擬私人網絡（VPN）登入啟用雙重認證功能及設定高強度密碼。在存取管控方面，兆基書院採用「最小權限」及「角色為本」的存取管控機制。

私隱專員建議兆基書院，在資訊保安及資料保留方面制定更詳細及具體的政策、提升資訊系統的偵測措施，以及加強對資料處理者在妥善銷毀其所持有的個人資料方面的管理與監督。

公署表示，港專在事故發生後，已採取多項技術性措施以加強資訊系統的保安及偵測能力，並已落實建立個人資料私隱管理系統，委任專責人員擔任保障資料主任，以及為員工提供有關保障個人資料的培訓及資訊，提高員工網絡安全及防範可疑電郵的意識。

私隱專員建議港專，制定更全面及具體的資訊保安政策及資料保留政策、加強檢視載有個人資料的資訊系統紀錄，以及對資訊系統定期進行保安審計，以進一步保障所持有的個人資料。"
百度：AI推動經濟增長　將智能紅利轉為社會紅利,2025-11-13 12:59,,2025-11-13 13:15,cfinance,rthk,https://news.rthk.hk/rthk/ch/component/k2/1831417-20251113.htm,"百度董事長兼首席執行官李彥宏指出，人工智能（AI）內化成原生能力，在各行業可起到效果，推動經濟增長，將智能紅利轉為社會紅利。他說，企業要將AI能力應用於生產、研發、營運及銷售等，提升效率、收入及利潤，未來絕大多數工作將由AI解決，形容AI成為新同事、新助手。

百度推出名為「伐謀」的自我演化智能體，可因應條件動態變化提供解決方案。李彥宏形容，「伐謀」是算法的磨刀石，而且更高效及便宜，可應用於交通調度，解決塞車問題，以及金融風險控制、海上能源平台管網布局。

集團亦推出「文心大模型5.0」，具備全模態生成能力，自主規劃、工具調用、自主執行處理複雜任務的能力均有提升。

李彥宏又提到蘿蔔快跑，表示每周全無人訂單逾25萬，全球出行服務累計逾1700萬次，並覆蓋22個城市，全無人駕駛里程逾1.4億公里，自動駕駛里程逾2.4億公里。

他引用投資機構ARK研究數據指，至2030年，美國Robotaxi每英里成本將降至約0.25美元，帶動打車需求擴大5至7倍。他認為，無人駕駛可以重構土地價值、居住需求等。"
林定國稱律政司將成立工作小組研究《仲裁條例》是否需要修訂,2025-11-13 12:49,,2025-11-13 13:00,local,rthk,https://news.rthk.hk/rthk/ch/component/k2/1831419-20251113.htm,"律政司司長林定國出席第28屆北京．香港經濟合作研討洽談會京港仲裁法律服務專題推介活動，就「京港仲裁雙樞紐：共築國際商事爭議解決新高地」主題致辭，表示北京近年致力打造一流的營商環境，《北京國際商事仲裁中心建設條例》的出台，不僅為京港兩地的仲裁法律合作奠定法治基礎，亦充分體現北京決意打造與國際接軌的仲裁制度、加強涉外法治建設。

林定國表示，繼香港國際仲裁中心去年於北京設立內地代表處，北京國際仲裁院香港中心亦於昨日正式啓幕。他非常高興知道北京國際仲裁院將與香港國際仲裁中心，在今日稍後的活動簽署合作備忘錄，以進一步提升兩地在爭議解決領域的全球競爭力。律政司一直善用香港普通法制度和頂尖法律及爭議解決人才的獨特優勢，致力成為國家涉外爭議解決的首選地。自《仲裁條例》於2011年生效以來，律政司不斷檢討有關條例，以確保仲裁法律緊貼國際最新發展。律政司將成立工作小組研究是否需要對《仲裁條例》作出修訂。

他又說，近年來，香港積極與內地開拓緊密的司法互助安排，簽訂3項與仲裁相關的互助安排，涵蓋範圍基本上貫穿整個仲裁程序，積極回應兩地當事人分別對於跨境保全及跨境執行仲裁裁決的實際需求。香港在「一國兩制」下不僅在法律方面有獨特優勢，亦是世界知名的國際金融中心。展望未來，期待京港兩地能匯聚京港力量，深化在金融法治建設方面的合作，推動以仲裁方式解決金融糾紛，為國家高質量發展作出更大的貢獻。"
證監會公布跨境理財通新優化措施　以促進機構與客戶溝通,2025-11-13 12:46,,2025-11-13 13:00,cfinance,rthk,https://news.rthk.hk/rthk/ch/component/k2/1831415-20251113.htm,"證監會公布跨境理財通試點計劃的新優化措施，以促進參與機構與客戶之間溝通。

主要安排包括參與機構可向身處香港以外的南向通客戶，取得一次性書面同意，有效期最長1年，以便參與機構根據客戶需要和選擇的產品種類，解釋產品資料；與參與機構屬同一集團的內地伙伴券商，可應南向通客戶要求，安排在參與機構及伙伴券商各自的業務所在地，以線上方式進行三方對話，向客戶解釋產品資料；取得南向通客戶一次性書面同意後，參與機構可向客戶提供由伙伴券商擬備的個別投資產品研究報告。

以上安排亦適用於北向通。

證監會行政總裁梁鳳儀表示，優化措施將提升客戶與參與機構互動溝通的體驗，有助支持跨境理財通計劃不斷和可持續發展。"
南韓有貨車衝入市場造成20人受傷,2025-11-13 12:40,,2025-11-13 13:00,cinternational,rthk,https://news.rthk.hk/rthk/ch/component/k2/1831418-20251113.htm,"南韓有貨車衝入市場，造成20人受傷，其中兩人昏迷。

報道引述緊急救援人員稱，京畿道富川一架貨車早上衝入一個市場，撞倒多人。

據初步統計，事故造成20人受傷，其中11人傷重，兩人昏迷。"
孫玉菡稱韶關數字經濟發展篷勃　用好資源優勢建算力中心以扶貧,2025-11-13 12:32,,2025-11-13 13:00,local,rthk,https://news.rthk.hk/rthk/ch/component/k2/1831416-20251113.htm,"勞工及福利局局長孫玉菡為香港萬千社工看祖國——「心連心」韶關交流團啟動禮致辭，表示這次韶關團除了如以往參觀社福機構，更增加特殊教育學校的參觀環節，是很難得的機會，又說韶關的數字經濟發展得非常蓬勃，將會參觀韶關一個國家級的算力中心，希望團員看完後，對國家發展有新的認識。

孫玉菡表示，按他理解，韶關在廣東來說較偏遠、經濟發展相對慢，但若能用好天然資源所建立的優勢成為算力中心，是一個扶貧的方法。而參觀高科技設施以外，亦可看到內地如何利用整個國家的大優勢，建設算力中心和用好天然資源，令當地的經濟扶貧得到飛躍的改善。
 
他表示，這次是第5團交流團，人數方面，前4團已累積約1400名社工參加者，今日前往韶關有逾300人，即總共有逾1700人，已做到香港萬千社工看祖國的第一個「千」。"
港股半日跌156點　科指跌近0.8%,2025-11-13 12:24,,2025-11-13 12:45,local,rthk,https://news.rthk.hk/rthk/ch/component/k2/1831414-20251113.htm,"港股連升3日後回軟，恒生指數臨近中午跌幅擴大至近190點，半日收市報26766點，跌156點，跌幅近0.6%，主板成交額近1271億元。

科技指數跌近0.8%。報5888點。ATMXJ跌近1%至逾2%，以京東集團跌幅較大。

華潤置地折讓近10%配售華潤萬象生活，華潤萬象生活跌近6%，是半日跌幅最大藍籌股；華潤置地跌逾1%。

醫藥股逆市上升，中生製藥升逾6%，石藥集團升逾4%，是升幅最大兩隻恒指成份股。

另外，澳博公布業績後一度跌逾1成，半日跌幅逾8%。"
十五運會｜港隊晉級男女4X100混合泳決賽　何詩蓓今爭獎牌,2025-11-13 12:23,,2025-11-13 12:45,local,rthk,https://news.rthk.hk/rthk/ch/component/k2/1831413-20251113.htm,"十五運會游泳項目，港隊晉級男女4X100米混合泳接力決賽。女泳手何詩蓓將於晚上出戰女子200米自由泳決賽，力爭個人首面全運獎牌。

乒乓項目方面，廣東組合林高遠、劉詩雯在混雙4強賽，苦戰7局，以局數4:3擊敗遼寧的袁勵岑、王藝迪，晉級決賽。"
HK mixed medley swimmers make National Games final,2025-11-13 12:05,,2025-11-13 12:30,elocal,rthk,https://news.rthk.hk/rthk/en/component/k2/1831411-20251113.htm,"Hong Kong's mixed medley relay swimmers advanced on Thursday to the final at the National Games. 

The 4x100m team of Cindy Cheung, Nicholas Cheung, Ralph Koo and Li Sum-yiu clocked a little more than three minutes 54 seconds – good for sixth overall. 

They'll compete again at around 8.40pm in Shenzhen. 

In the women's 200m butterfly heats, Kassy Yeung also advanced to the semi-finals due on Thursday night ranked 10th overall, finishing with a time of two minutes and 12.79 seconds. 

Teammate Mya Mathis, however, didn't make the cut. 

In her individual 50m backstroke, Cindy Cheung was unable to advance from the heats, as her time of 29.6 seconds was only 22th overall. Teammate Ashley Chan, meanwhile, was 25th overall.

Ian Ho and Nathan Chan were also out following the men's 100m freestyle heats."
天文台：下星期二顯著轉涼　星期三降至13至14度左右,2025-11-13 11:57,,2025-11-13 12:15,local,rthk,https://news.rthk.hk/rthk/ch/component/k2/1831412-20251113.htm,"天文台進一步下調下星期的氣溫，預測下周二最低氣溫15度，星期三最低13度。

天文台預料，一股強烈東北季候風的補充會在下星期一晚上抵達廣東沿岸，隨後一兩日該區天氣顯著轉涼，風勢頗大及有一兩陣微雨，隨著季候風稍為緩和，下周後期該區氣溫逐漸回升。"
Kowloon East candidates highlight district challenges,2025-11-13 11:49,,2025-11-13 12:00,elocal,rthk,https://news.rthk.hk/rthk/en/component/k2/1831407-20251113.htm,"Kowloon East candidates in the upcoming Legislative Council elections pointed out key challenges in the district including an aging population and transport congestion, during a government-organised election forum on Thursday.

Bill Tang, a lawmaker from the Federation of Trade Unions with more than 20 years in politics, highlighted his efforts in pushing for the cancellation of the MPF offsetting mechanism and the elimination of subdivided flats. He said he is deeply concerned about elderly welfare, noting that Kowloon East has a particularly high proportion of older residents. 

“There have been many tragic cases where elderly people suffered accidents at home without anyone knowing,” Tang said. 

“I don’t want to see such tragedies again, so over the past two years, my team and I, together with university students and scholars, conducted a survey of elderly households in Kwun Tong. The goal was to create a registry to better support them in the community.”

DAB district councillor Cheung Pui-kong said he cares about people from all walks of life and will focus on issues such as foreign labour, primary healthcare and childcare services. 

“I call for improving the housing ladder to help young people move upward,” Cheung said. 

“I urge the government to increase childcare places to free up the female workforce, and to enhance elderly care services and develop the silver economy so that seniors can enjoy their later years in comfort.”

DAB lawmaker Ngan Man-yu highlighted his efforts during his tenure to promote a green mass transit system aimed at easing traffic congestion in the district and improving transport options for residents living far from MTR stations. He also expressed support for resuming the sale of public housing units to offer more home-ownership opportunities.

“In the next four years in Legco, I hope to resume the sale of public housing, giving residents who wish to own a home more opportunities for upward mobility,” Ngan said.

Chan Chun-hung, a healthtech engineering manager, said although he is running without the backing of major political parties, he would do his best to bring change and serve as a bridge between the public and the government. 

“If you don’t want to stand still, you should bravely cast your vote for change,” Chan said. 

“I promise to focus on practical governance and put people first. I will strengthen the bridge role to make the legislature more effective, ensure government policies are more down-to-earth, and use data to reflect the diverse voices of the people.”

Leung Sze-wan, a teacher and district councillor, said she hopes to boost economic activities and promote cultural and waterfront development in Kowloon East. 

“There are more than 700,000 residents and over 200,000 workers in Kowloon East,” Leung said. “If people spend and support businesses within the district, our local economy will thrive.”

A total of 39 “Patriots Collaborate for Good Governance” election forums are being organised by the government, covering the geographical, functional and Election Committee constituencies.

All the forums are being broadcast live on RTHK TV31 and RTHK Radio 1."
滬指半日企穩4000點以上　創業板升近3%,2025-11-13 11:43,,2025-11-13 12:00,cfinance,rthk,https://news.rthk.hk/rthk/ch/component/k2/1831408-20251113.htm,"內地股市反覆向上，滬指半日在4000點以上企穩，創業板指數升近3%。電池產業鏈、有色金屬、化工、光伏設備等股份上升；油氣開採及服務、銀行、保險和零售股向下。

上證綜合指數一度低見3994點，其後轉升，半日收市報4017點，升17點，升幅0.44%。

深證成份指數報13478點，升238點，升幅1.8%。

創業板指數報3205點，升83點，升幅2.68%。"
十五運會｜乒乓混雙4強賽廣東隊擊敗遼寧組合　晉級決賽,2025-11-13 11:40,,2025-11-13 12:00,local,rthk,https://news.rthk.hk/rthk/ch/component/k2/1831409-20251113.htm,"十五運會乒乓混雙4強賽，廣東隊的林高遠、劉詩雯苦戰7局，以局數4:3擊敗遼寧組合袁勵岑、王藝迪，晉級決賽。

今場準決賽上演國家隊球手對碰，廣東隊由男子世界冠軍林高遠，夥拍34歲「大師姐」奧運冠軍劉詩雯，面對有國家隊年輕球手袁勵岑，加上女子世界冠軍王藝迪在陣的遼寧隊。

遼寧隊先以11:3取首局，第二局廣東的林高遠、劉詩雯將比賽速度加快，一度領先10:7下，被遼寧組合連取4分反先，「刁時」輸12:14。

第三局廣東隊不容再失，以11:7追回一局，但第4局失誤較多，再被遼寧贏11:3，局數落後1:3。

廣東隊之後以11:8、11:2、11:8連取三局，反敗為勝，決賽將會在明天舉行。"
金發局委任董一岳接替區景麟擔任行政總監　明年2月4日生效,2025-11-13 11:31,,2025-11-13 11:45,cfinance,rthk,https://news.rthk.hk/rthk/ch/component/k2/1831402-20251113.htm,"金發局委任總監及政策研究主管董一岳，明年2月4日起接替區景麟擔任行政總監，任期3年。

金發局表示，委任經由甄選小組進行公開及嚴謹的招聘程序，以確保符合局方使命及長遠策略目標。

區景麟任期明年2月3日屆滿。金發局感謝他過去多年帶領局方完成多項重要計劃，並期待與董一岳繼續推動香港金融服務業及相關領域可持續發展及創新，並提升競爭力。"
特朗普簽署臨時撥款法案　結束聯邦政府停擺,2025-11-13 11:26,,2025-11-13 11:45,cinternational,rthk,https://news.rthk.hk/rthk/ch/component/k2/1831406-20251113.htm, 
十五運會｜港隊晉級男女4x100米混合泳接力決賽,2025-11-13 11:24,,2025-11-13 11:45,local,rthk,https://news.rthk.hk/rthk/ch/component/k2/1831405-20251113.htm,"十五運會游泳項目早上在深圳完成多場預賽，港隊晉級男女4 X100米混合泳接力決賽。

港隊派出張心悅、張智傑、古逸豪和李芯瑤，初賽游出3分54秒11，排在小組第3名，以總成績第6名，躋身今晚8時40分舉行的決賽。

4人在賽後表示，能夠晉級決賽感到開心。李芯瑤表示，昨日才決定出賽名單，這個組合很新，對成績沒有甚麼概念，能進入決賽是喜出望外。張心悅表示，初賽後段有點吃力，希望決賽能游快一點。

女子200米蝶泳初賽，楊凱晴以2分12秒79，總成績第10名，晉級今晚舉行的半決賽。隊友文雪兒成績為2分20秒21，排第44位，未能晉級。

張心悅和陳梓瑜在女子50米仰泳初賽，雙雙無緣晉級半決賽。男子100米自由泳初賽，李昇海、陳一鳴、何甄陶均未能躋身下一階段賽事。盧梓霖、劉平治在男子200米個人混合泳亦未能入圍半決賽。"
年輕患者用連續血糖監測儀　因糖尿病酮酸中毒症住院比率減八成半,2025-11-13 11:22,,2025-11-13 12:00,local,rthk,https://news.rthk.hk/rthk/ch/component/k2/1831404-20251113.htm,"中大醫學院與兒童糖尿病協會等合作推出的年輕糖尿支援計劃推行約兩年，至今為超過900名糖尿病年輕患者包括提供兩年「連續血糖監測儀」，以協助管理糖尿病。中大引述數據指出，參與首階段計劃的644名青年中，若持續使用12個月「連續血糖監測儀」，因糖尿病酮酸中毒症而住院的比率大減八成半，出現嚴重低血糖症風險降低超過六成，併發高血糖風險亦降低超過五成。

中大醫學院指出，從計劃的數據可見，使用「連續血糖監測儀」可改善患者整體血糖水平，並可減少因低血糖或高血糖引發的嚴重併發症及住院風險，醫療成本隨之減少。而年輕及成年糖尿病患數目持續上升，糖尿科技尤其有助改善需要接受胰島素注射的一型糖尿青年患者。"
青年用連續血糖監測儀　因糖尿病酮酸中毒症而住院比率減八成半,2025-11-13 11:22,,2025-11-13 11:45,local,rthk,https://news.rthk.hk/rthk/ch/component/k2/1831404-20251113.htm,"中大醫學院與兒童糖尿病協會等合作推出的年輕糖尿支援計劃推行約兩年，至今為超過900名青年包括提供兩年「連續血糖監測儀」，以協助管理糖尿病。中大引述數據指出，參與首階段計劃的644名青年，若持續使用12個月「連續血糖監測儀」，因糖尿病酮酸中毒症而住院的比率大減八成半，出現嚴重低血糖症風險降低超過六成，併發高血糖風險亦降低超過五成。

中大醫學院指出，從有關計劃的數據可見，使用「連續血糖監測儀」可改善患者整體血糖水平，並可減少因低血糖或高血糖引發的嚴重併發症及住院風險，醫療成本隨之減少。而年輕及成年糖尿病患數目持續上升，糖尿科技尤其有助改善需要接受胰島素注射的一型糖尿青年患者。"
最高人民檢察院稱各級檢察機關努力將司法過程讓群眾看得見聽得懂,2025-11-13 11:18,,2025-11-13 11:30,greater_china,rthk,https://news.rthk.hk/rthk/ch/component/k2/1831403-20251113.htm,"最高人民檢察院法律政策研究室主任楊劍波表示，檢察機關近年落實「高質效辦好每一個案件」的重要要求，推動檢察辦案的質效穩步提升，體現在更注重案件的公平正義，做到把握法治精神，更注重案件程序的高效規範等方面。

他說，各級檢察機關努力將司法過程，採用群眾看得見、聽得懂的方式，講明事理，以解民眾心結，讓他們感受到公平正義。 

最高檢發布新一批6宗典型案例，涉及普通犯罪檢察、民事及行政檢察等。最高檢表示，能夠很好體現檢察機構以事實為根據，以法律為準繩，嚴格依照法律和事實辦案，確保辦案的程序公正。案例包括在四川督促完善村民自治章程，保障農村婦女合法權益、行政公益訴訟案等。

楊劍波表示，去年最高檢發佈首批檢察機關依法履行法律監督職責，推動社會主義核心價值觀融入法治建設的典型案例，取得較好的社會效果，因此今次發佈第二批案例，日後亦會發佈第三批、第四批的典型案例，逐步形成定期發佈的工作機制。"
立法會選舉｜多名官員以家鄉話呼籲鄉親投票,2025-11-13 11:08,,2025-11-13 11:15,local,rthk,https://news.rthk.hk/rthk/ch/component/k2/1831401-20251113.htm,"公務員事務局局長楊何蓓茵表示，距離12月7日立法會選舉日不足一個月，她邀請幾名官員以家鄉話呼籲鄉親們在選舉日投票。

楊何蓓茵在社交網頁表示，在短片中首先是律政司副司長張國鈞以客家話表示，投票很重要，呼籲鄉親在12月7日投票。之後是兩位祖籍福建的局長，分別是教育局局長蔡若蓮和財經事務及庫務局局長許正宇，他們一同以閩南話表示，盼望各位福建鄉親選民一起去投票。本身是山東人的勞工及福利局局長孫玉函亦向「山東老鄉」作出號召，呼籲投票，選出喜歡的議員。

至於特首辦主任葉文娟是潮州人，她以潮州話向「自己人」呼籲「投票才會嬴」，這一票是為你自己來投票，也是為香港來投票。身為廣東番禺人的楊何蓓茵，先用廣東話提醒大家要利用手上選票，選出信任的議員，又用普通話呼籲，強調投票是共創未來的重要一步。"
"HK, mainland stocks edge down as US shutdown to end",2025-11-13 11:06,,2025-11-13 11:15,efinance,rthk,https://news.rthk.hk/rthk/en/component/k2/1831400-20251113.htm,"Mainland and Hong Kong opened down on Thursday just as the US House of Representatives voted mostly along party lines to end the government shutdown.

The benchmark Hang Seng Index began trading on Thursday on the back foot, down 143 points, or 0.53 percent, at 26,779.

On the mainland, the benchmark Shanghai Composite Index inched down 0.09 percent to 3,996 while the Shenzhen Component Index slipped by a similar percentage to 13,228 and the ChiNext Index, tracking China's Nasdaq-style board of growth enterprises, was down 0.09 percent to 3,119.

In Japan, the Nikkei share average inched higher while the broader Topix index rose to a fresh peak on value-buying.

The Nikkei rose 0.3 percent to 51,189 close to midday while the Topix was up 0.63 percent at 3,380 after rising to a record high of 3,389 earlier in the day, extending gains to a fourth session.

A deal to end the longest government shutdown in US history cleared Congress on Wednesday, after the House of Representatives voted to restart disrupted food assistance, pay hundreds of thousands of federal workers and revive a hobbled air-traffic control system.

The White House said President Donald Trump planned to sign the bill in an Oval Office ceremony at 9.45pm on Wednesday, or 10.45am on Thursday Hong Kong time. (Reuters/Xinhua)"
李彥宏：約兩成數字人主播每分鐘訂單生成能力超越真人,2025-11-13 10:52,,2025-11-13 11:15,cfinance,rthk,https://news.rthk.hk/rthk/ch/component/k2/1831399-20251113.htm,"百度董事長兼首席執行官李彥宏表示，旗下電商數字人直播平台的數字人技術向全球開放，並加快出海，已在巴西落地，未來將拓展至東南亞及美國等市場，積極拓展一些海外電商平台，包括Shopee及Lazada等。

李彥宏表示，在電商平台上，約20%數字人主播每分鐘訂單生成能力超越真人主播，今年「雙11」數字人帶貨商品交易總額（GMV）按年升91%。

他指，過去1年數字人技術顯著提升，未來可應用於教育及醫療等範疇，又認為數字人將成為企業的數字員工、個人的數字分身。

另外，李彥宏提到，旗下搜尋器70%搜索結果由AI生成，將文字及鏈接為主的互聯網應用，轉為以圖片及視頻等內容為主的AI應用。"
日股半日升0.2%,2025-11-13 10:38,,2025-11-13 11:00,cfinance,rthk,https://news.rthk.hk/rthk/ch/component/k2/1831398-20251113.htm,日本股市半日靠穩，日經平均指數上午收市報51166點，升103點，升幅0.2%。
南韓高考開考　全國逾55萬人參加創2019年新高,2025-11-13 10:35,,2025-11-13 11:00,cinternational,rthk,https://news.rthk.hk/rthk/ch/component/k2/1831397-20251113.htm,"南韓高考今早在全國85個考區同時開考，逾55萬人參加考試。

韓聯社報道，考試時間由當地8時40分至下午5時45分，考試順序按照韓語、數學、英語、韓國史及探索、第二外語或漢文5科順序進行。

考試維持自2022年引進的文理科合併模式，排除超高難度試題。

高考成績將於12月5日公佈。

報道說，今年參加考試人數創2019年以來的新高，預計大學入學競爭將空前激烈。韓聯社分析，參加考試人數上漲的原因，包括醫學院招生人數恢復至原先規模，加上2007年「金豬年」出生的應屆生人數高於往年。"
十五運會｜三鐵周末舉行　楊德強稱周五起中環灣仔將有封路措施,2025-11-13 10:14,,2025-11-13 10:45,local,rthk,https://news.rthk.hk/rthk/ch/component/k2/1831395-20251113.htm,"十五運會鐵人三項比賽將於星期六及星期日在中環海濱及維港舉行。全運會統籌辦主任楊德強表示，中環海濱活動空間設有觀眾區，有大屏幕可看到每一項賽事的過程，目前仍有門票。

楊德強在本台節目《千禧年代》表示，三項鐵人賽首先會進行游泳項目，選手會先在灣仔對出海面游泳，之後會返回陸上踏單車，由中環摩天輪踏單車至灣仔金紫荊廣場，其後在中環海濱空間轉換跑步，沿海濱長廊跑，其後再回到中環海濱活動空間。比賽之前及進行期間，中環至灣仔相關海濱路段也會封路。

女子個人賽和男子個人賽分別於星期六上午舉行，而混合接力賽則於星期日下午進行。當局會在星期五上午開始，在中環灣仔一帶封路，讓運動員訓練及試路，楊德強呼籲市民在這段時間盡量避免駕車到有關路段，並留意運輸署公告。

楊德強又說，中國三鐵協會已預早做賽道檢查，他們昨日看過整體安排後，認為香港賽道是100分。他又提到賽道設計上較多彎位，比較有挑戰性。"
十五運會｜鐵人三項賽周末舉行　楊德強稱周五起中環灣仔有封路,2025-11-13 10:14,,2025-11-13 10:30,csport,rthk,https://news.rthk.hk/rthk/ch/component/k2/1831395-20251113.htm,"十五運會鐵人三項比賽將於星期六及星期日在中環海濱及維港舉行。全運會統籌辦主任楊德強表示，中環海濱活動空間設有觀眾區，有大屏幕可看到每一項賽事的過程，目前仍有門票。

楊德強在本台節目《千禧年代》表示，三項鐵人賽首先會進行游泳項目，選手會先在灣仔對出海面游泳，之後會返回陸上踏單車，由中環摩天輪踏單車至灣仔金紫荊廣場，其後在中環海濱空間轉換跑步，沿海濱長廊跑，其後再回到中環海濱活動空間。比賽之前及進行期間，中環至灣仔相關海濱路段也會封路。

女子個人賽和男子個人賽分別於星期六上午舉行，而混合接力賽則於星期日下午進行。當局會在星期五上午開始，在中環灣仔一帶封路，讓運動員訓練及試路，楊德強呼籲市民在這段時間盡量避免駕車到有關路段，並留意運輸署公告。

楊德強又說，中國三鐵協會已預早做賽道檢查，他們昨日看過整體安排後，認為香港賽道是100分。他又提到賽道設計上較多彎位，比較有挑戰性。"
李彥宏稱AI產業結構正朝健康方向發展,2025-11-13 10:10,,2025-11-13 10:30,cfinance,rthk,https://news.rthk.hk/rthk/ch/component/k2/1831394-20251113.htm,"百度董事長兼首席執行官李彥宏回應市場質疑人工智能（AI）存在泡沫，科技巨頭及AI新貴交叉投資、相互抬升估值及市值。

李彥宏在百度世界大會上指出，過去一年AI在各種生活生產環境都見到效果，產業結構正由「正金字塔」結構，向健康的「倒金字塔」轉變。

他解釋，過往最底層的晶片獲取絕大部分價值，晶片之上的模型獲得的價值不足十分之一，模型之上的應用價值更小。

他認為，晶片廠商賺多少錢，模型要能夠賺到10倍，而基於模型開發的應用能夠創造100倍價值，這種「倒金字塔」模式，才是健康的產業形勢。"
全美周三取消900班機　當局把削班數目凍結在6%,2025-11-13 10:07,,2025-11-13 10:30,cinternational,rthk,https://news.rthk.hk/rthk/ch/component/k2/1831393-20251113.htm,"美國聯邦政府停擺第43日，全美星期三取消大約900班航班，是削減航班措施生效六日以來最少，只有2000架次航班延誤。

外電報道，隨著空管人員缺勤情況大幅改善，加上政府有望很快結束停擺，聯邦航空管理局把40個主要機場的削班數目凍結在6%。交通部長達菲說，如果安全團隊認為事情朝著正確方向發展，當局會提出恢復航班正常運作的方案，空管人員亦會在停擺結束後48小時內，收到被拖欠工資七成的薪金。

西南航空高層向員工發備忘錄，指公司樂觀地認為管理局將於政府結束停擺後的幾日內，容許航空公司恢復正常運作。達美航空行政總裁亦認為，航空系統將於周末基本恢復正常。"
美財長：將有實質性措施降低咖啡和水果等價格,2025-11-13 09:59,,2025-11-13 10:15,cinternational,rthk,https://news.rthk.hk/rthk/ch/component/k2/1831392-20251113.htm,"美國財長貝森特說，特朗普政府將在未來幾日採取實質性措施，降低咖啡、水果等非美國本土種植商品的價格。

貝森特接受霍士新聞訪問時表示，未來幾日會有一些具體的公告，但未有透露更多細節。

民主黨人在剛舉行的地方選舉，以降低生活成本為議題，成功擊敗共和黨參選人。

特朗普政府正面臨食品價格飆升帶來的政治壓力。白宮多次強調將優先降低生活必需品成本，但通脹壓力仍然存在。

美國對巴西和哥倫比亞等主要咖啡出口國徵收的高額關稅，推高美國咖啡價格。"
謝展寰在巴西出席聯合國氣候變化大會　與參會代表進行雙邊會議,2025-11-13 09:53,,2025-11-13 10:15,local,rthk,https://news.rthk.hk/rthk/ch/component/k2/1831391-20251113.htm,"環境及生態局局長謝展寰繼續在巴西貝倫出席《聯合國氣候變化框架公約》締約方會議第30屆會議，並在中國角邊會主題討論環節上發言，以及與其他參會代表進行雙邊會議。
 
謝展寰在貝倫時間昨日出席的中國角邊會活動，主題為「推動綠色創新合作　共建綠色絲綢之路」，由國家生態環境部指導，並由「一帶一路」綠色發展國際聯盟、生態環境部對外合作與交流中心和中國環境與發展國際合作委員會秘書處主辦。主題討論的首個環節是「氣候資金機制創新：展望南南合作新模式」。謝展寰在討論環節中表示，香港位處粵港澳大灣區，擔當國家與國際之間「超級聯繫人」的角色，是聯繫國家與世界的橋樑；同時在「一國兩制」原則下，本港實行普通法制度，是全球第三的國際金融中心和亞洲領先的綠色和可持續金融樞紐，有效吸引本地和跨國資金支持減緩措施，以應對氣候變化的影響。
 
謝展寰說，單是去年，本港綠色和可持續債券發行總額已達區域內的45%，連續7年在亞洲市場中排首位。另外，為鼓勵綠色金融的發展，香港特區政府推出「綠色和可持續金融資助計劃」，資助合資格的債券發行人和貸款借款人的部分發債及外部評審服務支出。有關計劃已延長至2027年，並擴大資助範圍至轉型債券及貸款，以鼓勵區內減碳工作。
 
謝展寰又說，特區政府和國家生態環境部將就共建「一帶一路」綠色發展香港合作平台簽署合作備忘錄。該平台將連繫國際環保合作網絡，促進「一帶一路」國家之間的技術交流和分享解決方案。"
美卿為加勒比地區軍事行動辯護　指歐洲無權干涉華府捍衛國家安全,2025-11-13 09:44,,2025-11-13 10:00,cinternational,rthk,https://news.rthk.hk/rthk/ch/component/k2/1831385-20251113.htm,"美國國務卿魯比奧反駁部分盟友對美國在加勒比海地區軍事行動合法性的批評，指出歐洲無權干涉華盛頓如何捍衛國家安全。

七國集團外長在加拿大舉行會議，重點討論烏克蘭和加沙戰事，但部分國家對美國打擊販毒船的行動表示擔憂。法國外長巴羅認為，空襲行動違反國際法。

七國集團部長在會後聲明中表示，他們重申加強夥伴關係，確保海上港口和航線安全，打擊非法毒品販運的共同承諾，但聲明未有具體提及美國在拉丁美洲附近海域的軍事行動。

魯比奧離開加拿大前向記者表示，會議期間沒有人向他提及美軍的行動，又指毒品亦有從委內瑞拉運往歐洲，認為歐洲應該感謝美國清除毒品恐怖份子。

被問到英國據報因為擔心打擊行動，暫停與美國分享毒品走私情報，魯比奧批評是假新聞，重申美英有非常牢固的夥伴關係。"
滬深股市初段靠穩,2025-11-13 09:43,,2025-11-13 10:00,cfinance,rthk,https://news.rthk.hk/rthk/ch/component/k2/1831390-20251113.htm,"內地股市初段靠穩。

上證指數較早時報4003點，升3點。

深證成份指數報13283點，升43點。

創業板指數報3123點，升1點。"
人行逆回購1900億元人民幣,2025-11-13 09:36,,2025-11-13 09:45,cfinance,rthk,https://news.rthk.hk/rthk/ch/component/k2/1831389-20251113.htm,人民銀行公開市場今日進行1900億元人民幣7日期逆回購操作，利率維持1.4厘，對沖單日到期量後，淨投放972億元，連續4日淨投放。
宏利宣布優化業務策略　並計劃進軍印度市場,2025-11-13 09:35,,2025-11-13 09:45,cfinance,rthk,https://news.rthk.hk/rthk/ch/component/k2/1831382-20251113.htm,"宏利宣布優化業務策略，並計劃進軍印度市場。

公司說，為保持靈活性並持續把握新興機遇、創造長期價值，正重塑策略方針，包括在2027年將核心股本回報率(ROE)目標提高至18%或以上；2024至2027年間錄得超過220億加元或以上的累計匯回資金；亞洲地區的核心盈利貢獻提升至50%。

宏利又宣布將進一步拓展業務版圖，將與現有合作夥伴Mahindra攜手進軍印度保險市場。

另外，宏利第3季度盈利近18億加元，按年跌3%。核心盈利20.35億加元，按上升10%。

期內，新業務價值近9.1億加元，按年升11%，以美國的表現最好，升幅達到53%，加拿大及亞洲分別升11%及7%。不過美國的核心盈利跌20%，反映壽險理賠經驗欠佳、投資息差收窄等影響。而加拿大及亞洲核心盈利分別增長4%及29%。

集團上季核心股本回報率升1.5個百分點至18.1%。"
恒指在競價時段跌143點,2025-11-13 09:27,,2025-11-13 09:45,cfinance,rthk,https://news.rthk.hk/rthk/ch/component/k2/1831387-20251113.htm,"港股下跌，恒指在競價時段報26779點，跌143點，跌幅0.53%。

科技指數報5885點，跌0.82%。

華潤置地折讓9.58%配售華潤萬象生活，華潤置地偏軟，華潤萬象生活低開近8%。"
美國眾議院通過臨時撥款法案　待特朗普簽署後聯邦政府將恢復運作,2025-11-13 09:25,,2025-11-13 09:45,cinternational,rthk,https://news.rthk.hk/rthk/ch/component/k2/1831388-20251113.htm,美國國會眾議院以222票贊成、209票反對，表決通過臨時撥款法案，為結束美國史上最長的聯邦政府停擺邁出決定性一步，法案將會隨即送交白宮，由總統特朗普簽署生效，讓政府全面恢復運作。
人民幣中間價跌32點子,2025-11-13 09:20,,2025-11-13 09:30,cfinance,rthk,https://news.rthk.hk/rthk/ch/component/k2/1831386-20251113.htm,人民幣中間價報7.0865兌1美元，較上日中間價跌32點子。
《環看天下》：奧地利引入中國製列車　中企積極開拓歐洲鐵路市場,2025-11-13 09:12,,2025-11-13 09:30,greater_china,rthk,https://news.rthk.hk/rthk/ch/component/k2/1831384-20251113.htm,"奧地利向中國企業訂購的雙層客運列車，日前在首都維也納一個車站亮相，據報稍後將正式投入營運，來往首都維也納，以及第四大城市、著名音樂家莫扎特的出生地薩爾茨堡。

法國傳媒報道，這次是中國製造的雙層列車首次正式投入奧地利的客運鐵路系統。營運商表示，選擇由中國製列車是基於產品品質、技術創新及快速交付等因素。"
台股初段變動不大,2025-11-13 09:11,,2025-11-13 09:30,cfinance,rthk,https://news.rthk.hk/rthk/ch/component/k2/1831383-20251113.htm,"台股初段變動不大。

加權指數較早時報27926點，跌20點。"
潤地折讓近10%配售華潤萬象套現近21億元　用作收購土地等,2025-11-13 08:52,,2025-11-13 09:15,cfinance,rthk,https://news.rthk.hk/rthk/ch/component/k2/1831380-20251113.htm,"華潤置地計劃配售華潤萬象生活4950萬股，配售價每股41.7元，較昨日收市價折讓9.58%，預計配售所得淨額20.61億元，計劃用作收購儲備土地、開發成本及一般營運資金。

交易完成後，華潤置地在華潤萬象生活的持股由72.29%減至70.12%。"
Nobel laureate calls HKU his ideal Asia research base,2025-11-13 08:46,,2025-11-13 09:00,elocal,rthk,https://news.rthk.hk/rthk/en/component/k2/1831381-20251113.htm,"A renowned Hungarian scientist who has been appointed to a senior post at the University of Hong Kong (HKU) says the city provides the ideal environment to expand his research to Asia.

Ferenc Krausz, who won the 2023 Nobel Prize in Physics for his work on ""attosecond science"" --
the study of ultra-fast lasers that capture extremely short moments -- is now a chair professor at HKU's faculty of science.

In a media interview, Krausz detailed his vision for developing a screening programme to detect chronic diseases at an early stage, and treat them before they become life-threatening.

""I would like to create a bridge between physics and medicine in a similar way here at HKU as I did before in Munich as well as in Budapest in Germany and Hungary,"" he said.

""I brought together physics and medicine... and tackle one of the greatest challenges that medicine encounters today - how to transform current healthcare, kind of the reactive mode of healthcare, into a future proactive mode of healthcare.""

Krausz gave his first public lecture at HKU last week, drawing a crowd of around 800 including Secretary for Labour and Welfare Chris Sun and Secretary for Education Christine Choi.

His early disease detection model is based on laser-based analysis of human blood. Having conducted research in Europe for a decade, the Nobel laureate felt it was time to apply his findings on an Asian population. HKU, he felt, was the perfect partner.

""HKU offers truly ideal conditions for expanding this undertaking from Europe to Asia, given its excellent research environment both in physics as well as in medicine,"" he said.

""As you have seen, it has a truly world-class clinical trial centre in which I would like to build a strong strategic cooperation here at HKU.""

For now, Krausz will focus on research-guided training and teaching. He plans to split his time between Hong Kong, Hungary and Germany -- where he also leads a quantum optics institute.

He also urged students to remain curious. ""That's how actually my own career started and that was kind of the fuel for me moving ahead all the time over the years,"" he said, while confessing that he stumbled upon attosecond physics based on an urge to explore the unknown.

The professor also believes Asian students, whom he described as ""extremely hardworking and focused"", have what it takes to be successful."
思科系統上調全年度盈利及收入預測,2025-11-13 08:31,,2025-11-13 09:00,cfinance,rthk,https://news.rthk.hk/rthk/ch/component/k2/1831376-20251113.htm,"思科系統上調全年度盈利及收入預測，因看好人工智能熱潮下數據中心擴張，對公司網絡設備的強勁需求。股價在收交後交易時段升7%以上。

公司將2026財年經調整後每股盈利，由之前的4美元至4.06美元，上調到4.08美元至4.14美元，收入預測介乎602億至610億美元，之前預計590億至600億美元。

管理層預計，2026財年來自超級計算機的人工智能基礎設施收入將達到30億美元。

公司上季度盈利28.6億美元，按年增長逾半成。經調整後每股盈利1美元，高於預期。"
數名聯儲局官員認為利率應保持在現水平,2025-11-13 08:28,,2025-11-13 08:45,cfinance,rthk,https://news.rthk.hk/rthk/ch/component/k2/1831375-20251113.htm,"美國波士頓聯邦儲備銀行總裁柯林斯表示，由於擔心通脹高企，認為近期進一步放鬆貨幣政策的門檻相對較高。她上月投票支持聯儲局減息。

柯林斯在為波士頓銀行家會議準備的發言中表示，勞動力市場沒有明顯惡化證據下，不會輕易放鬆政策，尤其政府停擺導致通脹信息有限。

她認為，在當前高度不確定環境下，為了平衡通脹和就業風險，將政策利率維持在當前水平一段時間可能是合適。

亞特蘭大聯邦儲備銀行總裁博斯蒂克亦表示，在看到明確證據顯示通脹正朝聯儲局2%的目標回落前，傾向維持利率在目前水平。

宣布將於明年2月退休的博斯蒂克表示，在評估聯儲局雙重使命，即是物價穩定與就業最大化所面臨的風險時，更明確而且更緊迫的風險，仍然,是物價穩定。

聯儲局理事米蘭則重申，目前顯示通脹高於2%的數據有滯後性，認為美國的貨幣政策過於緊縮，指出現時的通脹指標未能充分反映租金下降。"
貝森特：將逐步調整國債標售規模　避免對市場造成干擾,2025-11-13 08:27,,2025-11-13 08:45,cfinance,rthk,https://news.rthk.hk/rthk/ch/component/k2/1831374-20251113.htm,"美國財政部長貝森特預計，美國國債市場需求將保持強勁，財政部將逐步調整附息國債標售規模，以避免造成市場干擾。

貝森特在紐約聯邦儲備銀行舉辦的美債市場會議上表示，財政部將繼續定期，而且可預測地發行附息國債，以在借貸需求不斷變化情況下，維護債市作為穩定基準的作用。

另外，貝森特表示，受到貨幣市場基金、穩定幣發行方以及擴大美債持倉的銀行推動，對國庫券的需求正在增加。

他提到，由於美國赤字略有下降，以及聯儲局近期宣布將以抵押貸款支持證券（MBS）回流資金購買國庫券，提供靈活性讓財政部無需立即就標售調整作出決定。"
韓股初段升約1%,2025-11-13 08:25,,2025-11-13 08:45,cfinance,rthk,https://news.rthk.hk/rthk/ch/component/k2/1831378-20251113.htm,"南韓股市初段升約1%。

首爾綜合指數較早時報4150點，升44點，升幅1.07%。"
美眾議院通過程序性投票　將表決臨時撥款法案,2025-11-13 08:25,,2025-11-13 08:45,cinternational,rthk,https://news.rthk.hk/rthk/ch/component/k2/1831379-20251113.htm,"美國國會眾議院當地星期三下午復會，並以213票對209票通過關鍵程序性投票，為表決參議院通過的臨時撥款法案、結束聯邦政府停擺，掃清障礙。

在完成程序投票後，眾議院將會展開一小時辯論，共和、民主兩黨議員各有30分鐘發言時間，之後就會表決法案。法案通過後會送交白宮，預計總統特朗普即日簽署生效。

眾議院議長約翰遜較早時向記者表示，相信這場漫長的國家惡夢將於當晚結束，重申政府停擺完全是愚蠢，而且毫無意義。

聯邦政府停擺至今43日，路透社與益普索的民調顯示，五成受訪民眾指責共和黨，四成七人認為民主黨要負責。"
日股初段變動不大,2025-11-13 08:25,,2025-11-13 08:45,cfinance,rthk,https://news.rthk.hk/rthk/ch/component/k2/1831377-20251113.htm,"東京股市初段變動不大。

日經指數較早時報51060點，跌2點。"
美國FBI局長稱中國已同意阻止芬太尼相關化學品的計劃,2025-11-13 07:49,,2025-11-13 08:00,cinternational,rthk,https://news.rthk.hk/rthk/ch/component/k2/1831373-20251113.htm,"美國聯邦調查局局長帕特爾表示，中國已經同意阻止芬太尼相關化學品的計劃。

帕特爾在白宮匯報上星期訪問北京的成果，指出中國已全面指定並列出13種用於生產芬太尼的前體化學品，並同意管制七間涉及生產相關化學品的子公司。

在北京，商務部日前公布，為進一步做好易製毒化學品出口管理工作，五個部門決定調整出口易製毒化學品管理目錄，將美國、墨西哥、加拿大，列入特定國家地區名單，並單獨增列針對美墨加的13種易製毒化學品，如果向上述三國出口相關化學品，應按規定申請許可。"
白宮稱因政府關門或無法發布10月就業及通脹數據,2025-11-13 07:25,,2025-11-13 07:45,cfinance,rthk,https://news.rthk.hk/rthk/ch/component/k2/1831370-20251113.htm,"白宮表示，由於政府關門，10月的就業和通脹數據可能無法發布。

白宮發言人萊維特在記者會上表示，政府停擺已嚴重干擾聯邦統計數據的收集，令聯儲局決策者在關鍵的經濟時期如同盲目操作。

白宮經濟顧問哈西特表示，特朗普政府將與由共和黨控制的國會合作，通過預算協調程序，推動應對經濟形勢的相關政策，又指政府正在研究多項住房政策方案，以幫助更多美國人購房。

哈西特又表示，希望聯儲局能更大幅度減息，但預計聯儲局只會減息25個基點。

另外，哈西特表示，若未被選中出任聯儲局下任主席，將留任目前崗位，又指若成功獲任命，可快速展開相關工作，因為自己曾在聯儲局擔任經濟學家。"
港足今晚友賽柬埔寨　若擊敗新加坡出線亞洲盃決賽周可分百萬獎金,2025-11-13 07:20,,2025-11-13 07:30,csport,rthk,https://news.rthk.hk/rthk/ch/component/k2/1831371-20251113.htm,"為備戰下星期二在啟德主場館迎戰新加坡的亞洲盃外圍賽生死戰，港足今晚8時將會在香港大球場，與東南亞老對手柬埔寨進行友誼賽，港台電視32屆時會直播賽事。

香港隊主教練韋斯活在賽前記者會說，從來都無輕視友誼賽，每場都希望盡力去爭取勝利，今場比賽是一個很好的機會，為球員提升狀態。

港隊下星期二對新加坡的比賽非常重要，只要擊敗對手，就能夠提早一輪出線決賽周，相反輸波就不能夠晉級。足總主席霍啟山昨日宣布，若果港足屆時贏波，全隊將會瓜分100萬元獎金。"
烏克蘭：年底前不再進行新談判　俄國：說明烏方缺乏達成和平意願,2025-11-13 07:02,,2025-11-13 07:15,cinternational,rthk,https://news.rthk.hk/rthk/ch/component/k2/1831367-20251113.htm,"烏克蘭外交部第一副部長基斯利察表示，由於今年俄烏之間舉行的數輪和平談判均未有取得實質進展，相關對話已停止，年底前不會再進行新談判。

俄羅斯外交部發言人扎哈羅娃表示，烏方停止與俄羅斯談判的做法說明烏方缺乏達成和平的意願。此外，烏方又破壞了雙方達成有關交換被俘人員的最新協議，在達成的1200名應被交換人員中，已交換的數量不足30%。

戰事方面，俄羅斯國防部表示，當地星期二晚至翌日早上，防空部隊在羅斯托夫州、布良斯克州、莫斯科州等多地攔截並摧毀了22架烏克蘭無人機。

烏克蘭武裝部隊總參謀部表示，截至當地星期三，前線地區過去一日共發生超過200次戰鬥，烏軍在波克羅夫斯克等方向擊退俄軍進攻，並摧毀俄軍裝甲戰車、多管火箭炮系統及防空系統等裝備。"
港股ADR較本港昨日收市價個別發展,2025-11-13 06:56,,2025-11-13 07:15,cfinance,rthk,https://news.rthk.hk/rthk/ch/component/k2/1831368-20251113.htm,"港股美國預託證券(ADR)個別發展。

阿里巴巴延續跌勢，ADR較本港昨日收市價跌逾2%。騰訊及美團ADR跌近1%。

滙控ADR升逾0.6%。港交所及建行ADR靠穩。"
世界衛生組織：全球結核病防治成果面臨挑戰,2025-11-13 06:54,,2025-11-13 07:15,cinternational,rthk,https://news.rthk.hk/rthk/ch/component/k2/1831359-20251113.htm,"世界衛生組織表示，結核病仍是世界上最致命的傳染病之一，去年造成超過120萬人死亡，約1070萬人感染。

世衛在發布的2025年全球結核病報告中指出，數據顯示，2023至2024年間，全球結核病發病率下降近2%，結核病死亡人數下降3%，雖然全球在結核病診斷、治療和創新方面取得顯著進展，但資金缺乏和醫療服務公平獲取方面持續存在挑戰，有可能導致全球抗擊結核病來之不易的成果付諸東流。"
Dow ends at record on hopes US government will reopen,2025-11-13 06:44,,2025-11-13 07:15,efinance,rthk,https://news.rthk.hk/rthk/en/component/k2/1831365-20251113.htm,"Wall Street stocks finished mostly higher on Wednesday with the Dow climbing to a fresh record on hopes a US government shutdown would soon end, while oil prices fell sharply on oversupply worries.

The Dow rose 0.7 percent to finish at 48,254, its first close above 48,000 as some market watchers pointed to a rotation to industrial names amid worries that artificial intelligence stocks are overvalued.

The Nasdaq finished down for the second straight day.

Traders broadly welcomed an expected congressional vote to reopen the government, after the longest shutdown in US history effectively stemmed the flow of official economic data and closed down vital services.

The House of Representatives appeared likely to vote on Wednesday on a spending bill to solve the budget stand-off after eight Democrats broke ranks in the Senate to pass a short-term funding bill.

Around 670,000 furloughed civil servants and a similar number who were kept at their posts with no compensation – including more than 60,000 air traffic controllers and airport security staff – will get back pay.

Meanwhile, in Europe, Paris hit a new record and Frankfurt also rose after a mixed day on Asian markets.

""The end of the shutdown is positive for financial markets as we should get a clear read on economic data in the next week or so,"" said Kathleen Brooks, research director at trading group XTB.

However, she said the prospect of a resumption of government services was fuelling demand for ""risk assets.""

Oil prices tumbled after the monthly oil market report of the Organisation of the Petroleum Exporting Countries projected a jump in supply in the third quarter. In its November report, the group sees oversupply in this period after forecasting a deficit in its October report.

Among individual companies, Advanced Micro Devices surged 9.0 percent after projecting greater than 35 percent revenue in annual compound growth rate amid the surge in AI investment.

The S&P 500 gained 0.1 percent, to 6,850, while the Nasdaq lost 0.3 percent, to 23,406. The Dow rose 0.7 percent, to 48,254. (AFP)"
油價跌近4%或以上　OPEC料明年供需平衡,2025-11-13 06:40,,2025-11-13 07:00,cfinance,rthk,https://news.rthk.hk/rthk/ch/component/k2/1831366-20251113.htm,"原油期貨價格跌近4%或以上。石油輸出國組織(OPEC)的報告指，由於OPEC+增產，明年全球石油供應將與需求持平，報告之前估計明年供應會面臨短缺。

倫敦布蘭特期油收報每桶62.71美元，下跌2.45美元，跌幅3.76%。

紐約期油失守每桶60美元，收報每桶58.49美元，下跌2.55美元，跌幅4.18%。

另外，美國能源信息署公布展望報告，將明年美國原油日均產量，由1350萬桶上調至1360萬桶。"
印度政府譴責新德里汽車爆炸為恐怖事件,2025-11-13 06:39,,2025-11-13 07:00,cinternational,rthk,https://news.rthk.hk/rthk/ch/component/k2/1831364-20251113.htm,"印度總理莫迪主持政府高級別內閣安全會議，譴責首都新德里日前發生的汽車爆炸是駭人聽聞的恐怖事件。

會議在當地星期三舉行，內政部長沙阿、國防部長辛格都有出席。會上通過正式決議譴責襲擊，並發表措辭強硬聲明，指出事件是反國家勢力犯下的卑鄙罪行，重申印度將堅定不移對一切形式恐怖主義奉行零容忍政策，將盡快查明犯罪者、同夥及資助者，並將他們繩之於法。

爆炸星期一晚在新德里熱門景點紅堡附近發生，據報造成至少13人死亡、20多人受傷。印度政府又在聲明中對遇難者表示深切哀悼，並向遇難者家屬表示慰問。"
日圓兌美元曾跌至逾9個月最低　憂加息步伐受政府影響,2025-11-13 06:17,,2025-11-13 06:30,cfinance,rthk,https://news.rthk.hk/rthk/ch/component/k2/1831363-20251113.htm,"美元指數變動不大，較早時報99.512。

日圓兌美元曾跌至逾9個月來最低，日本首相高市早苗表示，本屆政府傾向保持低利率，並要求與日本央行密切協調。市場擔心政府或影響央行行動，推遲加息時間。

日圓兌美元一度觸及155.04日圓，是2月初以來最低，較早時報154.66日圓。

英鎊兌美元下跌0.15%，至1.313美元。 澳元兌美元上升0.25%， 至0.6541 美元。

歐元兌美元微升至1.1585美元。"
公安部：成功引渡佘智江體現當局堅決切實維護人民群眾合法權益,2025-11-13 06:16,,2025-11-13 06:30,greater_china,rthk,https://news.rthk.hk/rthk/ch/component/k2/1831356-20251113.htm,"被中國公安機關通緝的跨境賭博「十大逃犯」之一，緬甸妙瓦底「亞太新城」賭詐犯罪集團主犯佘智江，由泰國引渡回國。

載著佘智江的客機昨晚降落南京祿口國際機場，佘智江雙手鎖上手扣，由警員押解落機。辦案機關表示，以佘智江為首的犯罪集團在網上設立200多個賭博平台，吸引33萬中國人參與賭博，涉案金額超過27億元人民幣。此外，他在緬甸妙瓦底建設的「亞太新城」29個電詐園區共248個電詐集團，向中國公民進行電話詐騙，造成損失特別巨大。2022年8月，他在曼谷被泰國警方拘捕。

公安部表示，佘智江的成功引渡，有力回應了人民群眾對打擊電信網絡詐騙等犯罪活動的期盼，體現公安機關切實維護人民群眾合法權益的堅決態度，同時亦是中泰雙方開展國際執法司法合作、打擊跨國犯罪的又一重要成果。"
金價升近2%或以上　預期美國政府將重啟,2025-11-13 06:14,,2025-11-13 06:30,cfinance,rthk,https://news.rthk.hk/rthk/ch/component/k2/1831362-20251113.htm,"金價升近2%或以上。市場預期，美國政府即將結束停擺，並會重新公布經濟數據，而數據很可能反映經濟疲弱，增強聯儲局下月減息預期，利好金價表現。

利率期貨顯示，交易商認為聯儲局12月減息25個基點的可能性為65%。

現貨金較早時報每盎司4129.7美元，上升1.6%。

12月紐約期金收報每盎司4213.6美元，上升2.4%。

另外，現貨白銀升近半成，至每盎司53.58美元，是10月17日以來最高水平。"
歐股上升　法德股市升約1%或以上,2025-11-13 05:52,,2025-11-13 06:15,cfinance,rthk,https://news.rthk.hk/rthk/ch/component/k2/1831358-20251113.htm,"歐洲股市上升，受到金融及醫療保健股帶動。

英國富時100指數收報9911點，再創收市新高，升11點，升幅0.12%。

法國CAC指數收報8241點，升85點，升幅1.04%。

德國DAX指數收報24381點，升293點，升幅1.22%。"
料停擺將結束　道指破頂高收近330點　納指跌近0.3%,2025-11-13 05:47,,2025-11-13 06:15,cfinance,rthk,https://news.rthk.hk/rthk/ch/component/k2/1831360-20251113.htm,"美股3大指數個別發展，市場預料美國政府即將結束停擺，道指創即市及收市新高，納指偏軟。

道瓊斯指數一度升至48431點，創新高，升逾500點，收市報48254點，升326點，升幅0.68%。

標準普爾500指數收報6850點，升4點，升幅約0.1%。

納斯達克指數收報23406點，跌61點，跌幅0.26%。

部分銀行股造好，摩根大通、高盛升逾1.5%及3.5%以上，同樣創新高。

科技股走勢不一，AMD急升近9%，Nvidia靠穩，但Meta跌近3%。"
美國當局連續第二日要求全美40個繁忙機場削減6%航班,2025-11-13 05:46,,2025-11-13 06:00,cinternational,rthk,https://news.rthk.hk/rthk/ch/component/k2/1831361-20251113.htm,"美國聯邦航空管理局在當地星期三，連續第二日要求全美40個繁忙機場削減6%的航班，890個航班要取消、750個延誤。

交通部長達菲警告，若國會不盡快重啟政府，航班中斷將在傳統節日旅行高峰前進一步惡化。多間航空公司已宣布削減航班並為旅客提供退款。航空管理局預計到當地星期五，航班削減比例將升至10%。

國會眾議院當地星期三將就聯邦政府臨時撥款法案進行投票，試圖結束美國史上持續時間最長的政府停擺。法案旨在重啟中斷的食品援助、支付數十萬聯邦僱員的工資，並恢復癱瘓的空中交通管制系統。

共和黨目前在眾議院僅有些微議席優勢，預計總統特朗普對法案的支持，將令共和黨議員在眾議院民主黨人的強烈反對下保持團結。"
特朗普去信以色列總統　敦促考慮赦免內塔尼亞胡,2025-11-13 05:23,,2025-11-13 05:45,cinternational,rthk,https://news.rthk.hk/rthk/ch/component/k2/1831357-20251113.htm,"美國總統特朗普去信以色列總統赫爾佐格，敦促對方考慮全面赦免以色列總理內塔尼亞胡。

特朗普在信中表示，極其尊重以色列司法體系的獨立性，但認為針對內塔尼亞胡的多項起訴是一場政治化、無正當依據的起訴。

以色列總統發言人在當地星期三表示，赫爾佐格收到特朗普的信件，並高度尊重特朗普，但任何尋求總統赦免的人都必須依據正式程序提交申請。

內塔尼亞胡其後在社交平台表示，感謝特朗普的鼎力支持、一如既往地直言不諱，期待繼續與對方合作，加強安全，擴大和平。

內塔尼亞胡目前面臨受賄、欺詐和違背公眾信任3項指控，是以色列史上首位在任內被起訴的總理。以色列反對黨領袖拉皮德表示，根據以色列法律，獲得赦免的前提是承認罪行並表示悔意。"
日本據報擬調高國際觀光旅客稅至約150港元　緩解過度旅遊影響,2025-11-13 04:24,,2025-11-13 04:45,cinternational,rthk,https://news.rthk.hk/rthk/ch/component/k2/1831353-20251113.htm,"日本政府據報正研究把國際觀光旅客稅，即是出境稅，從現時的1000日圓，調高至大約3000日圓、折合港幣約150元，計劃把增加的稅收用於緩解過度旅遊問題。

日本國家觀光局表示，2024年訪日遊客人數達到破紀錄的約3687萬人次，但在熱門旅遊景點，人多擁擠、交通堵塞及遊客違規行為等問題嚴重。共同社報道，日本當局希望利用上調出境稅稅率獲得的財政收入，來應對過度旅遊問題，例如引入基於人工智能的停車預約系統，以緩解交通擠塞等情況。有關議題可能會在年末稅制修改上討論。

首相高市早苗表明要在顧及出境日本人負擔的同時，擴大有關稅收。不過據報政府內部亦有意見呼籲必須充分考慮外國遊客和旅遊企業的利益。"
