id,title,date,url,section,source,last_update,scrape_time,news_content
3526957.0,荃灣57歲男子街頭暈倒 送院搶救不治,2025-12-15 01:32,https://www.stheadline.com/breaking-news/3526957/荃灣57歲男子街頭暈倒-送院搶救不治,"
        突發
    ",singtao,2025-12-15 01:32,2025-12-15 01:45,"荃灣發生猝死事件。周日（14日）晚上7時許，警方接獲途人報案，指懷疑一名男子在柴灣角街52號對開暈倒。人員接報到場，姓賴（57歲）男子昏迷被送往仁濟醫院治理，其後被證實死亡。死因有待驗屍後確定。

據了解，男子有身體病紀錄。"
3526946.0,葵盛東邨48歲男子家中倒斃　女兒揭發惜太遲,2025-12-15 01:19,https://www.stheadline.com/breaking-news/3526946/葵盛東邨48歲男子家中倒斃女兒揭發惜太遲,"
        突發
    ",singtao,2025-12-15 01:19,2025-12-15 01:30,"葵涌發生猝死事件。周六（14日）晚上約9時33分，警方接獲一名女子報案，指其父親在葵盛東邨盛和樓一單位內一房間暈倒。警員及救護員接報到場，證實姓徐（48歲）男住戶已當場死亡。警方經初步調查，案件暫列「屍體發現」，死因有待驗屍後確定。

據了解，男事主有身體病紀錄。"
3526924.0,悉尼邦迪海灘槍擊︱前蘇聯老兵伏身護8歲兒避一劫 感嘆「非我所認識的澳洲」,2025-12-15 00:55,https://www.stheadline.com/realtime-world/3526924/悉尼邦迪海灘槍擊前蘇聯老兵伏身護8歲兒避一劫-感嘆非我所認識的澳洲,"
        即時國際
    ",singtao,2025-12-15 00:55,2025-12-15 01:00,"澳洲悉尼邦迪海灘（Bondi Beach）當地時間周日（14日）傍晚6時40分左右發生槍聲案，造成12人死亡，29人送往醫院治理。澳洲警方已拘捕2名嫌犯。新南威爾士州警方後來宣布，槍擊事件是一宗恐怖主義事件。

事發時，海灘正舉行猶太節慶活動「海邊光明節」（Chanuka by the Sea）。自稱猶太教牧師的目擊者科特利亞爾（Vladimir Kotlyar）表示，活動原本氣氛輕鬆，市民在海灘跳舞、進食及攀岩，惟其後兩名槍手突然向人群開火，場面瞬間陷入混亂。

科特利亞爾指，當槍聲響起時，他即時撲向 8 歲兒子保護對方，其後更有一名中槍男子倒臥在他身上。他形容槍手手持至少一支霰彈槍，向人群「無差別射擊」。科特利亞爾稱：「他們像對付敵人一樣向我們開槍，這是邦迪，這是澳洲。」他其後嘗試協助傷者，包括一名肩部中彈的保安員，但指現場已有多人當場死亡。他形容場面猶如戰區。

科特利亞爾稱，他曾於前蘇聯時期在俄軍服役，經歷過軍事訓練與戰亂，但他直言仍從未見過這樣的場面。他感慨表示：「這不是我所認識的澳洲。」

相關新聞：悉尼邦迪海灘槍擊︱英勇市民埋伏奪槍 槍手節節後退天橋再施襲"
3526893.0,羅淑佩出席乒乓球賽事 讚揚殘特奧港將表現 透露WTT年終決賽有望再臨香港,2025-12-14 23:22,https://www.stheadline.com/society/3526893/羅淑佩出席乒乓球賽事-讚揚殘特奧港將表現-透露WTT年終決賽有望再臨香港,"
        社會
    ",singtao,2025-12-14 23:22,2025-12-14 23:30,"殘奧乒乓球賽事及WTT男女單年終決賽今日（14日）在香港上演，文化體育及旅遊局局長羅淑佩先後觀賞了這兩項賽事，並讚揚殘奧選手潘偉樂及王婷霆表現出色，分別奪得銅牌。羅淑佩亦透露，WTT年終決賽主辦單位正計劃明年再次在香港舉行。

羅淑佩在社交平台分享，她下午再次來到荃灣西體育館，觀看殘奧乒乓球。她親身見證潘偉樂及王婷霆分別取得男單及女單銅牌，並讚揚兩位選手水平高超、打球專注。她特別提到，潘偉樂所獲得的銅牌是男單全運史上首面，潘偉樂賽後亦表示期待明年名古屋亞殘運的比賽。

晚上，羅淑佩趕赴紅磡體育館，觀看WTT男女單年終決賽。儘管孫穎莎和王楚欽的「莎頭」組合因傷缺陣，她仍認為賽事精彩，氣氛熱烈。羅淑佩指出，這項賽事不僅是體育盛事，更是重要的旅遊項目。

她表示，主辦單位反應正面，已開始計劃賽事明年再次在香港舉行的具體安排。羅淑佩最後為女單冠軍王曼昱頒發獎座，結束其「乒乓球日」。



"
3526890.0,悉尼邦迪海灘槍擊︱哈爾濱男現場目擊慘劇  海中浮沉無法上岸險死,2025-12-14 22:41,https://www.stheadline.com/realtime-china/3526890/悉尼邦迪海灘槍擊哈爾濱男現場目擊慘劇-海中浮沉無法上岸險死,"
        即時中國
    ",singtao,2025-12-14 22:41,2025-12-14 23:30,"澳洲悉尼著名海灘邦迪海灘（Bondi Beach）今日發生針對猶太人槍擊事件。兩名槍手無差別向在場參加「光明節」活動的人士開槍，事件釀成最少12人死亡，多人受傷入院。

相關新聞：悉尼邦迪海灘槍擊︱英勇市民埋伏奪槍 槍手節節後退天橋再施襲

一名來自哈爾濱的男子事發時在現場，其在網上憶述聽到槍擊時逃生以及獲救的驚險過程。

該名叫「levi」的男子表示，自己和朋友在邦迪海灘游泳，然後突然聽到槍響，立刻警告身邊的人是槍擊，三聲過後，沙灘上的人開始奔跑。槍聲不斷，「levi」判斷是個半自動的步槍。當時「levi」在海中，沒法立即游到上岸，而凶手就在他正對面的平台上。

相關新聞：悉尼邦迪海灘槍擊增至12死 警方：恐怖主義事件︱有片

大概兩分鐘後，「levi」聽到警車聲，惟槍聲仍未停止。大約五分鐘左右，「levi」再聽見駁火聲音和救護車聲。惟事發期間身體全程緊繃，讓「levi」無法游水岸。快要撐不住時候，突有一名澳洲救生員帶著衝浪板，終把「levi」救上岸邊。

上岸之後，「levi」聽到到處都是女人和小孩的哭聲，各人就躲衝浪板倉庫內，直到直升機來支援，確認了安全才離開海灘。"
3526889.0,沙田賽馬期間中年漢闖賽道遭撳地制服 涉擾亂秩序行為被捕,2025-12-14 22:35,https://www.stheadline.com/breaking-news/3526889/沙田賽馬期間中年漢闖賽道遭撳地制服-涉擾亂秩序行為被捕,"
        突發
    ",singtao,2025-12-14 22:35,2025-12-14 22:45,"一名男子今日（14日）在沙田馬場第8場賽事進行期間，闖入近終點的賽道，及後被多人撲倒制服，過程中賽事未受影響。警方經調查後，拘捕一名59歲本地男子，涉嫌「公眾地方內擾亂秩序行為」。

事件發生於下午4時45分，警方指機動部隊人員今日在沙田大埔公路—沙田段一馬場執勤期間，一名男子涉嫌衝出賽道，並作出擾亂公眾秩序的行為。經初步調查後，人員拘捕該名59歲本地男子，涉嫌「公眾地方內擾亂秩序行為」。他現正被扣留調查，案件交由沙田警區重案組跟進。

警方強調，市民表達訴求時，必須遵守法律，並在符合國家安全、公共安全、公共秩序，以及不會損害他人的權利和自由的前提下，和平有序地表達意見。如有任何違法行為，警方必會果斷執法，以維持公共秩序及保障公共安全。

"
3526799.0,阿根廷探戈︱「出租舞者」爆紅助女性尋舞伴  1:10男女比例催生商機,2025-12-14 21:27,https://www.stheadline.com/realtime-world/3526799/阿根廷探戈出租舞者爆紅助女性尋舞伴-110男女比例催生商機,"
        即時國際
    ",singtao,2025-12-14 21:27,2025-12-14 21:45,"源自南美洲的探戈深受阿根廷女性歡迎，但由於當地舞廳男女比例失衡，導致女性難以找到舞伴。在首都布宜諾斯艾利斯，就有舞廳想到推出「出租舞者」活動，如今人氣火爆。

活動需提前預約

該活動只面向女性，由兩名專業舞者組織，每周三和周五在布宜諾斯艾利斯舞廳舉辦，外國人收費約37美元（約288港元），阿根廷公民和居民收費約30美元（約234港元）。

相關新聞：日本掀阿嫲出租熱潮 不只做家務湊小孩 還可陪談判分手

活動流程類似舞會形式，參加者需提前預約，抵達現場後，即可與專業男舞者一起跳舞。

組織者表示，目前在阿根廷一般探戈舞會上，男女比例是1比10，意味許多女性被排除在外，許多女性在舞會上只能在場邊觀看，臉上總是掛著愁容，「出租舞者」活動想法就此萌生。

「出租舞者」均經驗豐富

組織者續稱，所有「出租舞者」都是經過精心挑選，他們大多是專業舞者或探戈老師，經常在各種活動中表演，經驗豐富。 即使女方不擅長跳舞，「出租舞者」也會努力配合。

相關新聞：拉脫維亞「出租老公」服務需求火爆 應對女多男少問題

活動推出後，除吸引大批阿根廷女性參加外，現場亦經常出現外國人身影。69歲法國女子里克爾是近期活動的座上賓之一，她的舞伴是一位比她更矮的年輕男子。

儘管年齡和身高有明顯差距，男舞者卻非常專業，全程帶領里克爾翩翩起舞。里克爾事後坦言對活動非常滿意，形容「出租舞者」控制力很強。"
3526878.0,湛江街頭現2米巨蟒  消防一到即「投降」,2025-12-14 21:20,https://www.stheadline.com/realtime-china/3526878/湛江街頭現2米巨蟒-消防一到即投降,"
        即時中國
    ",singtao,2025-12-14 21:20,2025-12-14 21:45,"一般人理解蛇每逢冬天就會冬眠。近日，湛江民居竟出現一條長約兩米的大蟒蛇。

相關新聞：台屏東「溜蛇」男遭纏頸跌穿頭 發文道歉承認錯誤示範

廣東電視台周六（13日）報道，湛江市赤坎區近日一處居民區附近的人行道上，出現一條長約兩米的大蟒蛇。隨後，市民立即報警，消防救援人員趕到現場並將蟒蛇捕獲。湛江赤坎消防救援大隊工作人員表示，暫不清楚蟒蛇的來源，已經將它移交給湛江寸金動物園暫時保管。"
3526873.0,AHKP專業論壇探討北都與一帶一路 凌嘉勤籲專業界把握大灣區機遇,2025-12-14 20:54,https://www.stheadline.com/society/3526873/AHKP專業論壇探討北都與一帶一路-凌嘉勤籲專業界把握大灣區機遇,"
        社會
    ",singtao,2025-12-14 20:54,2025-12-14 21:00,"「AHKP專業論壇2025：北部都會 × 一帶一路」於今日（14日）下午開幕。本次論壇分為三部分：醫療牙科（專業融合與跨境服務）、建設測量與規劃（北部都會的專業參與），以及法律與會計（一帶一路的合規與財務策略）。大會邀請了相關行業的學會會長，深入探討跨界合作與專業發展的新機遇。

主禮演講嘉賓、房協主席凌嘉勤表示，本次論壇旨在凝聚力量，探索專業界在國際發展大局中的角色與機遇，促進跨界交流與創新思維，期望攜手共建香港專業新格局。他呼籲專業人士多了解國情，增加對粵港澳大灣區的認知，指出大灣區是國家區域發展戰略的重要組成部分，也是全球競爭與國際合作的關鍵城市群。

凌嘉勤闡述大灣區的多項優勢：擁有逾8,000萬人口，是具有全球影響力的國際創科與科技中心、「一帶一路」的重要支柱，亦是宜居、宜業、宜遊的優質生活圈。中央對大灣區寄予厚望，期望其在2035年前發展成為以創新為主要驅動力的經濟體系，區域發展協調性顯著增強，人民生活更富裕，社會文明達到新高度。因此，他鼓勵台下專業人士思考，香港的發展方向是否符合此目標。

此外，凌嘉勤引用國家「十四五」及「十五五」規劃文件，強調香港須更好融入和服務國家發展大局，鞏固提升國際金融、航運、貿易中心等地位。

凌嘉勤亦分享參與第一、二屆大灣區規劃大獎的經歷與啟發。他表示，從得獎作品中可見，在廣深港優秀的規劃能力下，城鄉發展、公共交通、區域聯繫、環境改善、非物質文化遺產保育、生態修復及人民福祉均能得到妥善兼顧與優先發展。他指粵港澳大灣區充滿活力，北部都會區帶動了香港自回歸以來最大規模的策略性發展，而未來「維港都會區」的規劃，也將體現新界北部與維港兩翼並重的重要性。

凌嘉勤強調，大灣區發展既帶來機遇與挑戰，更意味著責任。他勉勵專業人士改變思維，積極「做更多事，為香港創造更多價值」，以把握大灣區賦予的時代機遇。

AHKP主席龐朝輝表示，本次論壇適逢創立20周年，選擇以「一帶一路」為主題，正是因為這是香港未來發展的大趨勢。他指香港扮演「超級聯繫人」和「超級增值人」的角色，專業人士須在「一國兩制」下發揮自身優勢，實現制度與合作上的無縫對接，以推動大灣區發展。

龐朝輝認為，大灣區能為各專業領域開拓新市場，國家對專業服務的管理需求亦持續增加。他進一步指出，需與內地深化合作交流，以推動經濟社會高質量發展及建設國際人才基地。最後，他寄語香港能走出近期的傷痛，邁向經濟民生復興。

記者：曾智華"
3526825.0,珍惜生命︱西班牙單親母疑患抑鬱  抱雙胞胎慶生翌日跳樓亡,2025-12-14 20:30,https://www.stheadline.com/realtime-world/3526825/珍惜生命西班牙單親母疑患抑鬱-抱雙胞胎慶生翌日跳樓亡,"
        即時國際
    ",singtao,2025-12-14 20:30,2025-12-14 21:00,"西班牙馬德里發生一宗令人震驚的倫常慘劇。一名48歲母親在為一對雙胞胎慶祝3歲生日的翌日，竟抱著兩名幼童從10樓寓所墮下。母親當場傷重不治，兩名無辜幼子送院搶救後，一名孩子情況危殆，另一名孩子幸僅受輕傷。

雙胞胎慶生翌日發生悲劇

綜合外媒報道，事發於當地時間12月6日早上約9時，地點位於馬德里Ciudad Lineal區一棟住宅大樓。警方接報趕抵現場，發現母親已無生命跡象。兩名 3 歲幼童隨即被分送往不同醫院，據悉其中一名孩子傷勢嚴重，另一名則因墮樓時受到保護，奇蹟地僅受輕傷。

相關新聞：俄新生嬰遭扔出窗外墜樓亡 疑5歲胞姊趁母不在家動手

離異母親疑患抑鬱

警方隨即封鎖現場調查，在屋內檢獲死者的手機、手提電腦及筆記，但未有發現遺書。當局初步調查已排除涉及性別暴力。有鄰居透露，指涉事母親與丈夫離異，獨力撫養孩子，生前患有嚴重抑鬱，曾出現被人跟蹤及監視的被迫害妄想。案發前一天剛好是兩名孩子的生日，豈料慶祝生日後竟發生這宗家庭悲劇。

自殺求助熱線：「情緒通」精神健康支援熱線：18111 香港撒瑪利亞防止自殺會： 2389 2222生命熱線： 2382 0000明愛向晴軒： 18288社會福利署： 2343 2255撒瑪利亞會熱線(多種語言)： 2896 0000東華三院芷若園： 18281醫管局精神健康專線： 2466 7350

賽馬會青少年情緒健康網上支援平台「Open 噏」：http://www.openup.hk"
3526887.0,馬鞍山錦豐苑單位起火冒煙 逾百名住客疏散,2025-12-14 20:25,https://www.stheadline.com/breaking-news/3526887/馬鞍山錦豐苑單位起火冒煙-逾百名住客疏散,"
        突發
    ",singtao,2025-12-14 20:25,2025-12-14 22:30,今日（14日）下午5時53分，警方接獲多人報案，指馬鞍山錦豐苑錦莉閣一單位起火，黑煙沖天，消防動用一條喉及一隊煙帽隊灌救，迅速將火撲熄，火警中約200人自行疏散至安全位置，無人受傷。警方及消防正調查起火原因。
3526864.0,大圍美田邨單位起火 疑拜神焫着雜物肇禍 200人冒寒疏散,2025-12-14 19:55,https://www.stheadline.com/breaking-news/3526864/大圍美田邨單位起火-疑拜神焫着雜物肇禍-200人冒寒疏散,"
        突發
    ",singtao,2025-12-14 19:55,2025-12-14 20:00,今日（14日）下午5時許，大圍美田邨美麗樓一單位起火冒煙，消防到場出動一條喉及一隊煙帽隊灌救，迅速將火撲熄，事件中大約200人疏散至安全地方，無人受傷。據了解，火警疑與拜神香燭燒着雜物有關，戶主回家時發現失火，事後在場接受調查。
3526860.0,打擊死車新制生效前 直擊大埔停車場「殭屍車」：積塵生鏽行車證過期,2025-12-14 19:33,https://www.stheadline.com/society/3526860/打擊死車新制生效前-直擊大埔停車場殭屍車積塵生鏽行車證過期,"
        社會
    ",singtao,2025-12-14 19:33,2025-12-14 19:45,"新修訂的車輛登記及領牌制度將於12月22日（星期一）起生效，旨在加強規管長期未續牌的車輛（俗稱「死車」）。《星島頭條》記者今午（14日）到大埔超級城停車場觀察，發現有部分車輛長時間停泊，疑似「殭屍車」。有附近居民對新措施表示支持，但也關注政策執行後，能否有效釋出更多可用車位。

相關新聞：打擊死車︱12.22起實施領牌新制 通知期內須處理棄置車輛 即睇違規罰則及可豁免情況（附實用連結）

大埔超級城停車場不少樓層均停有「殭屍車」

記者逐層巡查停車場，發現不少樓層均停有疑似遭遺棄的車輛，例如在10樓停泊的一輛米白色TRD Sport，首次登記年份為2000年。雖然其行車證列印日期為今年1月，但車身積塵已形成塊狀，輪胎泛黃且胎體鏽跡斑斑，毫無更換跡象。該車停放位置長期受日光直射，反映車主似乎已無意保養。

更甚者，記者在8樓發現一輛黑色麵包車，車身積塵恐怖，車頭更用灰塵畫出一個「多啦A夢」圖案。它行車證泛黃，發出日期為2023年7月，顯示至少一段時間未續牌。車窗上更被放置一張「劏收」卡片，暗示車主既然棄置車輛，不如直接劏車，釋放車位供其他人使用。

居民質疑政策幫助不大

有大埔區居民對新政策表示支持，但同時對其執行成效存疑。在大埔超級城租用月租車位的翟先生指，現時不少市民濫用月租制度長期佔用車位，導致不論泊車或租用車位的難度均增加。他透露，在大埔區屋苑至少需三人競爭一個月租車位。對於新政策，他認為若政府僅吊銷長期未續牌車輛的行車證，實際作用有限，最好的做法是將長期佔位車輛拖走，直言問題根源在於停車場管理方疏於處理，才導致「殭屍車」持續佔用公共資源。

曾在多個大埔區停車場泊車的墨先生亦表示，除了大埔超級城外，其他停車場也會見到4至5部「殭屍車」，可見並非單一現象。對於這項政策，他坦言對車主「幫助不大」，因為即使將這些「殭屍車」拖走，所增加的車位也只是杯水車薪，政府長遠應考慮其他措施，如增設咪錶位等。

針對「殭屍車」問題，記者向大埔超級城保安人員查詢。保安員回應表示，該商場停車場車輛流轉率高，並未出現所謂「殭屍車」長期佔用車位的情況。

記者：曾智華

攝影：何健勇"
3526863.0,有片｜吐露港公路車轆飛脫 男警臨危不亂起飛腳踢跌 網民大讚：快狠準,2025-12-14 19:23,https://www.stheadline.com/breaking-news/3526863/有片吐露港公路車轆飛脫-男警臨危不亂起飛腳踢跌-網民大讚快狠準,"
        突發
    ",singtao,2025-12-14 19:23,2025-12-14 19:30,"吐露港公路有輪胎滾行百米，駛經車輛險遭撞及，幸有警員臨危不亂，及時「起飛腳」踢跌輪胎，有驚無險。多名網民讚警察的行為，又指他處變不驚：「值得加獎！香港警察加油！」

網上今日（14日）流傳一段影片，片段顯示事發時間為昨日（13日）早上9時37分。當時吐露港公路車水馬龍，往大埔方向有數十輛車行駛，惟至天鑽附近時，所有車突然收慢，未幾有一個輪胎沿快線旁邊的影線緩緩滾行，猶如「自動導航」一樣。一名男警從PTU警車落車，之後「起飛腳」踢跌輪胎，阻止輪胎擊中其他駛經車輛。

發帖的網民表示，幸有警察及時幫助，否則後果堪虞。有網民亦表示警察的行為值得嘉許，「呢個警察有啲料」、「值得加獎！香港警察加油！」、「快狠準」、「呢個真心抵讚」、「比個like」。"
3526833.0,奧蘭多環球影城︱男子玩過山車後額頭現傷口喪命  最終報告：意外死亡,2025-12-14 19:10,https://www.stheadline.com/realtime-world/3526833/奧蘭多環球影城男子玩過山車後額頭現傷口喪命-最終報告意外死亡,"
        即時國際
    ",singtao,2025-12-14 19:10,2025-12-14 19:15,"美國一名男子9月在佛羅里達州主題樂園乘坐過山車時離奇身亡，時隔3個月，佛羅里達州警長辦公室公佈最終調查報告，正式認定此案為「意外死亡」，未涉及任何刑事行為。

相關新聞：美國環球影城驚傳致命意外 32歲男坐過山車「多處撞傷」亡

事故發生於奧蘭多環球影城史詩宇宙主題樂園，32歲死者扎瓦拉（Kevin Rodriguez Zavala）當時與女友一同乘坐過山車，閉路電視畫面顯示，扎瓦拉剛坐上過山車時精神狀態良好，但當遊戲結束、過山車返回起點時，扎瓦拉已失去意識。

警方報告指出，扎瓦拉的死因為「多處鈍力撞擊傷」，其左側額頭有一道很深的傷口，眼眶上方骨折，顱骨上方出血，腹部和手臂有瘀傷，鼻子和右大腿骨骨折。

相關新聞：美環球影城遊園車「失控」至少釀15傷、1人傷勢嚴重

據家屬透露，扎瓦拉出生時患有脊髓萎縮，一生中接受過多次手術，包括曾在2020年接受股骨骨折手術；2010年接受髖關節脫位手術，導致平時需要依靠輪椅出行。由於這些問題，他們一直擔心兒子發生意外。

家屬與環球影業和解

家屬13日透過律師發表聲明指，已與環球影業就此事達成和解，雙方和解條款保密，感謝社區給予支持，希望外界能尊重家屬隱私。

警方指，主題樂園員工全程遵守了標準操作程序，並沒有粗心大意或疏忽職守，遊樂設施入口處張貼有警告標誌，告知遊客該設施會有突然的俯衝和加速，亦寫明患有某些疾病遊客不應乘坐，包括近期接受過手術等。"
3526855.0,因病致貧︱調查：六成受訪者難負擔醫療開支 有患者覺「累全家」萌放棄念頭,2025-12-14 18:53,https://www.stheadline.com/society/3526855/因病致貧調查六成受訪者難負擔醫療開支-有患者覺累全家萌放棄念頭,"
        社會
    ",singtao,2025-12-14 18:53,2025-12-14 19:00,"一項調查顯示，「因病致貧」在香港已成為普遍困境。研究發現，38.7%的受訪者因醫療開支而面臨財務困難，其中約兩成更跌至貧窮線以下。高額醫療負擔令家庭經濟承受重壓，多達73.5%的受訪者對此表示「非常擔憂」或「極度擔憂」。調查亦就此向政府提出多項政策建議，冀為陷入「因病致貧」的患者提供更多實質協助。

逾6成受訪者難以負擔醫療開支

長期病患者關注醫療改革聯席在今年2月至9月期間，共收集9位受訪者資料與意見，以及242份問卷。調查指出，受訪家庭收入中位數僅為17,000港元，不足全港中位數六成。近半（49.1%）受訪者的醫療開支佔家庭收入25%以上，62.8%受訪者直言難以負擔。研究進一步揭示，公私營醫療失衡、藥物安全網滯後、以及僵化的福利審查制度，是導致患者陷入經濟困境的主要原因。許多患者因公營輪候時間過長，被迫轉向私營醫療，而新藥納入資助往往需時兩年，期間患者需自行承擔高昂藥費。

患者萌生「累全家」念頭

除了經濟壓力，研究亦關注患者的心理狀態。不少患者因自覺「累全家」而萌生放棄念頭，更因為「有藥冇錢食」和「有病冇錢醫」而產生深深的無力感，更有跌落綜援線下的個案覺得自己「冇用」，因病而變成「廢人」。為應對開支，家庭普遍需壓縮其他支出（73.6%）、甚至動用家庭積蓄（62.8%）。

團隊倡多方面改革

研究團隊提出一系列政策建議，包括加快新藥納入安全網、放寬資助門檻，並檢討傷殘津貼機制，使其更貼合患者實際需要。同時，建議優化自願醫保計劃，設立高風險池以涵蓋帶病人士，並透過「微保險」等形式為基層提供針對性保障。長遠而言，報告呼籲政府推動整體醫療融資改革，建立有效的風險分攤機制，從根本上降低災難性醫療開支對家庭的衝擊。"
3526852.0,七旬菲漢闖旺角珠寶店 盜$13萬首飾當場斷正,2025-12-14 18:49,https://www.stheadline.com/breaking-news/3526852/七旬菲漢闖旺角珠寶店-盜13萬首飾當場斷正,"
        突發
    ",singtao,2025-12-14 18:49,2025-12-14 19:00,"旺角發盜竊案。今日（14日）下午1時許，警方接獲彌敦道621至623號一間珠寶店的職員報案，指一名外籍男子盜去一批約值13萬元的首飾及飾物，並企圖逃去。

警方接報到場，發現男子被店鋪職員截停，經初步調查，人員在該名74歲持護照的菲律賓籍男子身上檢回全部失物，涉嫌盜竊被捕，現正被扣留調查，案件交由旺角警區刑事調查隊第三隊跟進。

"
3526851.0,悉尼邦迪海灘槍擊︱英勇市民埋伏奪槍 槍手節節後退天橋再施襲︱有片,2025-12-14 18:30,https://www.stheadline.com/realtime-world/3526851/悉尼邦迪海灘槍擊英勇市民埋伏奪槍-槍手節節後退天橋再施襲有片,"
        即時國際
    ",singtao,2025-12-14 18:30,2025-12-14 18:45,"澳洲悉尼著名海灘「邦迪海灘」（Bondi Beach）發生槍擊事件，最少釀成10人死亡，多人受傷。

相關新聞：澳洲悉尼邦迪灘槍擊傳釀至少10死包括一小孩及警員身亡有片

消息指，兩名槍手疑針對猶太人「光明節」（Hannukah）活動，向在場民眾無差別開槍。網傳一段現場影片，見其中一名槍手向人群開槍，隨後一名英勇男子用在旁汽車作掩護，跟搶手從槍手的槍，槍手節節後退到至另一槍手身處的天橋上，之後再舉槍施襲。影片流出後，網民紛紛讚許英勇的民眾，形容是英雄的行為。"
3526848.0,警國安處破黑暴工廈軍訓基地 再拘一女子涉非法操練 累計10人落網,2025-12-14 18:18,https://www.stheadline.com/breaking-news/3526848/警國安處破黑暴工廈軍訓基地-再拘一女子涉非法操練-累計10人落網,"
        突發
    ",singtao,2025-12-14 18:22,2025-12-14 18:30,"警務處國安處就12月11日的執法行動，12月12日晚上再拘捕一名26歲女子，涉嫌違反《維護國家安全條例》第十三條「非法操練」罪，累計10人落網。

就早前被捕的9人，國安處昨日（13日）落案起訴其中兩名分別24歲及25歲男子，他們合共被控一項「串謀顛覆國家政權」罪，案件將於明日（15日）上午在西九龍裁判法院提堂。該名被捕女子及案中其餘被捕人已獲准保釋候查，須於2026年1月中旬向警方報到。

相關新聞：警國安處首引用非法操練罪拘9男 檢大量武器及爆炸品 揭新蒲崗工廈單位變軍事訓練場

警方調查顯示，有團夥於九龍一工廠大廈單位內進行非法操練，內容包括持槍械操練、刀術及格鬥術等。人員在該涉嫌被用作非法操練的單位，並檢獲懷疑用作非法操練的攻擊性武器。

相關新聞：9男涉非法操練遭國安處拘捕 消息：部份人黑暴期間曾參與多場暴亂





"
3526845.0,民主黨正式通過解散及清盤決議 即日結束運作 黨產捐工權會,2025-12-14 17:55,https://www.stheadline.com/politics/3526845/民主黨正式通過解散及清盤決議-即日結束運作-黨產捐工權會,"
        政情
    ",singtao,2025-12-14 17:55,2025-12-14 18:00,"民主黨今日（14日）舉行特別會員大會，正式表決通過解散及清盤決議，剩餘資產將捐給由劉千石任主席的工業傷亡權益會。民主黨主席羅健熙於會後表示，該黨將自此終止運作。

今年2月底，民主黨成立由羅健熙領導的三人小組跟進解散程序，並於4月召開的特別會員大會上，獲超過九成贊成票授權中央委員會處理後續事宜。民主黨以有限公司方式註冊，根據條例，今次解散決議須獲至少75%會員支持方可通過。前立法會議員、民主黨創黨成員李華明表示，會上無人反對，最終贊成票遠超75%門檻。"
3526843.0,觀塘康寧道3車相撞 兩的士司機報稱受傷,2025-12-14 17:27,https://www.stheadline.com/breaking-news/3526843/觀塘康寧道3車相撞-兩的士司機報稱受傷,"
        突發
    ",singtao,2025-12-14 17:27,2025-12-14 17:45,"觀塘發生交通意外。今日（14日）下午4時許，一輛私家車與兩輛的士於牛頭角道及康寧路交界發生相撞，其中一輛的士車頭嚴重損毀，泵把飛脫，其餘兩車則輕微損毀。事件中，兩名的士司機報稱受傷，需要送院檢查。

運輸署表示，現時上址交通繁忙，康寧道和牛頭角道 交界的部份行車線現已封閉。"
3526838.0,佐敦私家車的士相撞 的士司機頸痛送院,2025-12-14 16:56,https://www.stheadline.com/breaking-news/3526838/佐敦私家車的士相撞-的士司機頸痛送院,"
        突發
    ",singtao,2025-12-14 16:56,2025-12-14 17:00,"佐敦發生交通意外。今日（14日）下午3時許，一輛私家車及一輛的士於彌敦道及佐敦道交界發生相撞，的士司機一度被困，其後獲救，他報稱頸痛，由救護車送院治理。根據網上圖片所見，的士車頭嚴重損毀變型，車牌飛脫，安全氣袋彈出，至於私家車左邊車身亦告損毀。

運輸署表示，現時上址交通繁忙，佐敦道（往大角咀方向）近彌敦道的全線現已封閉，同時彌敦道（來回⽅向）近佐敦道的部份⾏⾞線亦已封閉，呼籲駕駛⼈⼠只可使⽤餘下⾏⾞線⾏⾞。"
3526837.0,OpenAI調整政策搶人才 毋須工作6個月可獲股權薪酬,2025-12-14 16:52,https://www.stheadline.com/realtime-finance/3526837/OpenAI調整政策搶人才-毋須工作6個月可獲股權薪酬,"
        商業創科
    ",singtao,2025-12-14 16:52,2025-12-14 17:00,"AI行業求才若渴，市場競爭激烈。據外媒《華爾街日報》引述消息指出，OpenAI上周終止了一項要求員工「需在公司工作至少6個月」才能獲得股權的薪酬政策，以鼓勵新員工勇於承擔風險，毋須擔心在獲得第一批股權之前就被解僱。

報道指出，OpenAI早於今年4月已將新員工的股權授予期從業界標準的12個月縮短至6個月；另有知情人士指出，馬斯克旗下xAI也採取了類似做法。

以往傳統科企設定1年授予期

報道又指，有關舉動反映了AI行業對高階技術人才的激烈競爭。以往傳統科技公司通常對新員工設定1年的股權授予期，避免將股權授予快速離職或表現不佳的員工；不過，隨著Meta、Google及Anthropic等公司以更高薪酬待遇吸引頂尖研究人員，因此這些員工能爭取更具吸引力的條件，並在不滿意的情況下快速離職。

另一方面，報道引述一份財務文件指出，OpenAI今年預計在股權薪酬上花費60億美元，幾乎佔其預計收入的一半。有科技投資者正私下抱怨，快速發展的AI初創公司股權薪酬激增，侵蝕了股東回報。"
3526832.0,三方共建「深空物質成分光譜探測聯合實驗室」 啟動天問三號載荷聯合研製,2025-12-14 16:48,https://www.stheadline.com/society/3526832/三方共建深空物質成分光譜探測聯合實驗室-啟動天問三號載荷聯合研製,"
        社會
    ",singtao,2025-12-14 16:48,2025-12-14 17:00,"香港中文大學今日（14日）與中國科學院合肥物質科學研究院，以及澳門科技大學在合肥科學島共同簽署協議，三方合作共建「深空物質成分光譜探測聯合實驗室」，並同步啟動天問三號載荷「激光外差光譜儀」的聯合研製任務。

中大牽頭「激光外差光譜儀」聯合研製

中大校長、中國科學院院士盧煜明，與安徽省合肥市委常委、市人民政府副市長袁飛，安徽省科技廳黨組成員、副廳長譚海斌，合肥物質院院士劉文清及院長劉建國，澳科大副校長譚廣亨，以及中科院重大科技任務局光電空天處處長李自傑出席活動，共同見證合作協議的簽署，並一同為聯合實驗室成立典禮暨天問三號載荷項目啟動儀式主禮。聯合實驗室是由三方合作共建，旨在打造高端科研平台，融合內地大科學裝置與工程研製方面的優勢、香港在精密光譜與人工智能領域的專長，以及澳門在航天科技與行星科學領域的特色平台研究能力，共同服務於國家深空探測戰略需求。

盧煜明：合作對港澳融入國家大局有重大意義

盧煜明表示，「十五五」規劃是國家未來五年新發展階段的行動綱領，在編制建議中重點提到突出科技創新的引領作用，加快高水平科技自立自強，一體推進教育科技人才發展。在這個重要的時間節點，中大很榮幸獲得國家航天局探月與航天工程中心的批准，與中國科學院合肥物質院和澳科大通過資源和科研力量的結合，協力參與天問三號載荷項目。這對於港澳特區融入國家發展大局，實在有著重大及深遠的意義。 此次啟動的天問三號載荷「激光外差光譜儀」聯合研製項目由中大牽頭，將成為聯合實驗室推動實質性科研協同的重要體現。

聚焦深空探測關鍵科學問題

本次啟動研製的「激光外差光譜儀」，旨在實現火星大氣水汽及其同位素高精度、寬覆蓋探測，以及火星全球大氣風場的探測。該任務將有助於揭示火星水的逃逸機制與演化歷史、火星大氣風場特徵及演變機理，深化對火星大氣環流與氣候演變的認識，為我國深空探測事業發展提供科學與技術支撐。

中大表示，聯合實驗室未來將聚焦深空探測中的關鍵科學問題，重點發展高靈敏度、高分辨率光譜探測技術，開展火星、月球等天體物質成分的原位與遙感探測研究，聯合培養具備全球視野的行星科學與空間技術複合型人才，力爭成為具有國際影響力的深空探測聯合創新平台。

中大工程學院機械與自動化工程學系教授任偉面向空天領域的重大需求，長期開展新型激光光譜技術及應用研究，其團隊在高精密光譜領域取得了一系列創新成果，超高靈敏、超寬動態範圍等探測指標達到國際領先水平。

中大一直以來積極參與國家深空探測領域，目前主要開展了對地觀測衛星的研發，發射了「香港青年科創號」衛星，以及大豆研究項目參與搭載天舟六號貨運飛船升空。"
3526834.0,澳洲悉尼邦迪灘傳槍聲,2025-12-14 16:38,https://www.stheadline.com/realtime-world/3526834/澳洲悉尼邦迪灘傳槍聲,"
        即時國際
    ",singtao,2025-12-14 16:38,2025-12-14 16:45,澳洲警方14日說，悉尼邦迪灘（Bondi）傳出槍聲，暫時未有傷亡報告。
3526829.0,內地三部門加強商務和金融協同 更大力度提振消費,2025-12-14 16:29,https://www.stheadline.com/macroeconomics/3526829/內地三部門加強商務和金融協同-更大力度提振消費,"
        宏觀經濟
    ",singtao,2025-12-14 16:29,2025-12-14 16:45,"內地商務部、人民銀行及金融監理總局聯合印發《關於加強商務和金融協同 更大力度提振消費的通知》，提出了3方面11條政策措施，其中包括加大消費重點領域金融支持 ，加強大宗耐用消費品、數碼產品等消費金融服務，挖掘商品消費升級潛能；推動金融機構與平台、重點商家合作，走進商超賣場，完善分期付款、信用卡、手機銀行、數位人民幣等產品服務模式，更能滿足消費者換新需求。

同時，根據客戶還款能力及信用狀況，合理確定貸款發放比例、期限及利率，落實個人消費貸款額度、期限、利率差異化政策，加速推動個人消費貸款業務發展；適當減免汽車以舊換新過程中提前結清貸款產生的違約金；加強金融機構與內外貿一體化重點企業和平台對接，提供境內外交易撮合服務，完善跨境供應鏈融資模式，支持更多企業內外貿一體化經營，擴大內貿險承保規模，支持更多優質外貿產品進入國內市場。

深化商務和金融系統協作

另一方面，據商務部財務司負責人解讀指出，有關政策有三大重點。一是深化商務和金融系統協作，推動地方相關部門加強溝通交流及分工協作，鼓勵有條件的地方健全溝通合作機制，強化財政資金、信貸資金與社會資本等合力，細化落實具體實施細則，共同打好政策「組合拳」。

二是加大消費重點領域金融支持，鼓勵金融機構圍繞升級商品消費、擴大服務消費、培育新型消費、創新多元化消費場景、助力消費幫扶五大重點領域，優化金融產品服務，推動供需兩端強化對接，提高對商品及服務消費的適配性，因地制宜推動新型消費發展，支持消費新業態新模式新場景建設，落實各項金融支持措施。

三是擴大政金企對接合作，鼓勵發揮「政金企」擴消費合力，進行多層次、多通路、多樣化的促消費活動和資訊分享，做好精準對接服務，用足用好相關政策紅利，更好滿足相關經營主體和消費者需求。"
3526818.0,反常舉動救長者一命！青衣的士司機拒收錢趕客「快啲走」 乘客家屬發帖尋人：想親口多謝你｜Juicy叮,2025-12-14 16:24,https://www.stheadline.com/local-topics/3526818/反常舉動救長者一命青衣的士司機拒收錢趕客快啲走-乘客家屬發帖尋人想親口多謝你Juicy叮,"
        時事熱話
    ",singtao,2025-12-14 16:24,2025-12-14 16:30,"網上今日（14日）出現一則特別的「尋人啟事」，其尋找的對象為一位在緊急關頭，展現無私精神的的士司機，發帖的網民表示，其父親因該司機的義舉，性命得保，「所以媽咪一直覺得好唔安樂，希望可以搵返位司機，親自道謝同補返錢。」

反常舉動救長者一命！青衣的士司機拒收錢趕客「快啲走」 乘客家屬發帖尋人：想親口多謝你↓↓↓↓

有網民今日（14日）在社交平台發布帖文，希望能尋回於昨日（13日）早上約八時，從青衣專業教育學院（IVE）接載其母親前往石蔭寧峰苑的一位的士司機。

據帖文所述，其父親昨在家中突然昏迷，母親接獲電話後心急如焚，立即致電召喚救護車，隨後截乘的士趕返家中。

事出危急 司機義舉爭分奪秒

由於情況緊急，司機的決定成為了拯救生命的關鍵，帖文中寫道：「因為太趕司機冇收媽咪錢叫佢快啲跑。」 正是司機此一義舉，為拯救生命爭取到寶貴的時間。

發帖者引述救護人員所言，倘若其母親再延誤片刻，「再遲少少返到屋企」，便要召消防員破門入屋，再等這「爆門」片刻，其父親「可能會有危險」。

家屬感恩盼尋人表謝意

事後，樓主母親對司機的善舉至為感激，卻因未能支付車資而耿耿於懷，感到「好唔安樂」，因此切盼能尋回該位司機，以實踐其心願：「親自道謝同補返錢。」

樓主在帖文中懇切地寫道：「阻大家少少時間，我想搵返一位好心的士司機......如果你係當事司機，或者識得相關司機，請留言或dm我，萬分感謝。」

網民盛讚「獅子山下精神」

帖文一出，感動無數網民，眾人紛紛留言響應，希望能協助尋獲該位善心司機。留言區充滿了對司機的祝福，如「好人一世平安」、「祝司機叔叔一世行大運好生意！」等等。

眾網民除了協助推動帖文，亦有人提供計程車電召台的聯絡方式，冀能增加尋獲司機的機會。

有網民深受觸動，感嘆道：「睇threads就係為咗睇呢啲，香港人真係好有愛㗎！」

有人將司機的行為與香港精神連結，認為這正是其體現：「我們的真性情就是這樣子，不佔人家便宜，不喜靠MMA去佔上風，香港獅子山下精神，不要給『祂』褪色。」

來源：tsz.ki__＠Threads

同場加映：96歲長者主動交還公屋 知情者揭原因：百感交集 網民勸：年紀大有些事要放下↓↓↓↓



"
3526826.0,泰柬衝突︱邊境衝突持續擴大  泰國沿海實施宵禁,2025-12-14 16:20,https://www.stheadline.com/realtime-world/3526826/泰柬衝突邊境衝突持續擴大-泰國沿海實施宵禁,"
        即時國際
    ",singtao,2025-12-14 16:20,2025-12-14 16:30,"美國總統特朗普早前聲稱已成功調停，讓泰柬達成停火協議。不過，兩國衝突持續且有擴大趨勢，泰國當局也在今天（14日）宣布，與柬埔寨接壤的東南部噠叻府（Trat）實施宵禁。柬埔寨戈公省（Koh Kong）接壤的5個縣，但不包括觀光勝地象島（Koh Chang）和谷島（Koh Kood）。泰國國防部發言人蘇拉桑（Surasant Kongsiri）指責，柬埔寨13日重申停火意願，卻未停止戰鬥。泰國雖有意以外交方式解決衝突，但「柬埔寨必須先停止敵對行動」，雙方才有可能進行談判。

"
3526813.0,宣明會舉辧「Global 6K for Water」慈善跑及步行籌款活動 將按參加者報名費額外配對金額 支援大埔受災兒童及家庭,2025-12-14 15:38,https://www.stheadline.com/society/3526813/宣明會舉辧Global-6K-for-Water慈善跑及步行籌款活動-將按參加者報名費額外配對金額-支援大埔受災兒童及家庭,"
        社會
    ",singtao,2025-12-14 15:38,2025-12-14 15:45,"香港世界宣明會於今日（14日）假添馬公園舉辦「Global 6K for Water」慈善跑，吸引近1,500名公眾參與，為非洲清潔食水項目籌款。活動同步回應大埔火災，宣明會除將善款用於支持承諾的水利衛生項目外，更將額外配對相等於所有參加者報名費同等金額，用作支援大埔受災兒童與家庭。

以腳步換取水源希望

G6K 跑步活動中「6K」象徵貧困地區居民每日平均步行 6 公里取水。今年活動由馬來西亞、韓國等地接力展開，香港為終站。活動大使藝人陳家樂、周家怡親身參與 6 公里賽事，與跑手共同為缺水兒童奔跑。

開幕儀式寓意深遠

開幕禮由香港世界宣明會董事會主席陳朝光、總幹事馮丹媚帶領全場默哀。嘉賓將象徵水源的藍色膠波倒入水桶，寓意為兒童「注滿希望」，貧困社區的孩子及家庭，在宣明會的水利項目協助下毋須再徒步走路6公里，便可輕易用水桶載滿清潔食水回家。隨後由韓國代表提水桶至起跑處，為Jerrycan 隊際賽鳴槍起步。

連結國際與本地關懷

宣明會表示，一直關注貧困社區的清潔食水供應情況，同時心繫本港社群。上月底大埔宏福苑火災做成嚴重傷亡，宣明會深感痛心，亦向死傷者家屬致以深切慰問，同時感謝前線救援人員的無私奉獻。宣明會亦聯同多個合作伙伴、區内團體及轉業人士支援大埔受災人士，包括通過「浸信會欣悅社會服務處」向居住宏福苑受影響學生發放緊急教育援助金，惠及百餘名學生，並展開緊急情緒支援、災後危機介入及創傷治療專業培訓等工作坊。

馮丹媚表示，今日活動有3個意義，第一是為遠方缺乏清潔食水的小朋友而跑，讓他們不需要再徙步6公里取水；第二是每一塊號碼布上都有一個小朋友陪同一起跑；第三個意義是 G6K 成為幫助大埔火災受影響人士的平台。宣明會讓今年 G6K 香港站賽事添上特別意義，希望參加者在悲傷中選擇用行動帶來希望，讓這6公里成為香港人團結守望相助的平台。

教育與紀念並行

現場設大型水桶模型、攤位遊戲及教育展覽，加深公眾對非洲水資源問題的認識。為悼念大埔火災受災者，特設心意牆供市民寄語致哀及寫下心意句字。

持續邁向水資源目標

宣明會為全球水資源議題領先組織，平均每 10 秒便有一人因其項目獲得清潔食水。2016至2023年間已幫助2,860萬人，目標在2030年前將受惠人數提升至3,000 萬。

星島新聞集團第二年擔任 G6K 活動媒體贊助，除發揮媒體影響力廣泛宣傳活動，更派出跑步健兒參與各項賽事，並由星島義工隊在現場為跑手打氣，為參賽者加油。星島新聞集團一向積極支持宣明會，包括參與舊書回收義賣及「飢饉一餐」等公益活動。活動當日，星島新聞集團有限公司副行政總裁林善喬親臨現場接受致謝獎項，並為參賽者加油鼓勵。"
3526804.0,加國駕駛教練涉課堂性侵少女　警不排除更多受害人,2025-12-14 15:34,https://www.stheadline.com/realtime-world/3526804/加國駕駛教練涉課堂性侵少女警不排除更多受害人,"
        即時國際
    ",singtao,2025-12-14 15:34,2025-12-14 15:45,"加拿大安省密西沙加市（Mississauga）一名駕駛教練涉嫌在課堂期間性侵女學員，被當地警方拘捕並落案起訴，當局不排除有更多受害人，呼籲知情人士挺身而出。

學車​女學員課堂遭性侵

皮爾區警隊（Peel Police）本月11日發新聞稿指，48歲涉案男子阿米爾罕（Aamir Gul）為一間駕駛學校教練，案發於11月27日。他當日駕駛一輛紅色房車到一名女學生家中接送，按預約安排駕駛課程，之後把學生載往密西沙加克拉克森社區中心（Clarkson Community Centre）停車場作泊車練習。警方表示，期間在車輛停下休息時，阿米爾罕涉嫌對少女作出性侵行為，其後被捕並被控性侵罪，案件仍在調查中。​

女學員應提防失德教練

有關案件引起關注，本地近年亦不時出現教練利用職權性侵學員的事件。2019年7月至2020年8月間，香港田徑教練楊競雄被揭發，在本地及外地集訓期間，多次以按摩為名，對一名未滿15歲女學生作出猥褻行為。法院於2022年裁定4項非禮罪成，判監兩年。​"
3526816.0,寒流襲粵︱廣州跌至5℃  清遠金子山現冰掛,2025-12-14 15:20,https://www.stheadline.com/realtime-china/3526816/寒流襲粵廣州跌至5-清遠金子山現冰掛,"
        即時中國
    ",singtao,2025-12-14 15:20,2025-12-14 15:30,十二月中旬，廣東民眾終於感受到冬天滋味。在冷空氣影響下，廣東今日（14日）氣溫持續下降，早晨粵北部分市縣出現低於5℃的低溫，高海拔山區更有霜（冰）凍，清遠金子山出現冰掛。 廣東省氣象部門指出，冷空氣從周六（13日）開始由北至南影響該省，到了今早，廣東北部氣溫大多在10℃左右，相較13日氣溫繼續下降，全省最大氣溫降幅達8.4℃。截至14日8時12分，全省有61個寒冷預警處於生效中。 清遠金子山受此輪冷空氣影響明顯。金子山今日最低氣溫跌至0℃，出現冰掛。此外，廣州也受此輪冷空氣影響，全市今日最低氣溫跌至5℃左右。廣州市區不少市民都穿上厚衣，提供火鍋或羊肉煲的餐廳掛出廣告吸客。
3526805.0,廣西狂男涉捅殺兩婦潛逃  公安懸紅通緝,2025-12-14 14:50,https://www.stheadline.com/realtime-china/3526805/廣西狂男涉捅殺兩婦潛逃-公安懸紅通緝,"
        即時中國
    ",singtao,2025-12-14 14:50,2025-12-14 15:00,"廣西柳城日前發生一宗涉及2人被殺命案。當地公安今日（14日）發懸紅通報。

據公安通報消息，事發於上周四（11日）下午5時許，地點位柳城縣馬山鎮。據悉，54歲李姓男子持刀，分別傷害45歲及57歲婦人。二人送院後重傷不治。疑犯作案後潛逃。公安正組織警力偵查抓捕，發布懸賞通告。



網上另有一張通報，指懸紅10萬元人民幣追捕疑犯。"
3526809.0,摩通戴蒙撐沃什任聯儲局主席 憂哈塞特上任觸發長息向上,2025-12-14 14:46,https://www.stheadline.com/macroeconomics/3526809/摩通戴蒙撐沃什任聯儲局主席-憂哈塞特上任觸發長息向上,"
        宏觀經濟
    ",singtao,2025-12-14 14:46,2025-12-14 15:00,"據外媒報道，摩根大通行政總裁戴蒙（Jamie Dimon）近日在紐約一場閉門會議上明確表態，支持聯儲局前理事沃什（Kevin Warsh）出任下一任聯儲局主席，並向華爾街高層警告，另一位熱門候選人哈塞特（Kevin Hassett）可能更順從白宮的減息意願，或引發市場反向博弈，損害聯儲局的獨立性。

哈塞特缺獨立性 或激進減息

戴蒙警告，市場擔心哈塞特缺乏獨立性及激進減息，可能點燃通脹預期，並導致長期利率因投資者拋售債券而飆升。然而，聯儲局僅能控制短期利率，而長期利率如10年期美債收益率則由市場定價；換言之，白宮試圖透過換人降低融資成本的計劃，很可能被債券市場「打翻」。

事實上，自今年11月下旬哈塞特成為聯儲局繼任人選大熱門以來，10年期美國國債收益率已從4厘升至約4.2厘；同時，衡量長期通脹預期的關鍵指標「5年之5年」遠期通脹互換利率（5y5y forward inflation swap）近期上漲了0.06個百分點，創1個月新高。

相關文章：沃什居聯儲局主席名單之首 特朗普：他認為必須減息"
3526800.0,錦綉花園5億水管維修煞停 管理公司：招標過程合規公平 續與居民溝通尋求解決方案,2025-12-14 14:20,https://www.stheadline.com/society/3526800/錦綉花園5億水管維修煞停管理公司招標過程合規公平-續與居民溝通尋求解決方案,"
        社會
    ",singtao,2025-12-14 14:20,2025-12-14 14:30,"元朗錦綉花園早前被指出現索價近5億元的食水管維修工程，並自今年9月起向業主籌集資金，惟至上周一（8日），屋苑物業管理公司發出公告，指目前缺乏推動大維修工程的社區共識與社會條件，為免引起爭議，決定終止集資計劃。錦綉花園物業管理有限公司發聲明，重申一直就工程透過公開招標及公平，公正的評審程序揀選承建商，工程分攤計算準則亦符合署方指引。

錦綉花園物業管理有限公司指，鑑於社會氣氛及目前僅約六成半錦綉花園業主就有關「全屋苑更換喉管維修工程」同意繳付第一期工程費，為維護社區和諧，而決定暫停有關工程計劃，希望緩解當前的爭議，並尋求不同途徑爭取更多居民共識。理解此舉有違六成半已交款業主的期望，但由於凝聚共識的過程需時，目前難以判斷重啟維修計劃的時機，所以決定退還所有已繳付第一期工程費的業主的全部款項。

強調整個過程資訊透明 保持與業戶溝通

該公司重申，自2021年起接獲水務署通知失水問題日益嚴重而必須採取有效的維修方案後，一直就是次工程與居民代表、專業顧問、區議員、立法會議員及相關政府部門等各持份者保持溝通，並透過公開招標及公平、公正的評審程序揀選承建商，務求在保障居民正常生活及業主權益的前提下，選出最合適的方案及承建商，以確保工程質素及安全。關於是次工程的集資及招標事宜，公司事先就工程項目內容進行全屋苑問卷調查並採納大多數民意取向，再持續透過管理通告、專訊、社交媒體及視頻等多種渠道確保資訊透明，安排與業戶會面解釋工程相關內容，並讓全體業主查閱招標文件。

公司稱，錦綉花園佔地 1,250 萬平方呎（相等於約 6 個維多利亞公園），共建有 5,024 間花園洋房及商業物業，工程地盤涵蓋整個屋苑公用馬路及部份業戶私家地段。今年展開公開招標，邀請了 35 間列入發展局《認可公共工程承建商名冊》的承建商參與投標，其中有 8 間合資格的工程公司參與競標，標書包括技術提案及價格提案兩部份，中標者為綜合評分最高者。根據此原則招標結果計算的工程費及其他相關費用合共約為 4.75 億港元，低於最初由3間獨立工程顧問公司所估算的範圍。

工程費分攤計算準則符合指引

物管公司表示，注意到近期部分媒體就工程費分攤方式所作出的失實或不完整報道。他們指根據現行安排，維修及保養費按物業的總樓面面積（GFA）比例分攤，符合地政總署法律諮詢及田土轉易處就業權分散時費用分攤的計算準則而作出的有關指引，亦是物業管理在計算費用分攤上的慣常做法。錦綉花園的總樓面面積是得到政府部門確認的數據準則，住宅部分的總樓面面積總和合共約470萬平方呎，而商業部分的總樓面面積約15萬平方呎。平均每一個住宅物業的總樓面面積佔比約0.02%，平均每戶承擔的維修金額僅約9萬港元；而錦綉花園的商業物業，其總樓面面積佔比約3%，因此預計承擔的維修金額約為1,600萬港元。整體分攤機制均遵循公平原則，並以全體業主之共同利益為依歸。

公司強調，未來將繼續保持與居民溝通，期望在兼顧公共安全、業主負擔能力及公平原則的前提下，與各持份者凝聚社區共識，積極尋求其他可行的解決方案。

相關新聞：錦綉花園5億水管維修煞停 物管公司指缺「社區共識」 本月下旬起退款"
3526796.0,宏福苑五級火｜逾1400戶災民已獲安置 何永賢：尚餘約470個單位可供使用,2025-12-14 14:08,https://www.stheadline.com/society/3526796/宏福苑五級火逾1400戶災民已獲安置-何永賢尚餘約470個單位可供使用,"
        社會
    ",singtao,2025-12-14 14:08,2025-12-14 14:15,"大埔宏福苑災民因火災痛失家園，政府隨即啟動應急安置方案，確保災民住屋需求得到妥善照顧。房屋局局長何永賢今日（14日）透過社交媒體，更新宏福苑居民中長期安置方案的最新進展。截至今日中午12時，已有1424戶、共3230人入住過渡性房屋及房協提供的單位。

屯門寶田邨已安排300個單位

何永賢指，目前尚餘約380個過渡性房屋單位和約90個房協單位可供使用，讓有需要的居民入住。此外，已有2戶共5人入住屯門寶田中轉屋。現時寶田邨已安排300個單位，預計未來一星期將增加至500個單位可供入住。

除房屋局的過渡性房屋火速投入服務外，房協的單位及房委會的中轉屋也成為需要電梯的居民的主要選擇。何永賢特別感謝房協一直以來的全力配合，並「多走一步」為居民籌備生活必需品，包括床架被褥、枱櫈、電器、拖鞋紙巾，共同為宏福苑居民提供全面支援。何永賢表示，政府會繼續努力，讓更多有需要的宏福居民盡快安頓下來。"
3526793.0,武漢41歲交警攔衝路障醉駕車 遭頂行600米殉職︱有片,2025-12-14 13:30,https://www.stheadline.com/realtime-china/3526793/武漢41歲交警攔衝路障醉駕車-遭頂行600米殉職有片,"
        即時中國
    ",singtao,2025-12-14 13:30,2025-12-14 13:45,"湖北41歲民警蔣仲超執行反酒駕任務期間，有司機不接受檢查衝路障，蔣仲超跳上車頭企圖攔停對方，被頂行逾600米殉職。

中國青年報報道，近日湖北公安舉行警號封存儀式，將殉職的武漢交警蔣仲超生前使用的「039357」警號，永遠封存。

蔣仲超於6月3日晚，執行反酒駕任務，一輛汽車被攔停後，司機疑有酒駕，警員要求對方「吹波仔」檢查確認時，司機突然加速衝卡逃走。相關新聞：南韓海警讓救生衣救中國老人不幸殉職 李在明致唁電

蔣仲超隨時飛身跳上汽車車頭蓋，企圖將司機截停，但涉案者卻一直加速狂飇逃走，期間更與對線汽車相撞，最終在距離受查路障逾600米外始停下。蔣仲超則身受重傷，送院搶救無效殉職。

"
3526790.0,羅淑佩分享詩歌傳遞「喜樂」 冀災後社會心中存盼望與平安,2025-12-14 13:26,https://www.stheadline.com/politics/3526790/羅淑佩分享詩歌傳遞喜樂-冀災後社會心中存盼望與平安,"
        政情
    ",singtao,2025-12-14 13:26,2025-12-14 13:45,"今天（14日）是普世基督宗教「將臨期」的第三主日，教會傳統上以「喜樂」為主題，繼續預備紀念耶穌基督降生和帶出聖誕節的真正意義。文化體育及旅遊局局長羅淑佩所屬教會也在今日舉行主日崇拜，她負責帶領詩歌敬拜環節，並在社交平台發文分享詩歌《神未曾應許》，期望這首詩歌能與災民同行，與社會一同踏上復常之路的日子當中為大家帶來一點力量。

羅淑佩表示，大埔火災發生後，她思量多時，如何在這樣的情況下，依然合宜地傳遞「喜樂」的信息，帶出平安、盼望餘又能對逝者和災民帶來追思及安慰。最後，回應牧者圍繞「靠主喜樂」的經文與講道，她選唱了《神未曾應許》這首詩歌。歌詞寫道，神沒有應許天色常藍、花兒常開，但祂應許人們「生活有力，行路有亮光，工作得息，試煉得勉勵，危難有賴，無限的體諒，不死的愛」。她指出，這些都是社會現在很需要的一份心中平安、心中盼望，有了這些，市民就可以有心中喜樂。

"
3526789.0,李家超明日至周三到北京述職 向國家領導人匯報香港最新情況,2025-12-14 13:07,https://www.stheadline.com/politics/3526789/李家超明日至周三到北京述職-向國家領導人匯報香港最新情況,"
        政情
    ",singtao,2025-12-14 13:07,2025-12-14 13:30,"行政長官李家超將於明日（12月15日）至12月17日到北京述職，向國家領導人匯報香港經濟、社會和政治等方面的最新情況。行政長官辦公室主任葉文娟和行政長官私人秘書黃霆芝將會隨行。

在李家超離港期間，由政務司司長陳國基署理行政長官職務。"
3526778.0,工展會搶鮑魚「打尖」羅生門 灰衣男「神之攝位」史詩級奪冠 網民激辯：肉酸定實力？｜Juicy叮,2025-12-14 13:02,https://www.stheadline.com/local-topics/3526778/工展會搶鮑魚打尖羅生門-灰衣男神之攝位史詩級奪冠-網民激辯肉酸定實力Juicy叮,"
        時事熱話
    ",singtao,2025-12-14 13:02,2025-12-14 13:15,"一年一度的工展會昨日（13日）開鑼，一如既往，限量優惠成為全場焦點，當中，原價460元、現售僅「1蚊」的鮑魚福袋，每日限量20份，引來大批市民清晨5時便到場守候。

網上熱傳昨首日爭奪戰激烈畫面，一名灰衣男子的身影脫穎而出，其獨特的「跑位」在網上引發熱議，有樓主貼出有線新聞的片段，並附上問題：「灰衫男咁樣算唔算打尖？」

工展會搶鮑魚「打尖」羅生門 灰衣男「神之攝位」史詩級奪冠 網民激辯：肉酸定實力？↓↓↓↓

從網民在社交平台貼出有線新聞的片段，可以鉅細無遺地重組這位灰衣男子的奪魁之路。

開閘前，他早已佔據鐵馬後的第一排有利位置，以上身灰衣笠頭、臉蒙口罩，一副「有備而來」的戰鬥格，蓄勢待發。

「神跑位」全分析：跑過龍愕然後捐入

當大會一聲令下，他應聲如箭般彈出，憑著驚人的爆發力，瞬間已拋離大部分對手，與另一名紅帽男子並駕齊驅，跑在人群的最前方。

然而，或許是求勝心切，他的速度快得讓他直接衝過了攤位的入口紅帶，「跑過龍」的一刻，其肢體動作明顯流露出一絲錯愕。

電光火石之間，他沒有選擇繞到隊尾重排，而是做出了一個驚人的決定：一個急煞，身體順勢壓低，竟從紅色的排隊繩下「捐」了進去，不偏不倚地走在紅帽男的前方，以「神之攝位」成功奪得隊伍的第一個位置。

最終，他施施然地站直身子，安穩地站在攤位之前，成為搶得「1蚊鮑魚福袋」的冠軍。

網民：「跑外檔都贏，有啲料」

這段如史詩級的搶購過程，瞬間掀起網民「食花生」式熱議，對於樓主「算唔算打尖？」的提問，網民之間有激辯。

有網民認為，在當時混亂的狀態下，根本無所謂隊伍可言，能跑到第一位就是實力，直言「OK啦，佢係跑得最快嗰個」，而且「用自己方法 抵第一」，甚至有人以賽馬比喻，大讚他「跑外檔都贏，有啲料」。

另有網民則堅持，無論如何，不按規矩排隊就是打尖，狠批其行為「夠哂肉酸 」及「呢啲人真係好肉酸」。

網民賽車式旁述：「FIA要調查啦！」

不過，最精彩的莫過於將整件事「賽車化」的留言，網民們化身賽車旁述員，以專業術語幽默點評。

有人笑稱要判罰：「過咗Pit Lane線少少地罰5秒啦」，更有人認為這是「直頭unsafe release la」，甚至有網民搞笑地表示「FIA investigating」（國際汽車聯盟正在調查），整個討論充滿了「Drive through penalty」和「Box box box stay out」等賽車迷才懂的術語，創意十足。

董驃腔旁述：「閘開啦！啲人衝晒出嚟，宜家都唔知邊個打邊個呀...」

除了賽車梗，也有網民從中看透人生百態，感嘆「為咗1蚊，可見人生百態」。

有人更抵死地模仿已故著名賽馬旁述員董驃的腔調，寫下：「閘開啦！啲人衝晒出嚟，宜家都唔知邊個打邊個呀，黑人...灰人...白人...灰人黑，左邊一札...右邊一札，嘩！成堆人一齊過終點呀！！」充滿集體回憶的腔口引來一片共鳴。

無論如何，事件最終在笑聲中落幕，網民普遍認為，不論灰衣男的行為是否屬於「打尖」，他確實「用自己最快方法去到隊頭」，正如其中一位網民配合聖誕節氣氛所言：「佢笠住個頭帶個口罩做嘢，佢做足思想準備，耶穌都留佢唔住啦。」

來源：ka_po_0607＠Threads、有線新聞影片截圖

"
3526785.0,立法會選舉｜陳克勤：民建聯「清者自清」 無效票增料因蓋得不好、蓋錯兩個印,2025-12-14 12:56,https://www.stheadline.com/politics/3526785/立法會選舉陳克勤民建聯清者自清-無效票增料因蓋得不好蓋錯兩個印,"
        政情
    ",singtao,2025-12-14 12:56,2025-12-14 13:00,"第8屆立法會選舉結果塵埃落定，民建聯維持立法會最大黨地位。該黨主席陳克勤在電視節目《講清講楚》中表示，就大埔宏福苑火災事件，民建聯「清者自清」，過程中並未涉及任何法律問題，相信政府獨立委員會調查後便能水落石出。他透露，不少受災居民主動聯繫民建聯區議員黃碧嬌以尋求協助。

陳克勤強調民建聯「清者自清」

是次換屆選舉中，民建聯得票有明顯跌幅。陳克勤表示，民建聯在選戰過程中遭受不少網上抹黑與失實報道，對選情造成一定影響，特別是在其出戰的新界東北選區。他稱待行政長官所委任的獨員會完成調查後，真相自然水落石出，強調民建聯「清者自清」，過程中並無涉及法律問題。

被問及事件會否帶來持續負面影響，陳克勤表示，市民的支持主要建基於該黨政綱與地區服務，將持續做好地區工作，尤其是宏福苑災後重建事宜。陳克勤亦引述選舉數據指，即使在相關輿論壓力下，他於涉事區域的三個票站中得票仍然位於首位，反映選民對該黨工作的認同與期望。

「清者自清」含黃碧嬌？ 陳克勤：目前相信並無問題

民建聯區議員黃碧嬌早前捲入輿論風波，皆因其曾擔任宏福苑前法團顧問，被認為有份推動該次大維修。被問及民建聯「清者自清」是否包含黃碧嬌在内，陳克勤回應指，政府調查完成後必將公開結果，而他目前相信民建聯並無問題。他重申若任何人涉違法違規，將絕不寬恕，嚴肅處理。

陳克勤又指，民建聯議員操守一向由紀律委員會監督，而黃碧嬌此前已向公眾澄清，故他認為事件無需再作跟進與討論。但他透露，在接觸的近千戶受影響居民中，不少是主動聯絡黃碧嬌，再由她轉介個案予團隊共同處理。

陳克勤：蓋印問題令無效票增加

是次立法會選舉投票率雖有上升，但投票人數有所下降，陳克勤肯定政府「出盡九牛二虎之力」，推出包括設置特別票站、鼓勵公務員投票等措施，認為相關努力值得肯定。至於投票率未如理想，他指部分原因與大埔火災事故影響社會氣氛有關，尤其在新界東北選區投票率明顯偏低。火災後各政團及政府暫停競選工程約一周，亦影響選民投票意欲。

關於無效票數量達到4萬多張、較過往多的情況，陳克勤表示過往選舉無效票比例一般介乎2%至3%，本次比例與之相若，未見特殊異常。但他亦提到，部分選民在蓋印時可能出現技術問題，例如印墨不清、蓋歪或一張票誤蓋了兩個印章，「令到無效票多咗」。他建議政府應加強宣傳正確投票方法，以減少相關無效票。"
3526782.0,中日惡化 | 中俄轟炸機首度同朝東京飛 展示轟炸能力,2025-12-14 12:41,https://www.stheadline.com/realtime-world/3526782/中日惡化-中俄轟炸機首度同朝東京飛-展示轟炸能力,"
        即時國際
    ",singtao,2025-12-14 12:41,2025-12-14 13:00,"中俄轟炸機9日在日本周圍進行聯合巡邏，日媒昨日（13日）引述消息指，是次巡航路線非常罕見，中俄轟炸機穿越沖繩本島與宮古島之間並進入太平洋後，首次一同飛往東京方向。

相關新聞：中俄轟炸機日本周邊巡邏 國防部：應對安全挑戰

多名日本政府相關人士向日媒透露是次巡航細節，中方出動兩架具備核打擊能力的轟-6K轟炸機，在兩架俄羅斯圖-95轟炸機和護航戰機的伴飛下，從沖繩本島和宮古島之間穿越後轉向東北方向，沿著日本列島飛行至四國海域後折返，航線途經東京、日本海上自衛隊橫須賀基地和美國海軍橫須賀基地。

展示轟炸東京能力

一名日本自衛隊高級官員指，過去中國軍機經常在沖繩本島和宮古島之間飛越後，轉向設有美軍基地的關島方向。雖然中國轟炸機也曾在2017年朝向東京飛行，但這次是中俄軍機首次同時朝東京飛。由此可以判斷，是次飛行是為了展示轟炸東京的能力。

相關新聞：白宮：兼顧日美同盟與對華合作 專家：特朗普不願釋放錯誤訊號破壞訪華

中國國防部發言人張曉剛早前指出，此次中俄聯合空中戰略巡航，是年度合作計劃內項目，展示雙方共同應對地區安全挑戰、維護地區和平穩定的決心與能力。"
3526784.0,廣東茶位費常爆爭議 市監局擬規定點餐前明示,2025-12-14 12:30,https://www.stheadline.com/realtime-china/3526784/廣東茶位費常爆爭議-市監局擬規定點餐前明示,"
        即時中國
    ",singtao,2025-12-14 12:30,2025-12-14 12:45,"廣東人飲茶被收茶位費及「加一」習以為常，但對許多外省人而言卻是消費陷阱，常生爭拗。廣東官方正就茶位費、服務費作公眾諮詢，打算規定日後要收取上述費用，須要提前明確告知。

菜式需加註主要食材

廣東市場監督管理局近日就《廣東省商品零售行業「誠信價格」行為指引（徵求意見稿）》、《廣東省餐飲行業「誠信價格」行為指引（徵求意見稿）》、《廣東省住宿業「誠信價格」行為指引（徵求意見稿）》公開向社會徵求意見。

相關新聞：8個月大BB收茶位費？ 汕尾大排檔被踢爆疑「劏客」即停業

三份文件中，涉及近年常起爭議的茶位費的《廣東省餐飲行業「誠信價格」行為指引（徵求意見稿）》最受關注。文件明確要求，若收取服務費、茶位費等附加費用，需在消費者點餐前明確告知並公示收費標準。

商品說明方面，文件指經營者不僅應標明菜品名稱和價格，還需標示主要食材。如一道「火山下雪」，不只寫菜名，要注明主要食材為「番茄」。相關新聞：酒樓茶位費︱北方遊客批不合理促深圳帶頭取消 官方咁講……

文件還提到，因食材規格、產地、等級等特徵不同而實行不同價格的，經營者應當針對不同的價格分別標示，以示區別。進口食材需標註產地。

點菜前先上平台看看是否有套餐，這是當下常見的消費方式。不過，有消費者吐槽，曾遇到團購套餐比單點價格更高的「套路」。而針對套餐價格，文件規定，套餐優惠需列明包含的菜品及單價（套餐價格應等於或低於相應各菜品價格之和），套餐價還要明確包含的菜品及分量。

"
3526779.0,財政預算案2026︱陳茂波：公眾諮詢即將展開 投資者和商界對本港經濟前景持續樂觀,2025-12-14 12:29,https://www.stheadline.com/politics/3526779/財政預算案2026陳茂波公眾諮詢即將展開-投資者和商界對本港經濟前景持續樂觀,"
        政情
    ",singtao,2025-12-14 12:29,2025-12-14 12:45,"財政司司長陳茂波表示，投資者和商界對本港經濟前景持續樂觀，投資開支增速加快。有本地商會調查顯示，本港企業對營商前景的信心顯著上升。過去數月，相繼有金融機構和大型電商平台，租用或購入多層商業樓面甚至整幢商廈，透過加強在本港的部署以開拓內地以及國際業務。這些都反映市場對未來的正面預期。

陳茂波：建立品牌是高增值發展模式重要構成部分

陳茂波今早（14日）在網誌表示，昨日在維園揭幕的工展會，吸引了大批市民和大灣區旅客入場，自身也到了維園現場逛逛，買了些健康食品、地道小吃、社企產品和智能家電，當中有不少屬於本地品牌。

他指多年來，香港強調建立品牌的重要性，這是高增值發展模式的重要構成部分。品牌代表着對質量和價值的追求，令客戶及消費者願意付溢價購買更好的產品、服務和體驗。特別是進入「人工智能+」的時代，社會對產品的智能化有更高的要求，而科技亦為產品開創更多新的設計維度和應用場景。因此，廠商如能抓緊科技趨勢，研發並製造更多創新產品，並結合更高效的品牌建立與管理，加上「香港設計」、「香港製造」本身的「品牌」優勢，相信將有利於釋放更大的潛在商機，並拓寬新的發展空間。這也是助力發展新質生產力、支持高質量發展的途徑。

最新數據顯示，今年以來香港的貨物出口按年錄得雙位數增長，加上本地需求改善，私人消費開支輕微加快，零售、餐飲和住宅物業市道均回穩，企業投資開支亦增加，讓香港即使面對不明朗的外圍因素，今年以來經濟仍然穩步發展，首三季合計本港經濟按年增長3.3%，早前亦上調了對全年經濟增長的預測至3.2%。

首11個月訪港旅客人數按年增幅12%

陳茂波提到，服務出口表現亦受惠於蓬勃的金融市場，以及訪港旅客量增加至疫情後的新高。在政府和業界的共同努力下，今年首11個月，訪港旅客人數超過4,500萬人次，已超越去年全年水平，按年增幅12%。當中，有超過23%是內地以外的旅客，達到1,077萬人次，按年升幅16%。訪港旅客量增加，也支持了零售和餐飲市道。

他指即將來臨的聖誕和新年假期，形形色色的活動，以及業界的不同優惠推廣，盼能為市民創造更多與親友共聚、相互祝福的好時光，並吸引更多旅客到來，為消費市道，以至整體經濟注入更大的動力。

旅遊業持續升級轉型、做優做強

此外，陳茂波認為旅遊業持續升級轉型、做優做強，相關基建設施也不斷提升，佳績續現。最近，香港國際機場在全球公認的業界殿堂級榮譽—第32屆「世界旅遊獎」中獲選為「全球最佳顧客體驗機場」。事實上，有國際市場研究公司的統計指，香港國際旅客到訪量，位列全球第二。香港中西文化薈萃、充滿活力、城鄉郊野咫尺之隔，世界美食紛陳且豐儉由人，以及治安良好等優勢，都正獲得進一步的肯定。

他指，過去多年，全方位推動創科及經濟發展的政策，正逐步為香港的進一步發展增添有利條件，也讓香港有更大的韌性應對外圍的挑戰。新一年度的《財政預算案》公眾諮詢即將展開，如何進一步擴大經濟發展的面向和領域、加快創新科技的培育和應用，加速優化產業結構，創造更多優質的就業職位，為高質量發展增添動能，將是重要課題之一。政府期待大家更多的具體建議，一起群策群力，共建更美好的未來。"
3526770.0,偷信用卡「榨乾」簽賬買名錶手袋等 警拘7男涉款逾420萬,2025-12-14 12:22,https://www.stheadline.com/breaking-news/3526770/偷信用卡榨乾簽賬買名錶手袋等-警拘7男涉款逾420萬,"
        突發
    ",singtao,2025-12-14 12:22,2025-12-14 12:30,"今年9至12月全港多區接連發生多宗盜竊，以及信用卡被盜用進行大額簽賬的案件。犯罪集團會在運動場及食肆等人多地方，偷走受害人的信用卡，然後到名店簽賬購物，受害人直至收到銀行的簽賬短訊提示，始知信用卡失竊。警方港島總區刑事部於本月12日及13日採取行動，拘捕7名男子（介乎30歲至60歲），至今共偵破22宗同類案件，涉案金額超過420萬元。

警方偵破的22宗案件中，涉及最大金額的一宗，是犯罪集團盜去受害人的信用卡後，用作簽賬購買一隻30萬元的名錶；而最少金額的一宗則涉及購買衣服，款項為3,765元。

調查顯示，涉案犯罪集團組織嚴密、分工清晰，集團成員會於港島及九龍一些人流密集的地方，包括運動場、咖啡室和餐廳等，乘受害人不察，偷走他們銀包內的信用卡，甚至只偷取受害人銀包裏多張信用卡的其中一至兩張；之後會將銀包放回原位，令受害人難以即時發現自己的信用卡不見了。

當信用卡得手後，集團會迅速將這些信用卡透過中間人分發給成員，成員於是在短時間內到不同的名牌店舖，包括服裝店、手袋店，或參茸海味店等進行大額消費，當中集團成員會以最快速度，榨取信用卡的最高限額，簽賬可高達數十萬元。

警方港島總區科技及財富罪案組高級督察徐蔚瑩表示，港島總區刑事部就案件翻查了大量閉路電視片段，包括在「銳眼計劃」下安裝在罪案黑點的閉路電視影像，以及在商場、商舖和街道的部分私人閉路電視紀錄，經分析後成功疏理出犯罪鏈上的不同角色，包括扒手、中間人及假買家，掌握他們的犯罪路線、交接過程及消費模式，拘捕涉案的7名人士，他們涉嫌「盜竊」及「以欺騙手段取得財產」，正被扣留調查。"
3526780.0,深水埗白田邨父子爭執　父捱刀輕傷送院,2025-12-14 12:10,https://www.stheadline.com/breaking-news/3526780/深水埗白田邨父子爭執父捱刀輕傷送院,"
        突發
    ",singtao,2025-12-14 12:10,2025-12-14 12:15,今（14日）晨9時25分，深水埗白田邨麗田樓一對父子在屋內發生激烈爭執，其間年約30歲兒子情緒失控，手執利刀襲擊父親，父親頸部受傷，由救護車送院治理。據悉，兒子疑有精神問題，警方正調查兩父子爭執原因。
3402209.0,定存攻略｜年結前港銀定存見上調 3個月高近3厘 一間推25厘優惠吸客,2025-12-14 12:00,https://www.stheadline.com/investment/3402209/定存攻略年結前港銀定存見上調-3個月高近3厘-一間推25厘優惠吸客,"
        投資理財
    ",singtao,2025-12-14 12:00,2025-12-14 12:15,"【定期存款/定存/高息定存】美國聯儲局上周一如預期減息後，市場對明年減息前景仍有分歧，加上年結在即，HIBOR長期維持高企，部份本港銀行定存息率亦見上調。綜合多間銀行資料，目前港元3個月定存息率最高為2.9厘，並且PAObank、富邦及工銀亞洲均有提供。新客優惠方面，富融銀行推出了25厘的14天港元定存優惠，華僑銀行亦推出3.3厘的3個月定存優惠。

定期存款利率比較｜哪間銀行定存利息高？

富融銀行（Fusion Bank）現有客戶3個月港元定存息率2.7厘；6個月及12個月定存息率2.5厘及2厘，起存額為1元。美元定存方面，該行3、6及12個月息率，分別為3.7厘、3.5厘及3.3厘。

此外，該行在其「快閃星期一」活動推出年利率25厘定存優惠，其中新客戶於2月8日前用邀請碼「FLASH2026」開戶，並存入新資金，可於星期一搶25厘的14天港元定存優惠，名額1,500份，每份額度為5萬元，每位客戶限搶1份，以存入5萬元計，成功開立可賺取約479元利息。

同時，該行設有1個月5厘及2個月2.9厘的港元定存快閃優惠，各有500份及3,000份名額，每份額度分別為1萬元及5萬元，每位客戶分別限搶1份及60份，適用於新客戶及現有客戶。

華僑銀行推出新客優惠，全新宏富理財客戶可享3個月期最高3.3厘港元定存息率。該行表示，新客以300萬元或以上定存3個月，基本定存息率為2.8厘，再加上6,165元資金獎賞（相等於額外0.5厘年利率），合共3.3厘；若起存額為100萬至300萬元，連資金獎賞合共有3厘。

現有客戶方面，3個月期港元定存息率2.8厘，1個月、6個月及12個月分別為2.68厘、2.6厘及2.5厘，需為宏富理財客戶，起存額10萬元新資金。一般個人客戶方面，3個月定存為2.6厘，1個月、6個月及12個月為2.5厘、2.5厘及2.4厘，起存額需50萬元新資金。

至於美元定存，3個月及6個月分別3.75厘及3.5厘，12個月則為3厘，起存額為等值10萬港元新資金，但需為宏富理財客戶；若為個人客戶，3個月、6個月及12個月分別為3.6厘、3.38厘及2.9厘。

Mox Bank的3個月及6個月港元定存息率分別為2.5厘及2.4厘，12個月則為2.8厘，起存額最低1元。此外，該行為市場上罕有提供36個月及48個月港元定存的銀行，息率分別為3及2.9厘。

美元定存方面，該行1個月期為3.35厘，2及3個月息率分別為3.3厘及3.25厘，6個月及12個月則分別為3.25厘及3.1厘。

PAObank目前3個月港元定存息率2.9厘，6個月及12個月則為2.8厘及2.7厘，起存額為100元，且不限新舊資金；美元定存方面，該行3、6及12個月息率劃一為2.9厘。

此外，該行近日延長多項息率優惠至12月31日，其中全新個人合資格客戶使用推薦碼【PAOBPR】開立個人儲蓄戶口，並敘造1個月港元定存，首5萬元可享16厘年利率高息優惠。若再分享專屬推薦碼予親友，而被推薦人以專屬推薦碼開立全新個人戶口，於活動期間亦可享1個月港元定存優惠，首5萬元息率達18厘。

同時，被推薦人開戶並敍造5萬元或以上定期存款，推薦人亦可獲500元現金獎賞， 最高可獲5,000元現金獎賞。活動期間推薦最多新客戶的首3名推薦人，可額外獲得3,000元、2,000元及1,000元現金獎賞。

美元定存方面，由即日起至12月31日，該行個人客戶存入新資金，並敘造1個月或3個月美元定存，年利率可加碼0.8厘，存款金額無上限。

富邦銀行3個月港元定存息率維持2.9厘，4個月及6個月亦為2.9厘，1個月、2個月及12個月為2.6厘，起存額50萬元，不論新舊資金，需經Fubon+手機應用程式申請。若起存額為20萬至50萬元以下，3個月、4個月及6個月均為1.7厘，1個月及2個月均為1.4厘，12個月亦為1.4厘。

至於該行3個月美元定存息率為3.9厘，1個月及2個月分別為3.65厘及3.85厘，4個月、6個月及12個月則為3.65厘、3.6厘及3.5厘，起存額為65,000美元或以上。

在工銀亞洲開立或持有工銀財富或理財金賬戶，並以全新資金到分行開立港元定存，98天為2.9厘，188天維持2.5厘，存款額需80萬元或以上；若為工銀財富、理財金、理財e時代或綜合戶口，存款額為10萬元以上，98天及188天分別為2.85厘及2.45厘。美元定存方面，該行98天或188天最高3.65厘及3.45厘，起存額10萬美元或以上；若起存額15,000美元或以上，息率分別降至3.6厘及3.4厘。

至於該行全新工銀財富、理財金、理財e時代、綜合客戶，若以10萬元或以上到分行開立3個月港元定存，最高息率則為3厘。

大新銀行VIP客戶3個月及6個月港元定存息率上調至2.8厘，12個月期為2.4厘，起存額需20萬元；一般客戶方面，3個月及6個月期最高2.7厘，12個月則為2.3厘，但起存額需100萬元；若起存額20萬元至100萬元以下，各存期均低0.1厘。

美元定存方面，VIP客戶3個月及6個月息率分別為3.6厘及3.5厘，起存額為等值港元100萬或以上；一般客戶息率則分別為3.3厘及3.2厘。

集友銀行3個月港元定存回升至2.8厘，4個月為2.65厘，6個月及12個月則為2.5厘及2厘，起存額為100萬至5,000萬元新資金；若起存額為20萬至100萬元以下，3、4、6及12個月定存息率，分別為2.6厘、2.45厘、2.2厘及1.8厘，上述優惠只適用於分行。

美元定存方面，3、6及12個月定存息率分別為3.6厘、3.35厘及3厘，起存額為12.5萬至1,000萬元新資金。若起存額為3萬至12.5萬元，3、6及12個月定存息率，分別為3.3厘、3.15厘及2.9厘，同樣只適用於分行。

花旗銀行現有客戶3個月港元定存2.79厘，不設最高或最低存款額限制，1、2、6及12個月期息率分別為2.71、2.08、2.12及2.08厘。美元定存方面，1個月期最高3.14厘，2、3、6及12個月期息率分別為3.12厘、3.11厘、3.03厘及2.85厘。惟以上年利率僅為參考，每日或有浮動。

Livi Bank港元定存息率3個月升至2.7厘，4個月為2.5厘，6個月為2.3厘 ，9個月及12個月則為2厘，起存額5萬元或以上；若起存額為500至5萬元以下，3個月及4個月分別為1.1及1.2厘 、6個月及9個月1.3厘，12個月則為1.6厘。

中信銀行（國際）新舊客戶經「inMotion動感銀行」開立港元定存新資金，3個月期息率上調至2.65厘，6個月及12個月分別為2.4厘及1.8厘，起存額為10萬元，新舊資金皆適用。若起存額為1萬元，3、6及12個月息率，則分別為2.55厘、2.3厘及1.75厘。

美元定存方面，3個月及6個月期息率最高3.5厘及3.4厘，12個月則為3.25厘，起存額為1萬美元，新舊資金皆適用。

大眾銀行港元定存3個月為2.5厘，6個月為2.45厘，12個月期則為2.3厘，起存額為50萬元，適用於新舊資金，並需以電子銀行辦理。若起存額為10萬至50萬元以下，3個月及6個月為2.45厘及2.4厘，12個月息率為2.25厘；起存額為1萬至10萬元以下的話，3個月、6個月及12個月則分別為2.4厘、2.35厘及2.2厘。

螞蟻銀行港元1個月定存為2厘，3個月2.3厘，6個月2.5厘，9個月及12個月則為2.3厘，起存額為1元。美元定存方面，1個月息率為3.8厘，3、6、9及12個月息率一律為3厘。

東亞銀行網上3個月及6個月港元定存息率分別為2.5厘及2.4厘，起存額1萬元新資金，適用於顯卓私人理財或顯卓理財客戶；而至尊理財客戶、BEA GOAL或其他個人綜合戶口則分別最高2.45及2.35厘。12個月期方面，顯卓私人理財或顯卓理財客戶最高2.2厘，至尊理財客戶、BEA GOAL或其他個人綜合戶口則為2.15厘。

美元定存方面，3個月及6個月分別為3.4及3.2厘，12個月則為2.9厘，適用於顯卓私人理財或顯卓理財客戶；若為至尊理財客戶、BEA GOAL或其他個人綜合戶口，3、6及12個月息率分別為3.35厘、3.15厘及2.85厘。以上起存額需為1,000美元或以上。

建行亞洲客戶以合資格新資金開立3個月定存，息率按周上調至2.5厘，起存額需100萬元或以上。美元定存方面，3個月息率為3.55厘，起存額需10萬美元或以上。

至於新客戶開立「貴賓理財」帳戶，以100萬至250萬元開立3個月港元定存，當中首20%資金年利率為6.88厘，其餘80%資金需以另一定期存款利率作計算，優惠期至12月31日。

此外，該行全新合資格客戶透過｢e賬戶服務｣開戶，可享200元人民幣現金獎賞，若同時開立證券戶口，可以10萬元承做12厘的港元1個月定存，或以10萬元承做5.88厘的港元3個月定存；若僅開立一般儲蓄或支票戶口，則只可以5萬元承做12厘的港元1個月定存，或以5萬元承做5.88厘的港元3個月定存。優惠期至12月31日。

WeLab Bank港元定存3個月降至2.4厘，6個月亦降至2.4厘，12個月反增至2.4厘；此外，該行更提供18及24個月超長期定存，息率均為2.2厘，起存額為10元。

美元定存方面，3個月3.5厘，6及12個月為3.41厘及2厘，起存額10美元。

天星銀行3個月、4個月港元定存息率均為2.2厘，6個月、9個月及12個月則分別為2.25、2.3及2.4厘，起存額為1,000元。美元定存方面，該行3個月及4個月均為3.05厘，6及9個月為3.15厘，12個月則為3.2厘。

星展銀行網上3個月期港元定存息率為2.4厘，6個月及12個月分別為2.35厘及2.2厘，起存額為5萬元以上，適用於星展豐盛理財及私人客戶，以及一般星展客戶。

滙豐3個月及6個月港元定存息率2.4厘，而且適於用理財客戶、HSBC One及其他客戶，起存額為1萬元。美元定存方面，滙豐理財客戶3個月及6個月期美元定存息率分別為3.4厘及3.3厘，12個月期則為3厘；HSBC One及其他客戶則分別有3.2厘、3.1厘及2.8厘，起存額為2,000美元或以上。

此外，滙豐繼續提供1個月港元定存最高10厘的優惠，起存額為10,000元，但需要加入「交易薈」，並每月至少需完成一項交易。值得留意的是，若每月交易金額越多，經紀佣金將越少、10厘息定存上限亦會越高，其中每月交易金額要求由1元至4,000萬元不等，佣金由0.01%至0.25%，定存上限則由1萬元至最高400萬元。

恒生銀行3個月及6個月定存息率2.4厘，需透過網上理財開立，適用於優越私人理財、優越理財、優進理財或綜合戶口，起存額同為1萬元新資金。至於該行美元定期存款3個月及6個月期，息率分別為3.6厘及3.5厘，起存額美元2,000或以上。

中銀香港3個月定存息率2.4厘，6個月則為2.2厘，起存額1萬元，需透過網上理財或手機銀行開立，除了適用於私人財富、中銀理財客戶外，亦適用於智盈理財、自在理財及其他個人客戶。

美元定期存款方面，私人財富及中銀理財客戶可享3個月定存息率3.5厘，6個月定存則為3.3厘；若為智盈理財、自在理財及其他個人客戶，息率低0.2厘，起存額為1,000美元。

渣打銀行一般3個月定存息率2.3厘，6個月及12個月期分別為2.4厘及2.45厘，起存額為1萬元新資金。至於該行美元定存3個月及6個月期為3.4厘，12個月則為3.1厘，起存額為2,000美元或以上新資金。

ZA Bank港元定存3個月為0.51厘、4個月為0.61厘，而6及12個月息率分別為1.61厘及2.01厘；美元定存方面，4個月定存息率有3.11厘。

此外，該行設有「加息星期二」活動，用戶於每周二可領取4張存款加息券，連同基礎年利率0.1厘，最高可達9厘年利率；若用戶邀請好友完成指定操作，而好友幫手進度在周二當天達到100%，再可獲得「額外加息券」，最終加碼後可獲最高18厘息率。不過，加息券存款上限、下限、存期、利率和有效期，均以加息券上顯示內容為準，推廣期至12月31日。

聯儲局議息時間表｜美國減幾多息？

根據芝商所FedWatch工具顯示，聯儲局2026年1月減息0.25厘機會率僅24.4%，維持息率不變機會率則達75.6%。

以下為聯儲局2026年議息時間表：



2026年"
3526776.0,美國婦公園散步被潑化學物  警方與FBI展開調查,2025-12-14 11:53,https://www.stheadline.com/realtime-world/3526776/美國婦公園散步被潑化學物-警方與FBI展開調查,"
        即時國際
    ",singtao,2025-12-14 11:53,2025-12-14 12:00,"美國喬治亞州一名女子近日在公園散步時，突然被人用腐蝕性化學物質潑灑，導致嚴重燒傷，目前仍然留醫。當地警方證實，已與聯邦調查局（FBI）一同對案件展開調查。

46歲的受害者瓦西列夫斯基（Ashley Wasielewski）10日晚間在薩凡納市一個公園散步時，突然有一名陌生人靠近，並向她潑灑不明液體，其後她的皮膚就開始灼傷。施襲者之後逃離現場，所幸在路人的幫助下，瓦西列夫斯基被送往醫院治療。

相關新聞：美國羅德島布朗大學發生槍擊 釀2死8傷 槍手在逃

經診斷，瓦西列夫斯基全身多處二度至三度燒傷，包括頭皮、臉部、雙手和雙腿等部位傷勢嚴重。

瓦西列夫斯基的兒子表示，至今不知道施襲者是誰，母親沒有任何仇人，她對每個人都很友好。

友人透露，瓦西列夫斯基十分樂於助人，曾做過義工，將零食、盥洗用品和其他生活必需品，分發給無家可歸的人。

警方加強巡邏

薩凡納市警方表示，自襲擊發生以來，已增派警力在薩凡納各公園加強巡邏。與此同時，警員正在與聯邦調查局合作，確定襲擊中使用的化學物質。

相關新聞：紐約隨街斬人釀2死1傷 露宿者持雙刀狂砍亞裔釣客亡

警方公佈閉路電視畫面顯示，一名黑人男子有重大嫌疑，他身穿深色連帽衛衣，胸前印有一隻卡通兔子圖案。

薩凡納市長約翰遜表示，警方正在以最高優先級處理此案。雖然這次襲擊令人深感不安，但目前沒有任何信息表明公眾面臨更廣泛或持續的威脅。"
3526774.0,中國殘疾人聯合會代表團訪啟德體育園 主席程凱讚場館設施達世界級水平 助推動殘疾人體育運動發展,2025-12-14 11:50,https://www.stheadline.com/society/3526774/中國殘疾人聯合會代表團訪啟德體育園主席程凱讚場館設施達世界級水平-助推動殘疾人體育運動發展,"
        社會
    ",singtao,2025-12-14 11:50,2025-12-14 12:00,"全國第12屆殘疾人運動會暨第九屆特殊奧林匹克運動會硬地滾球比賽，正於啟德體藝館舉行，中國殘疾人聯合會代表團昨日（13日）到訪啟德體育園，充分體現香港在推動殘疾人運動及國際體育交流方面的重要角色。

代表團由中國殘疾人聯合會主席、中國殘疾人奧林匹克委員會主席及本屆殘特奧會組委會主任程凱率領，並在文化體育及旅遊局常任秘書長沈鳳君、全國運動會香港賽區統籌辦公室主任楊德強、副主任何麗嫦、助理主任陸智剛，以及啟德體育園總監（策略發展）鄧竟成等陪同下，參觀了啟德主場館及無障礙設施，並觀看簡介短片及場館模型。

鄧竟成介紹園區無障礙設計及通達設施時表示，啟德體育園在設計規劃上充分考慮不同人士的多元需求，採用「通用設計」原則，設施不僅符合建築標準，更在多項配置上優於法定要求，致力提升暢達度及連貫性。

高度評價體育園場地設施及配套

程凱在參觀後高度評價體育園的場地設施及配套，認為其對推動區域及國際殘疾人體育運動發展均具有重要意義。他指出，啟德體育園的設施和配套達到世界級水平，不僅為大型體育盛事提供優質場地，更可以為發展殘疾人體育運動創造良好環境，對促進殘障群眾體育平等參與，共享香港發展成果也具有深遠意義。

體育園3個主要場地設施包括啟德主場館、啟德體藝館及啟德青年運動場，共提供逾 600個輪椅座位及600同伴座位，並設有觸覺引路帶、點字地圖、感應迴路系統、觀眾席設有調頻接收系統，以提升助聽器使用者的聽覺體驗，以及超過 100個暢通易達洗手間 和 32個暢通易達淋浴間，確保殘疾人士能安全、舒適地參與活動。此外，戶外空間的斜道設計為平緩的斜道，而場館亦配備嬰兒護理室、低櫃位服務台、無障礙升降機及自動門等，全面照顧不同使用者的需要。

啟德體育園表示，將繼續與各界保持緊密合作，推動無障礙體育場地的應用，並支持更多殘疾人運動及國際賽事在香港舉行，促進共融社會的建設。"
3526771.0,宏福苑五級火︱候任議員促檢討招標 方國珊：虛假授權書普遍 「無啦啦就會從天而降」,2025-12-14 11:34,https://www.stheadline.com/society/3526771/宏福苑五級火候任議員促檢討招標-方國珊虛假授權書普遍-無啦啦就會從天而降,"
        社會
    ",singtao,2025-12-14 11:34,2025-12-14 11:45,"政府就大埔宏福苑火災成立的獨立委員會，將於本月下旬展開工作。多名候任立法會議員均關注大廈維修中的「圍標」問題，要求檢視現行招標制度，並打擊虛假授權書現象，以保障小業主權益。他們亦建議引入第三方監察機制，加強工程透明度。

候任新界東南立法會議員方國珊今早（14日）在電台節目中指出，小業主普遍缺乏專業知識，每當面臨樓宇大維修或翻新工程時，常感到無助。她建議當局加強突擊抽查、設立舉報機制，減少過度依賴業界自律，並成立「樓宇維修監管局」及提供一站式「消防代辦專櫃」，鼓勵大廈盡快遵辦消防指示，從而降低火警風險。她亦呼籲加強市民的火警逃生知識。

方國珊：必須提升資訊透明度

針對如何預防圍標，方國珊認為必須提升資訊透明度。她指出，個別業主立案法團與管理公司關係可能千絲萬縷，例如「授權書」由管理公司核實業主姓名的做法是否恰當，值得商榷。她透露，曾有業主在購入單位僅簽署一次文件後，「無啦啦，授權書就會從天而降」，更有私人屋苑突然出現多達二百份假授權書，影響法團表決結果。即使警方介入調查，舉證過程亦十分困難及複雜。因此，她期望未來在立法會設立專責小組跟進相關問題。

方國珊強調，虛假授權情況相當普遍。她舉例，曾有屋苑召開居民大會當日早上11時，一位年老婆婆接到紙條，指其單位已被他人「授權」，但婆婆表示從未授權任何人，亦不認識所謂被授權者。

方國珊亦提到，目前「招標妥」計劃在審議標書後，專業顧問或未有關注維修施工中的消防安全及物料標準。她建議政府資助所有進行大維修的屋苑，聘用第三方顧問監察施工安全。

周浩鼎：可考慮透過「招標妥」加強工程管理

在同一節目中，民建聯副主席周浩鼎表示，虛假授權書在社區內確實存在，認為這是改革中需要探討的課題。他建議政府可考慮透過優化「招標妥」計劃，加強介入業主立案法團的工程管理，例如設定某個金額以下或符合特定條件的工程，可由政府代辦，以完善監督。

周浩鼎亦指出，另一問題源於權責不清。不少大廈法團未必充分了解自身責任重大，加上缺乏專業知識，容易導致權責模糊，尤其許多舊樓、唐樓的業主年事已高，卻被推舉為法團主席，若「有心人」心存不軌或涉及利益糾紛，「呢啲人唔清唔楚，就更加容易會出事」。他認為，若能明確相關法律責任，將有助促使法團成員自我監督，這次宏福苑事件正反映檢討改革的必要。

卜國明：期望委員會檢討現行招標機制

工程界候任立法會議員卜國明指出，宏福苑大火揭示許多存在已久的大廈管理及維修問題。他希望獨立委員會於調查時能從源頭著手，真正協助業主覓得具經驗與能力的顧問，避免被「有心人」藉維修謀取利益，例如事先購入多個單位，再積極參與大維修決策。

卜國明表示，不少管理公司及法團未具備專業知識，進行大維修時須依賴專業顧問協助招標。他期望委員會檢討現行機制，協助業主聘請具經驗、能力及誠信的顧問，從而物色合適承建商，防範圍標，並確保工程管理及地盤安全。"
3526688.0,將10歲兒子「真空包裝」  俄網紅稱貪玩被查,2025-12-13 22:29,https://www.stheadline.com/realtime-world/3526688/將10歲兒子真空包裝-俄網紅稱貪玩被查,"
        即時國際
    ",singtao,2025-12-14 10:51,2025-12-15 02:15,"近日，俄羅斯一名網紅博主因拍攝危險視頻遭到警方調查。36歲的安娜·薩帕里娜（Anna Saparina）為獲取網絡關注，竟將10歲兒子塞入工業真空袋中抽走空氣拍攝短片。片中，男童僅兩秒後就發出窒息哭喊，而他母親卻將此作為搞笑內容發布。

男童窒息哭喊 母share當好玩

該短片發布後迅速引發全網譴責，網友指控其危害兒童生命安全。薩拉托夫警方在例行網絡監控中發現短片後立即立案，兒童保護機構同步介入調查。警方發言人表示正在定位當事人以查明詳情，並將進行法律評估。

薩帕里娜在調查消息公布後匆忙刪除短片，但其此前多段爭議內容已累計數百萬點擊。俄羅斯官方媒體批評這是「為博眼球漠視安全的行為」。目前案件仍在進一步處理中。"
3526744.0,8000萬六合彩頭獎夢碎 港男「中晒」7個字 僅收安慰獎彩金 網民參透買電腦飛一特質｜Juicy叮,2025-12-14 11:10,https://www.stheadline.com/local-topics/3526744/8000萬六合彩頭獎夢碎-港男中晒7個字-僅收安慰獎彩金-網民參透買電腦飛一特質Juicy叮,"
        時事熱話
    ",singtao,2025-12-14 11:10,2025-12-14 11:15,"有港男剛好與8000萬六合彩擦身而過，未能一夜致富。在頭獎夢碎下，遺憾地自爆「中晒」7個字卻僅收安慰獎彩金的無奈。因應此事，網民同時參透出買六合彩電腦飛的一大特質。詳情見下圖及下文：

8000萬六合彩頭獎夢碎 港男「中晒」7個字 僅收安慰獎彩金逐張睇↓↓↓↓

樓主：六合彩中晒7個字

樓主前日（12日）在facebook群組「齊齊贏馬會」上載相片發帖，留言指「六合彩中晒7個😅不過分開3張😭」。

12月11日（星期四）攪珠的「25/128」期六合彩，中奬號碼分別為1號、5號、6號、25號、30號、42號，特別號碼為43。頭獎一注獨中，派彩高達82,123,790元。

然而，事主卻無奈地表示「六合彩中晒7個😅不過分開3張😭」，由於「中晒」的7個號碼分別散落於3張彩票上，無緣捧走8000萬元巨額頭獎。

3張飛中一注安慰獎

樓主在相中並排了3張已弄皺的六合彩電腦飛，分別為兩張單式和一張7個字複式。從左至右看，左彩票其中一注中了1號、5號及6號（中3個字派安慰獎）。

中間的彩票，其中一注中了1號，另一注中了25號及30號；最右的複式彩票則中了5號、42號及特別號碼43號。即是，3張彩票合共全中該期的7個攪出號碼，但只有中了1號、5號及6號的一注獲派40元安慰獎彩金。

網民：安慰獎都係中嘛

對於樓主與巨額獎金失諸交臂，有回應的網民深表同情，留言安慰「最緊要收錢」，並指出「左面嗰張咪中囉！安慰獎都係中嘛」。

然而，也有人感嘆「買咗4年，我40蚊都未收過。昨日又120蚊送俾馬會」。部分網民則認為這種情況「有幾咁奇，電腦票時常發生🤣🤣」，並以「富貴由天」、「命裏有時終須有、命裏無時莫強求！財唔入你袋因你無運！」來開解事主。

六合彩相關閱讀：

大埔宏福苑五級火︱中六合彩四獎 捐一半派彩助宏福苑災民 善心幸運兒自爆投注經過

買「123456」中六合彩機率一樣？網民激辯挑戰數學迷思 揭等「這時間」有機會中

連續11期六合彩藏驚人規律 網民心水清 手寫筆記點出詭異關連

六合彩三獎得主集體「上水」！Threads驚現中獎潮 幸運兒揭開中獎玄機

億元六合彩得主千字文解釋仍返工？身份掀議 核對派彩紀錄網民疑是「這位」

傳回歸金多寶曾應驗？！逾100網民測試六合彩「最易中買法」都市傳說 結果曝光令人意外

六合彩幸運兒爭少少中二獎 1方法落注350元贏4.7萬 網民力讚不得了"
3526769.0,古裝第一美人︱知名藝人何晴去世終年61歲 唯一演遍四大名著女角,2025-12-14 11:10,https://www.stheadline.com/realtime-china/3526769/古裝第一美人知名藝人何晴去世終年61歲-唯一演遍四大名著女角,"
        即時中國
    ",singtao,2025-12-14 11:10,2025-12-14 11:30,"「古裝第一美人」、唯一演遍四大名著女角的內地藝人何晴13日去年，終年61歲。告別儀式將在明天（15日）於北京舉行。

紅星新聞報道，曾出演過86版《西遊記》、94版《三國演義》的著名演員何晴於2025年12月13日在北京安然離世，享年61歲。

據相關管道證實，何晴的告別儀式將於2025年12月15日在北京某殯儀館舉行。據C科技報道，何晴去年被爆患有腦癌，已治療多年。

公開資料顯示，何晴出生於1964年1月13日。何晴曾在《西遊記》中飾演靈吉菩薩；在《紅樓夢》中飾演秦可卿；在《三國演義》中飾演小喬；在《水滸傳》中飾演李師師。她演遍了四大名著，也被譽為「古典第一美女」。此外，何晴的代表作還有《青青河邊草》、《上海舞女》等。

"
3526767.0,與《侏羅紀公園》大不同  研究揭滄龍曾在河流捕獵,2025-12-14 11:10,https://www.stheadline.com/realtime-world/3526767/與侏羅紀公園大不同-研究揭滄龍曾在河流捕獵,"
        即時國際
    ",singtao,2025-12-14 11:10,2025-12-14 11:15,"滄龍被認為是白堊紀海洋中最可怕的頂級掠食者之一，最長大約能夠達到9至15米。由於體型巨大，《侏羅紀公園》系列電影亦經常將牠作為出場角色。然而，科學家近期在對一枚6600萬年前滄龍牙齒化石進行研究後，認為滄龍不僅在海洋中棲息，也可能曾在河流中捕獵，顛覆了以往對滄龍的普遍認知。

最初於2022年出土

該顆牙齒最初於2022年在美國北達科他州出土。由美國、瑞典和荷蘭科學家組成的國際研究團隊今次對其繼續展開研究，透過分析牙齒琺瑯質中的同位素，推斷出該種滄龍的生活環境特徵，並發現其含有的氧同位素與鍶同位素特徵與淡水環境相關。

研究團隊相信，有關特徵可能是滄龍捕食淡水動物導致，意味該滄龍能夠在遠離海洋的環境中生存和捕獵。另外，由於這顆牙齒沒有被移動跡象，該滄龍很可能一直生活於此地，隨著海水鹽度的降低和海域萎縮而逐漸適應了在河道中棲息。

相關新聞：《侏羅紀世界》現實版︱7千萬年恐龍蛋出土 完整表面光滑似雞蛋

體長達11米堪比巴士

滄龍化石在北美、歐洲和非洲距今9800萬至6600萬年的海洋沈積物中十分豐富，然而在北達科他州卻極為罕見，故是次發現極為罕見。而透過牙齒尺寸推斷，該滄龍體長可達11米，與一輛巴士相當，可謂巨型。

相關新聞：全球最大規模恐龍足跡遺址 驚藏1.6萬腳印 空拍畫面震撼

研究團隊介紹，該滄龍的棲息環境轉變，在大型肉食動物中並非特例，與從淡水棲息地遷移到海洋棲息地所需的複雜適應不同，反向適應通常更簡單。

現代生物例子包括河豚，牠們起源於海洋，如今卻生活在淡水中；鹹水鱷亦是如此，牠們可以在河流和海洋之間自由遷徙，並根據獵物情況在兩種環境中捕獵。"
3526768.0,大埔東昌街爆地下食水管 黃泥水淹浸街道,2025-12-14 11:02,https://www.stheadline.com/breaking-news/3526768/大埔東昌街爆地下食水管-黃泥水淹浸街道,"
        突發
    ",singtao,2025-12-14 11:02,2025-12-14 11:15,"大埔東昌街爆水管。今日（14日）早上8時許，東昌街對開有地下食水管爆裂，大量食水夾雜沙泥湧出路面。現場交通受阻，整條街道被黃泥水淹浸，有途人在紅綠燈處涉水過路，亦有居民落樓時赫見大廈外恍如一片汪洋，一度被困於大廈出入口，不知如何是好。

警方其後接報到場處理，隨即通知水務署派員關上水掣，並進行緊急維修。

水務署在facebook專頁「滴惜仔」表示，該署於今日早上接獲報告，指大埔東昌街有水管滲漏，經了解後確認涉事水管為一條直徑150毫米的食水供水管，用作供應食水予東昌街及廣福道的部分樓宇，署方正為受影響用戶提供臨時食水。

受事故影響，東昌街介乎寶湖道與廣福道之間的行車線須暫時封閉，以配合緊急水管維修工程。駕駛人士可考慮改用其他道路。

署方又稱，工程團隊正全力進行水管維修，並會盡快恢復食水供應及重開受影響的行車路。該署就事件為市民帶來的不便表示歉意。"
3526766.0,中央經濟工作會議︱習近平強調因地制宜 成「十五五」關鍵,2025-12-14 10:55,https://www.stheadline.com/realtime-china/3526766/中央經濟工作會議習近平強調因地制宜-成十五五關鍵,"
        即時中國
    ",singtao,2025-12-14 10:55,2025-12-14 11:00,"關乎未來中國經濟走向的中央經濟工作會議於上周三（10日）一連兩日召開。《人民日報》14日頭版，刊出中共中央總書記、國家主席習近平在會上講話，習近平強調，邁向「十五五」，必須「加強黨對經濟工作的全面領導」，方法是他多年強調的「因地制宜」，才能應付錯綜複雜的發展形勢。

相關新聞：中央經濟工作會議︱定調明年首要任務「堅持內需主導」 建設大灣區國際科創中心

習近平10日在中央經濟工作會議上表示，「這些年我多次強調因地制宜的問題。」深刻解析做好經濟工作的這一方法論。「黨中央關於明年經濟工作的思路、任務、政策，是經過充分論證、反覆研究提出的。定了就要落實。」、「落實中需要結合實際、因地制宜。」

「十四五」即將收官，第二個百年奮鬥目標新徵程實現良好開局。邁向「十五五」，戰略機遇和風險挑戰並存、不確定難預料因素增多，發展形勢錯綜複雜。

「形勢越是複雜，越要加強黨的領導，形成統一意志和強大合力。」圍繞如何「加強黨對經濟工作的全面領導」，習近平總書記在會上條分縷析、語重心長，突出強調的關鍵之一就是「因地制宜」。

發展新質生產力要因地制宜

「一些地方不顧實際，盲目追風口。看別人搞晶片，自己也搞。看別人搞‘新三樣’，自己也不甘落後。」針對一些現象，他打了個形象的比方，「生物有多樣性，地區有差異性，有老年人，有青年人，有的年幼有的年長，為什麼都選擇幹一樣的活呢？」

生態環保要因地制宜

治理生態退化突出問題，要「宜林則林、宜草則草、宜沙則沙、宜荒則荒」；保護利用水資源，要「以水定城、以水定地、以水定人、以水定產」。提起這些具體的方法，總書記總結道，「人類發展就是一個與自然共生的過程，脫離實際蠻幹是行不通的。」

農村改廁也要因地制宜

習近平總書記對民生小事洞察深入：「南北差異那麼大，改廁怎麼能一個模式？大荒原上沒幾戶人，也搞標準廁所，有必要嗎？不能把民心工程變成了『民怨工程』。」

字字千鈞，發人深省。從強調「因地制宜發展區域特色產業」「因地制宜推進城鎮化處理程序」，到提出城市規劃要「照紋劈柴」，留住特有「基因」，習近平總書記這些年一再強調「因地制宜」的重要性，叮囑各地「『一把鑰匙開一把鎖』，不能刻舟求劍、拿一個模子去套」、「因地制宜、揚長補短，走出適合本地區實際的高品質發展之路」。

「因地制宜」一詞，出自東漢《吳越春秋·闔閭內傳》。不久前同法國總統馬克龍的四川都江堰之行，習近平在闡釋治水利民的古老智慧時也提到了這個詞。

治國如同治水，要因地制宜、因勢利導。12月8日召開的中央政治局會議強調「因地制宜做好經濟工作」。「因地制宜，本質是實事求是。」

堅持一切從實際出發，是中國共產黨人想問題、作決策、辦事情的出發點和落腳點。

因地制宜，針對的是矛盾的特殊性，突出的是策略的靈活性，而不是為「自行其是、搞本位主義」開綠燈。會上，習近平指出，「各地區要精準把握在全國發展大局中的定位，強化主體功能，發揮比較優勢。」

京津冀、長三角、粵港澳大灣區，是引領全國高品質發展的重要動力源。這次會議部署「建設北京（京津冀）、上海（長三角）、粵港澳大灣區國際科技創新中心」，就是要更好發揮其科研實力雄厚、創新要素集聚的優勢，打造創新引領現代化建設的標竿。「這是一個重大任務。」總書記說。



"
3526039.0,美式快餐店Five Guys再減價？劈價$99有齊漢堡+薯條+奶昔 網民：平唔平都唔係重點,2025-12-14 10:30,https://www.stheadline.com/food/3526039/美式快餐店Five-Guys再減價劈價99有齊漢堡薯條奶昔-網民平唔平都唔係重點,"
        飲食
    ",singtao,2025-12-14 10:30,2025-12-14 10:45,"在競爭激烈的香港餐飲市場中，高價餐飲品牌面臨嚴峻考驗。美式連鎖快餐店Five Guys為求生存，於今年8月首次推出套餐組合，一改單賣的銷售策略，$130的價格便可一次過品嚐漢堡、手切薯條及飲品，而近日，套餐更大幅調低至$99，試圖以「減價」策略吸引更多顧客。

Five Guys套餐減完又減 漢堡+細薯條+奶昔僅$99...

網民：今時今日都未執笠都算佢好嘢

事緣，有網民在社交平台Threads上發文，指「Five Guys」最近將套餐價由$130減至$99，但即使價格下調，分店在非繁忙時段依然人流稀少。他直言餐點「貴得嚟又唔係特別好食」，並就此現象表達了對品牌營運狀況的擔憂，「其實『五條友（Five Guys）』到今時今日都未執笠都算佢好嘢」。

貼文迅速引發網民熱烈討論，意見明顯兩極。一部分顧客仍力挺Five Guys，認為其出品勝過一般快餐，「好食喎，但貴係真」、「新鮮juicy、夠heavy，幾好食」。然而，大多數留言傾向認同帖主觀點，認為在香港飲食選擇極多的環境下，價格並非唯一關鍵，「平唔平都唔係重點，食物本身唔掂就留唔住客」、「客流已經反映咗價錢是否合理」。

此外，部分留言亦提到「Five Guys」的份量問題，指「好多時唔係因為貴，而係唔夠肚餓而唔食，齋食個包已經會好飽」，甚至有網民表示「一餐份量係二人份量」，導致「胃小食唔到咁多，朋友都話叫咗唔好自己食，叫多個人食」。



2018年進軍香港 貴價快餐經營困難？

「Five Guys」於2018年進軍香港，主打即製漢堡包、手切薯條及自選配料奶昔等特色餐點。不過，「Five Guys」的定價一直令部分消費者有所卻步，原因是餐廳原先採用單點模式銷售，即需要分開購買漢堡包、薯條及飲品，一個套餐動輒$200，有別於一般港人對快餐店「平、靚、正」的印象。

面對飲食業市道低迷的情況，「Five Guys」於今年8月破天荒推出套餐，$130包含任何一款雙層漢堡、細薯條及汽水，當時掀起一陣社會熱議。如今再降至雙位數，$99即可享用一套三件的套餐。值得一提的是，$99的套餐飲品還可以選原價$60的招牌奶昔。



相關報道：Five Guys不敵逆市推特價餐？漢堡+薯條+汽水叫價$1XX 網民讚食品高質「要頂住」惹反對：個包濕一定係0分



資料來源：lcsfood＠Threads

"
3526765.0,打擊死車︱12.22起實施領牌新制 通知期內須處理棄置車輛 即睇違規罰則及可豁免情況（附實用連結）,2025-12-14 10:30,https://www.stheadline.com/society/3526765/打擊死車1222起實施領牌新制-通知期內須處理棄置車輛-即睇違規罰則及可豁免情況附實用連結,"
        社會
    ",singtao,2025-12-14 10:30,2025-12-14 10:45,"運輸署提醒，為從源頭解決車輛棄置問題，將於12月22日起實施新車輛登記及領牌制度。新制下，若車輛連續兩年或以上未領牌，車主須在收到通知後三個月內處理，否則即屬犯罪，最高可判監禁六個月。

兩年未領牌將收通知書 限三個月內處理

運輸署指，新修訂的車輛登記及領牌制度將於12月22日（星期一）起生效，旨在加強規管長期未續牌的車輛。在新制度下，署方會向連續兩年或以上未領牌車輛的登記車主發出通知書，要求車主必須在通知書發出後的三個月內，完成以下其中一項行動：

- 為車輛重新領牌- 將車輛拆毀，並提交證明文件- 將車輛永久送離香港，並提交證明文件

當局指出，車主須為其車輛負上法律責任，直至車輛登記被正式取消為止。

最高可判囚半年 拒續車牌駕駛執照

車主若未能在三個月通知期內妥善處理車輛，即屬犯罪。首次定罪最高可被罰款10,000元及監禁三個月；其後每次定罪，最高罰款將增至25,000元及監禁六個月。

法庭亦可頒令，讓運輸署採取進一步行動，包括：

- 拒絕向被定罪車主發出或續發駕駛執照- 拒絕處理涉事車輛及該車主名下其他車輛的過戶- 拒絕為涉事車輛及該車主名下其他車輛續牌

維修中或「古董車」可申豁免

運輸署表示，考慮到個別車主的實際情況，設有豁免機制。如車輛有合理原因未領牌，車主可向署方提出申請。一般可獲豁免的車輛包括：

- 正等待零件維修以待檢驗續牌的車輛- 車齡30年或以上，並作妥善保存的私人收藏車- 妥善存放於車行作寄賣的車輛

發言人提醒，即使成功申請豁免，車主仍須繼續承擔車輛引起的所有法律責任。市民可透過「牌證易」網上平台，查閱名下車輛的牌照狀況及處理相關事務。

實用連結：

申請豁免的資格、指引、申請表及所需文件

「牌證易」網上平台"
3526763.0,萬科境內債3項展期議案未獲通過 尚餘5個工作日寬限期談判,2025-12-14 10:11,https://www.stheadline.com/realtime-finance/3526763/萬科境內債3項展期議案未獲通過-尚餘5個工作日寬限期談判,"
        商業創科
    ",singtao,2025-12-14 10:11,2025-12-14 10:30,"內房股萬科（2202）於12月15日到期的境內債展期議案未能獲得足夠債券持有人支持，反映其違約風險加劇，但萬科仍有5個工作日寬限期談判。該股上周五收報3.68元，跌約1%。

議案需90%持有人同意

據內媒《每日經濟新聞》引述「22萬科MTN004」第一次持有人會議決議公告指出，公司3項展期議案均未獲有效通過，有關議案核心展期規則均為展期一年、且期間不付本息；當中差異在增信安排上，其中議案一未設增信措施，無人同意；議案二增信加調整本息兌付，獲83.4%同意；議案三僅1票同意，反對比例達76.7%。

根據債券募集說明書，議案通過需持有本期債務融資工具表決權超過總表決權數額90%的持有人同意。債券募集說明書又顯示，對未能按期足額償付債務融資工具本金或利息的違約情形設定了5個工作日的寬限期，若發行人在該期限內對所述債務進行了足額償還，則不構成發行人在本期債務融資工具項下的違約。換言之，萬科仍有5個工作日的寬限期與投資者談判。

當發行人發生風險或違約事件後，發行人則可與持有人協商採取以下風險及違約處置措施。一是重組並變更登記要素：在發行人無異議的情況下，持有人會議可依90%的表決比例通過決議，以調整本期債務融資工具的基本償付條款，該決議將約束本期債項下所有持有人；二是重組並以其他方式償付。

「體量太大，社會影響巨大」

報道引述了匯生國際資本總裁黃立冲指出，所謂「市場化化債」，是指債務問題主要通過企業與債權人博弈、交易結構設計和資產處置來解決，而不是依賴行政命令和無條件兜底。他又指，相比於中小房企，萬科市場化化債優勢在於「牌桌、時間及資產池還在」，可通過多輪展期、資產證券化、項目併表或出表、股權引入等組合方式，爭取更長的攤銷周期。

不過，他指萬科挑戰是「體量太大、項目鋪得太廣，社會負面影響巨大」，因此每一步都在監管、評級和市場的放大鏡下，容錯空間反而更小。

相關文章：傳監管機構拒援手 萬科債尋延期"
3526762.0,珍惜生命︱河南28歲高中女教師死控逼婚  成親日跳樓輕生,2025-12-14 10:06,https://www.stheadline.com/realtime-china/3526762/珍惜生命河南28歲高中女教師死控逼婚-成親日跳樓輕生,"
        即時中國
    ",singtao,2025-12-14 10:06,2025-12-14 10:15,"河南魯山縣10日有28歲高中女教師，於新婚當日在屋苑7樓跳樓輕生，疑以死控家人逼婚。有知情者指，事發後，男女家也拒絕收屍，女家並要求收取27萬人民幣彩禮。

朋友圈發死亡預告

綜合內媒及網上資料，死者魏亞蕊，是河南魯山縣第一高級中學的歷史教師。她於10日在魯山縣堯山大道某屋苑的7樓跳下死亡。

極目新聞13日獲該屋苑住戶王梅（化名）證實，事發於10日早上9時許，「警車和救護車都來小區了，我當時以為有人打架，過了一會之後小區群裡說是新娘墜樓」。她指，死者是一名95後的高中教師。相關新聞：紅事變白事︱新郎結婚當日跳河亡 遺言曝光：我從來沒有受過這麼大的委屈

事發後，網上流傳出死者在朋友圈的遺書及喜帖。王梅稱，她的朋友是這位教師的微信好友，這條朋友圈確實是她生前所發。

魏亞蕊該封在網上瘋傳的遺書中表明，遭家人逼婚，自己「對抗」7年，即使不斷爭吵、發瘋甚至以極端方式拒絕相親和結姻，但最終還是失敗了。

娘家男家齊拒收屍

她表示，在自己的家人和親戚裡，她「最大的價值就是結婚」，於是她「聽話」了，相親、結婚，彷彿完成了人生最重要的任務，「死而無憾」。

魏亞蕊還向朋友交代遺願，將她火化，把骨灰帶到有太陽有風的地方「揚了」。最後，她向一樓的院子道歉，表示「我只能找到這個機會」。

有自稱其舊學生留言，指魏亞蕊漂亮善良盡責，很受學生歡迎。更多網民則表示婉惜，「有正式編制，有穩定收入，完全不靠家裡，為什麼不能自己決定人生？」「不結婚，什麼時候成了一種原罪？」事件成為網上熱搜。

悲劇發生後，有自稱知情網民，指魏亞蕊娘家指魏亞蕊已嫁出，男方則指死者未入門，均不肯收屍，任由其遺體在一樓一天。而魏家則在事後，不斷追索27萬彩禮。

極目新聞聯絡死者任教學校，校方工作人員聽聞該女子姓名後，確認是該校老師，但不清楚具體情況。另外，該女子的一名同學也向極目新聞記者證實了此事。

魯山縣殯儀館工作人員稱，他們在11日接收了一名28歲高中女教師的遺體，並表示該女子於新婚當日墜樓，次日才被送到殯儀館。極目新聞記者聯絡轄區派出所及街道辦事處，未獲回應。

自殺求助熱線：

「情緒通」精神健康支援熱線：18111



香港撒瑪利亞防止自殺會： 2389 2222

生命熱線： 2382 0000

明愛向晴軒： 18288



社會福利署： 2343 2255

撒瑪利亞會熱線(多種語言)： 2896 0000

東華三院芷若園： 18281



醫管局精神健康專線： 2466 7350

賽馬會青少年情緒健康網上支援平台「Open 噏」：http://www.openup.hk

"
3526760.0,宇樹首推人形機器人App Store 可安裝「扭扭舞」或「李小龍」等應用,2025-12-14 09:41,https://www.stheadline.com/realtime-finance/3526760/宇樹首推人形機器人App-Store-可安裝扭扭舞或李小龍等應用,"
        商業創科
    ",singtao,2025-12-14 09:41,2025-12-14 09:45,"宇樹科技首度推出人形機器人「App Store」，用戶可將訓練好的舞蹈、武術及工作等模型上傳分享，也可下載其他開發者所開發的動作部署到機器人。

像安裝手機軟件一樣

官方資料顯示，宇樹應用商店在架構上集成了「用戶廣場」、「動作庫」、「數據集」及「開發者中心」四大核心模組，其核心邏輯在於「即下即用」，用戶毋須具備底層程式碼編寫能力，僅需透過手機App連接機器人，即可像安裝手機軟件一樣，將雲端的複雜運動控制演算法一鍵部署至機器人終端。

根據演示影片可以看到，在登錄帳號及點擊小程式庫後，用戶可在應用程式清單中安裝跳「扭扭舞」、「搞笑動作」或「李小龍」等應用，安裝完成後選擇啟用，機器人便會做出相應動作。

以「李小龍」為例，該程式是專為發燒級機器人玩家打造的動作控制App，透過動力學演算法與動作捕捉數據，將李小龍（Bruce Lee）經典的截拳道（Jeet Kune Do）動作庫移植到用戶的機器人硬件上。"
3526755.0,黎智英案｜從犯證人陳梓華：黎幕後推動「35+顛覆圖謀」,2025-12-14 09:40,https://www.stheadline.com/society/3526755/黎智英案從犯證人陳梓華黎幕後推動35顛覆圖謀,"
        社會
    ",singtao,2025-12-14 09:40,2025-12-14 09:45,"從犯證人陳梓華於作供時憶述，反對派於2019年區議會選舉取得大多議席後，黎智英已有非法「初選」的構想，務求乘勝追擊立法會選舉；黎認為如結合「街頭」、「議會」及「國際」三條線的力量，就能「推爆個政府」。黎的想法與戴耀廷「攬炒十步曲」，透過「議會力量」癱瘓政府、令社會陷入危機的意圖可謂同出一轍。

2019年12月黎智英向陳進一步闡述非法「初選」的構想，認為可借政治素人「吸票」，鞏固傳統泛民的立法會議席。黎認為當時很多年輕人參與反修例抗爭，「初選」可以集中「黃絲」票源，從而提高投票率。「如果啲素人參選時輸咗的話… 最終（正式立法會選舉時）啲票其實都可以流落去佢哋老泛民果度」。

黎智英在2020年1月透露，他正著手準備非法「初選」，包括「攞咗一間歐洲公司開發「初選」投票程式的報價，10幾萬（歐羅）」。陳補充指，得悉黎會為「初選」提供經濟支持，「之前有一個叫做「雷動計劃」，黎都揼過錢出嚟」。同月在黎智英的台灣陽明山住所會面中，黎曾詢問「攬炒巴」劉祖迪會否有意參與非法「初選」，黎稱會為「政治素人」提供協助，包括「幫佢哋做傳媒曝光，或者可以經濟上支持佢哋，只要佢哋去參與」。

於2020年5月陳梓華再從 Mark Simon 得知黎智英已聯絡數間傳媒協辦非法「初選」計劃論壇。Mark Simon 亦不諱言向陳指「美國政府就係想見到呢啲」。 除在背後協調推動他人參與非法「初選」外，黎智英亦出錢出力為所謂「初選」提供資金及技術支援，試圖令反對派奪取立法會控制權。

2019年11月25日郭明瀚於包含黎、Mark Simon 及民主黨元老李柱銘的 WhatsApp 群組中提及他早前建議的「行事清單」，並指其目標是要從建制手中「奪取政治權力」，又稱現時的目標是立法會選舉及建立路徑以進入「CE Process (特首選舉)」。

2019年12月12日，黎智英發訊息指示其徒弟李兆富尋找可用於「初選」網上投票的軟件，並指要於翌日的「初選」飯局前準備好。同年12月30日，黎向李永達發訊息，表示「我們」必須盡快舉行「初選」，所以現在要展開「初選」演說等環節以引起公眾關注，可安排在各區的社區中心舉辦辯論，並透過《蘋果日報》進行直播，另又提到打算就「初選」進行數次測試，既可收宣傳之效亦可優化「初選」系統。

2020年1月5日Mark Simon 向黎匯報從美國國會山莊獲取的資訊，指白宮關注香港區議會選舉結果，時任美國副總統彭斯認為這是個好徵兆，有必要深入了解民主派的所謂「初選」，華盛頓方面希望聽取相關資深人士或「意見領袖」的想法。2020年7月1日，黎智英聯絡李卓人，指《國安法》實施後，「黃店」將不願意成為「初選」投票站，相信也不會有太多人願意在投票時登記身份證，只能改用網上投票，並向李卓人提議當晚詳談如何挽救局面。黎庭上同意他當時希望「初選」能繼續進行。"
3526759.0,小泉進次郎與赫格塞思通話 日網民批擺拍,2025-12-14 09:39,https://www.stheadline.com/realtime-world/3526759/小泉進次郎與赫格塞思通話-日網民批擺拍,"
        即時國際
    ",singtao,2025-12-14 09:39,2025-12-14 09:45,"日本防衛大臣小泉進次郎12月12日與美國國防部長赫格塞思通電話，並在社交平台X發佈他在辦公室通話照片。有日本網民發現照片擺拍痕跡嚴重，諷刺照片比AI還假。

日本防衛省指，小泉進次郎透過是次通話，與赫格塞思就印太地區的安全局勢坦誠交換意見。兩人對任何可能加劇地區緊張局勢的行動深表關切，批評解放軍兩度使用雷達照射日本軍機的行為，不利於促進地區的和平與穩定。

相關新聞：白宮：兼顧日美同盟與對華合作 專家：特朗普不願釋放錯誤訊號破壞訪華

小泉進次郎發佈照片顯示，他坐在防衛大臣辦公室內，右手拿著電話，左手壓著記事本，看上去神情嚴肅，而辦公桌上還擺著日本及美國的國旗。

筆記本上無字跡

有眼尖的日本網民事後發現，小泉進次郎的筆記本上並無任何字跡，而日本與美國的國旗也明顯是朝著鏡頭擺放。

相關新聞：中日惡化｜日防相小泉進次郎到訪與那國島 指強化西南防衛至關重要

有人表示，照片看起來像宣傳照，而兩人的實際通話內容可能也像照片這樣「空洞」，亦有人形容照片比AI生成的圖片漏洞還多。

與此同時，也有一些日本網民對小泉進次郎表示支持，形容小泉進次郎最近突然「開竅」，就任以來非常活躍，對日美同盟依然緊密感到放心。"
3526758.0,薄扶林道兩小巴與的士相撞 最少12人受傷,2025-12-14 09:34,https://www.stheadline.com/breaking-news/3526758/薄扶林道兩小巴與的士相撞-最少12人受傷,"
        突發
    ",singtao,2025-12-14 09:34,2025-12-14 09:45,港島薄扶林發生交通意外，多人受傷。今日（14日）早上約9時，兩輛小巴和一輛的士在薄扶林道109號對開相撞，據報有最少12人受傷，多輛救護車到場救援。
3526756.0,黎智英案｜黎操控「攬炒團隊」關聯人士「打國際線」 呼籲制裁中港,2025-12-14 09:32,https://www.stheadline.com/society/3526756/黎智英案黎操控攬炒團隊關聯人士打國際線-呼籲制裁中港,"
        社會
    ",singtao,2025-12-14 09:32,2025-12-14 09:45,"「壹傳媒」創辦人黎智英與 3 間《蘋果日報》相關公司涉嫌串謀他人發布煽動刊物，以及請求外國實施對香港特區或者中國進行制裁、封鎖或採取其他敵對行動。案件審訊過程中，控方共傳召5名已承認控罪的被告作為「從犯證人」，包括《蘋果日報》高層張劍虹、陳沛敏、楊清奇，以及西方反華組織「攬炒團隊」關聯人士陳梓華、李宇軒，另亦傳召前壹傳媒集團營運總裁周達權作為「特赦證人」，他們各人皆揭示黎智英在案中的主要角色及相關罪行。

從犯證人李宇軒作供稱，「G20」團夥、「攬炒巴」劉祖廸團夥及「G攬」（「G20」聯合「攬炒巴」）團夥於 2019 年 6月至 9月期間進行了3次全球眾籌登報活動。李在庭上將3次「全球眾籌登報」墊支處理登報費用、眾籌款項的提取等相關細節逐一交代。黎為擴大自身影響力及加強反華國際文宣力量，對3次全球眾籌登報皆「出錢出力」。在3次全球眾籌登報活動中，李宇軒均多番透過陳梓華獲黎及 Mark Simon 出資墊支，涉款逾數百萬港元。

陳亦於 2019年 9月穿針引線，介紹李與 Mark Simon 互相認識，Mark Simon 後來更安排美國國會議員來港見包括李在內的反修例團夥。黎曾於 2019 年 9月30日在《華爾街日報》撰寫評論文章，提及「如果中國經濟崩潰，政權合法性亦會垮塌，即使共產的中國不倒下，習近平政權亦會垮台；中美貿易可將中國(經濟)推向崩塌的邊緣」。該論述與「攬炒巴」劉祖廸「支爆」論述一致。

黎與陳梓華共6次見面，會面中黎聽取了陳講述前線勇武派的抗爭情況，黎希望透過陳聯繫「勇武」，並認為勇武派中是時候需要一個領導角色，欲透過陳協調勇武派行動，爭取國際支持抗爭。 2020年1月14日，即黎在台北與陳梓華等人會面數天後，黎將自己全資擁有的公司「Lacock Incorporated」，連同公司銀行戶口內的8 萬元存款贈送給陳梓華，為了獎勵陳在國際遊說或要求外國對香港或中國實施制裁方面出色的表現。

2020年5月28日陳梓華將美國政府就《香港國安法》實施建議書的連結轉發給黎，黎表示已閲讀有關文件，並指出「希望這個周末特朗普會提出更嚴厲的制裁措施」。 陳梓華指稱約於2020年5、6月，李宇軒當時表示希望加入IPAC、並問陳其應該以個人名義或團體名義（「攬炒團隊」）加入，陳回覆指要先向 Mark Simon 請示。其後陳稱 Mark Simon「好支持李宇軒加入」，並指示李應該以「攬炒團隊」加入 IPAC。

2020年6月16日黎相約陳到《壹傳媒》大樓進行午餐會面。黎於會面期間提及可透過《蘋果》英文版將香港相關資訊，直接傳播予外國的政治「枱底人」，促使他們向當地政府官員提交報告要求制裁中港等措施。會面中，陳表示十分憂慮，指自己可能會干犯《國安法》，並認為不應該再去倡議制裁，惟黎認為《國安法》「雷聲大雨點小」，表示會繼續呼籲制裁，又要求陳於文宣及國際線方面作配合及「繼續做」。黎亦指「IPAC 好重要，一定要有呢啲國際支持」，並透露自己「同美國果邊傾緊」，研究如何為反修例示威者提供協助。

2020年10月24日黎的一則Twitter推文內容包含向「 攬炒巴」劉祖迪致敬、「#standwithhk」的 hashtag 及附上一則專訪劉祖廸的《蘋果》英文版報道連結，當中報道提及劉領導一個名為「攬炒團隊」(SWHK)的國際遊說組織。

本報法庭組"
3526757.0,你玩AI，AI玩你｜久利生,2025-12-14 09:24,https://www.stheadline.com/investment/3526757/你玩AIAI玩你久利生,"
        投資理財
    ",singtao,2025-12-14 09:24,2025-12-14 09:30,"臨近年結又是時候覆盤回測。月前曾寫「AI泡沫化、泡沫AI化」一文，劇情似乎正在加速上演，怕且憂慮很快成真。據外媒報道，微軟創始人蓋茲警告稱，一些估值過高的AI公司將在競爭異常激烈的AI行業中蒙受損失，因為投資者正在衡量泡沫是否即將破裂。

識別泡沫容易 判斷破裂很難

目前市場再度出現類似擔憂。AI概念股成為焦點，例如Palantir的估值超過預期收益200倍；標普500指數相對過去十年真實收益的估值，僅次於1999至2000年高位，市銷率甚至高出當時60%以上。科技股只要小回（如11月）已引發波動性飆升，加密貨幣愛好者也與AI投資者重疊，風險偏好高度相關。如何判斷泡沫即將破裂？

資產泡沫是指資產價格大幅偏離其基本價值，主要由投機行為、過度樂觀情緒和資金湧入所推動。一旦泡沫破裂，價格往往暴跌，造成廣泛損失。歷史上，2000年的科網股泡沫是經典案例。識別泡沫容易，判斷破裂時很難，所以近年「泡沫在形成中」、「要擁抱初期泡沫」便有點老生常談，即使專業人士也可能會過早離場，錯失了巨額漲幅。

高估值是泡沫常見特點，甚至是發生條件，但無法準確預測破裂時刻。周期性調整市盈率（CAPE）等指標在預測十年期回報時較有效，起始估值越高、但長期回報越低。在一年內估值與回報幾乎無相關性。資料顯示，1990至2024年間，高CAPE年份後一年股價表現無明顯pattern。標普500現估值已達極端，AI股更甚，但這僅預示長期低回報，並不意味即時會股災。投資者若僅依賴估值，可能如1990年代末的睇淡者般太早離去。

正確預測專家 往往無法堅持

另一個強烈信號是，專業投資者因逆市操作而搞到自己要結束基金。回到2000年，納指股災前夕，投資界傳奇人物、老虎基金創辦人羅伯遜因避開科網股，客戶要撤資高達210億美元規模，最終更加要關門大吉。他從1980年起為客戶創造年均25%回報，卻在泡沫頂峰被迫滿盤出局。很諷刺地，那些正確預測泡沫的專家往往無法堅持到最後。

電影《沽注一擲》講述傳奇對沖基金經理布瑞（Michael Burry）曾成功預測2008年房貸危機的投資者。他今年也公開做淡AI股票，對象包括Palantir和Nvidia。但到10月底，他宣布結束基金，理由是其價值估計與市場嚴重脫節。這正是泡沫環境中做淡者慘被市場淘汰的典型例子。此類「不容異己」的事件增多，意味市場可能已經接近頂部。

估值以外 更可靠測市信號

本文最想探討的是在估值以外，更可靠的短期測市信號，包括公眾注意度見頂。《經濟學人》形容是「的士司機指標」（街頭巷尾茶餘飯後高談闊論股票）現代版，靠監測Google搜尋量。當網民搜尋特定投資熱潮（如NFT、比特幣、SPAC、ARKK、大麻股、可穿戴、太空股）達到高位時，往往正是價格要調整之時。而隨着搜尋量見頂，資產價格隨後12個月亦大跌，價格走向幾乎同步。

經人2025年的年度詞是slop，不是殺豬盤而是派feed的餵豬盤，其實就是AI算法，它們並非做給人看，真正的目標觀眾是網上平台同搜尋引擎的演算法，即是應付機器而非你同我這些人類。好像潛伏於Threads當中的元朗大寶煎肉餅飯的暗黑引流兵法，放在金融世界，足以扭曲或倍大傳統計量模型，令資產價格chok得更深更快。

究其原因，在於散戶往往於最後一刻湧入，自我實現「升埋最後一口」，隨後恐慌拋售引發崩盤。雖然並非所有搜尋量見頂都必定導致資產價格下跌（例如AI股8月中旬搜尋量見頂後，價格仍升多了數周），但當搜尋量急跌而資產價格又波動時，難免會令人不安。

AI股與比特幣 投資者背景相似

AI股的搜尋量從高位大幅回落，Nvidia股價跌13%。比特幣自10月初跌逾25%，雖然主題上並非直接與AI相關，但投資者背景相似，與整體風險偏好有緊密連繫。

比特幣常被視為風險偏好指標，其泡沫破裂每伴隨連鎖效應。資料顯示，Strategy公司（前MicroStrategy）是典型案例。公司自2020年起便大手舉債買入比特幣，持有約65萬枚（佔總量3%），幾乎成為「比特幣反應堆」。截至去年底，此策略看似成功：公司股價漲幅近600%，遠超比特幣本身近200%漲幅。

但自10月初，比特幣價格下跌四分之一，公司股價同期跌逾40%，市值一度低於持幣價值。公司每年需支付8億美元股息與利息，而且幾乎無其他收入來源。12月初雖然發行股票集資14億美元（相當於21個月股息）作為緩衝，並宣布可能出售持幣（違背「永不賣出」承諾），但2027年可轉債到期將帶來更大壓力。

研究資料顯示，目前所有交易所得買賣訂單總額不到6億美元，比特幣市場流動性愈薄弱，大額拋售愈易引發價格急跌（如10月10日，190億美元槓杆被清走）。而且那些令投機行為變得更加危險的細節位，通常在升市時都不會察覺，只有在爆煲後才會曝光。像這種流量為本、用機器生成的假資訊，可能累投資者做錯買賣決定。

你玩AI，AI玩你。

久利生

Facebook專頁

相關文章：兩大香港金融股要點揀｜久利生"
3526754.0,「湖南伢子團」扮BIGBANG  土味獲好評,2025-12-14 09:12,https://www.stheadline.com/china-topics/3526754/湖南伢子團扮BIGBANG-土味獲好評,"
        奇聞趣事
    ",singtao,2025-12-14 09:12,2025-12-14 09:30,"內地近期掀起模仿韓國男團BIGBANG的風潮，繼雲南之後，湖南也有5個小伙模仿BIGBANG走紅。因為接地氣，這個叫「湖南伢子團」的組合「出道」的第一條視頻即獲得逾8萬點讚。

該團五位成員都是23至24歲的年輕人，來自湖南各地不同行業，組團僅一個多月。視頻中，五個男生穿着「湖南省服」棉睡衣睡褲跳舞，有時候在金黃色的田里跳，有時在菜市場跳，有時在廣場跳。

"
3526752.0,人民大學︱年輕人搶購「人大紅」羽絨服   最貴¥899賣斷市,2025-12-14 09:01,https://www.stheadline.com/realtime-china/3526752/人民大學年輕人搶購人大紅羽絨服-最貴899賣斷市,"
        即時中國
    ",singtao,2025-12-14 09:01,2025-12-14 09:15,"年近歲末，嚴冬又至，羽絨服成為「必要裝備」。有趣的是，近日一款由北京著名高校出品的羽絨服，竟然成為年輕人趨之若鶩的潮衣。中國人民大學899元（人民幣，下同）「書記嚴選羽絨服」賣斷貨的消息，前日登上微博熱搜，閱讀量達2237萬。

高校出品讓人放心

事件的起因是中國人民大學黨委書記張東剛在社交平台推薦該校新推出的「人大超絨羽絨服」。其中展示了紅色羽絨服的宣傳圖，以及包括長款、短款、童款和多種家庭套餐的購買信息，並列出線下門店地址。

相關新聞：羽絨服瘋漲價︱鴨絨每噸¥58萬網民怪罪豬肉 經濟學家：有一定道理

中國新聞周刊報道，帖子發出後，許多網友留言「求購」，甚至希望「抽獎贈送」。也有網友表示羽絨服「有點好看」，優惠後長款899元、短款399元、童款200元的價格被熱議。該羽絨服的官方購買渠道——「人大紅創」小程序因訪問量過大一度無法打開。相關新聞：湖北婦跪求丈夫買¥299羽絨服 網民：女人經濟不獨立的悲哀一些年輕人表示，高校出品讓人放心，「這麼大的學校不至於自砸招牌」。艾媒諮詢首席分析師張毅指出，高校羽絨服的熱銷還源於其情感價值：對在校學生，它是增強歸屬感的身份標識；對高校仰慕者，它則是一種情感寄託。

"
3526750.0,股樓預測年底湧現 剖析為何唱好偏多 李聲揚：行動才是一切,2025-12-14 08:52,https://www.stheadline.com/investment/3526750/股樓預測年底湧現-剖析為何唱好偏多-李聲揚行動才是一切,"
        投資理財
    ",singtao,2025-12-14 08:52,2025-12-14 09:00,"本欄經常談樓市，見過其他樓市好友引述本欄內容。家嚴長居於深圳，早前發現微信上也有人引述筆者分析，背後目的是推介內地人來港居留兼置業。筆者着實不認為自己是「大好友」，只是之前坊間看得太淡。筆者和地產行業也沒有關係（地產股倒買了些，中港都有），很少參加樓市相關講座，而且只有大西北自住樓一層，不存在需要唱高散貨。

唱好乃普世現象 非香港獨有

又到年尾，各大報章的地產版，又會訪問不同的業界人士，看看他們對樓市看法。不過相當奇觀的是，差不多每一年，所有專家都只會唱好。最「保守」的看法就是橫行，很少有人會講樓市大跌——不錯，坊間有些「學者」或KOL（特別是已移民的）可能看樓市看得極淡，但他們一般不會在地產版的專題出現。

要明白的是，「唱好」乃普世現象，各種資產如此，也非香港獨有。看看訪問的專家，十個有七、八個都看好比特幣，目標價由30萬到300萬都有，但聲稱會變廢紙的卻不多。股市情況也一樣，十個分析師七、八個叫「買入」。

根本資產價格 就是升多過跌

為何如此？有說是「利益衝突」，但若夠勤力，就不會只甘心接受四個字解釋。分析員要的是話題，還有客戶交易，理論上唱好唱淡都可以。即使認為投行「一邊唱一邊自己交易」，投行可以輕易沽空，在跌市也可以賺錢。但為何分析員仍是唱好多、唱淡少？答案當然是：唱好的錢比較易賺。況且，升市一般多成交。此外，投行和企業往往有其他來往，有時不希望分析員唱得太淡。同樣地，分析員有機會轉跑道，轉去企業做，所以有時也會盡量手下留情。

另外，一個很多人忽略了的重點是：根本資產價格，就是升多過跌。所以只看機率也好，唱好合理過唱淡。具體來說，以美股為例，大約是四年中有三年升市，跌市只有一年。所以即使不用腦亂猜，還是估升市比較合理，比較着數。

樓市情況不同 睇淡取利很難

樓市的情況，又有不同。特別要留意的是：睇淡樓市而取利，相當困難。看淡比特幣你可以買反向ETF，看淡股市你可以買Put、沽期指、買熊證。

但看淡樓市呢？樓市指數根本不能讓你沽空（其實也不能買入），至於你想去沽空地產商，又是另一回事，皆因樓價和發展商股價的關係，並非如此直接。有時樓市跌、但發展商股價升，有時樓市升、發展商股價跌。換句話講，除了KOL博出名外，根本很難有人可以直接由樓市下跌中得益。相關言論，也自然少見。

反思「目標價」有何意思

今年眾多專家預測下年樓市升幅，由5%至40%都有。但坦白講，這些目標，到底有何意思？而到底甚麼是「目標價」，也很少人去反思。某甲認為下年恒指目標價是3萬，某乙認為是1萬，結果恒指升到3萬再跌到1萬，那請問誰正確？還是兩個都對？還是兩個都不對？若次序掉轉呢？恒指先見1萬再見3萬呢？又或者是先見3萬再跌到1萬又升上3萬呢？不知道，無人深究，根本甚麼是「目標價」呢？

筆者並非不同意眾多業界人士，只是要明白：業界人士就很難講真話，皆因涉及利益太大。相比之下，股市的「利益衝突」，有時比較細。普通股評人或KOL叫你去買Nvidia或騰訊，其實有何利益衝突？筆者唱好港股美股，但難道我會有得分嗎？沒有。但筆者自己身體力行，長期100%股票，銀行戶口長期只得四位數。行動才是一切，actions speaks louder than words。

Patreon作者 李聲揚

相關文章：不敢高追科技股有何選擇？ 兩類板塊結合如隱藏寶藏 李聲揚：總比持有現金好"
3526748.0,石硤尾過路婦遭單車撞倒昏迷 留院一周離世,2025-12-14 08:50,https://www.stheadline.com/breaking-news/3526748/石硤尾過路婦遭單車撞倒昏迷-留院一周離世,"
        突發
    ",singtao,2025-12-14 08:50,2025-12-14 09:00,"本月6日清晨6時21分，石硤尾發生單車撞途人意外，71歲姓楊婦人途經偉倫街近南昌街時，被一輛沿大坑西街往偉倫街方向行駛的單車撞倒。楊婦和騎單車的41歲姓劉男子均倒地受傷，其中楊婦昏迷，被送往瑪嘉烈醫院救治，惟她留醫7日後，延至昨日（13日）下午4時10分不治。

警方經初步調查後，以涉嫌「在公眾地方罔顧後果或疏忽地策騎」罪拘捕劉男。案件正由西九龍交通意外調查跟進。

"
3526749.0,中國觀察：中證監主席吳清笑談「健在」 指外電誤報,2025-12-14 08:44,https://www.stheadline.com/realtime-china/3526749/中國觀察中證監主席吳清笑談健在-指外電誤報,"
        即時中國
    ",singtao,2025-12-14 08:44,2025-12-14 09:00,"「參加這個會不是讓大家看到我健在，主要還是來看看大家」，中國證券業協會第八次會員大會本月6日在北京舉行，中國證監會主席吳清的開場白引發台下的一片笑聲，「前一段時間出差的過程當中，碰到重要的通訊社『報道』一些情況，我倒是不以為意。但是由於那樣一些誤報，創造了很多的流量，浪費了一部分行業的同事們的精力，我倒覺得挺不應該的。」

上月13日，路透社引述知情人士報道，吳清因健康原因已向相關部門表達了辭職意願，但尚不清楚是否已經獲批，以及何時離任。由於前兩任主席劉士余、易會滿分別貶官落馬，中證監主席一職似乎成為「高危職業」，而且吳清擔任證監會主席以來，推出了一系列市場支持措施，上證綜合指數累計上升45%，這一報道引發廣泛關注。

不過，中國證監會官網當天報道，吳清11月10日至13日訪問法國和巴西。此後，他又有三次公開亮相，包括：在證監會貫徹黨的二十屆四中全會精神宣講報告會上做報告；會見阿塞拜疆中央銀行行長卡濟莫夫；出席證監會2025年以來新提拔晉升局處級幹部憲法宣誓儀式。

吳清這次最新亮相，詼諧地不點名指路透社「誤報」，顯示他將繼續執掌證監會。在這次大會，他除了鼓勵頭部機構通過並購重組打造國際一流投行，將對優質券商「適度鬆綁」，也強調對於加密資產等新業態要深入研判、審慎對待，看不清管不住的堅決不展業，違法違規的堅決不做。

中國證券業協會也產生了新一屆領導機構，與此前會長和黨委書記均由證監系統出身的官員兼任不同，這次由國泰海通證券董事長朱健當選會長，前北京證監局黨委書記吳運浩擔任協會黨委書記、執行副會長。

紀曉華"
3526746.0,慈雲山八旬婦捱貨Van撞 留醫一日不治,2025-12-14 08:32,https://www.stheadline.com/breaking-news/3526746/慈雲山八旬婦捱貨Van撞-留醫一日不治,"
        突發
    ",singtao,2025-12-14 08:32,2025-12-14 08:45,"前日（12日）慈雲山發生一宗交通意外，88歲姓李老婦被一輛輕型貨車撞倒，頭部受傷送院搶救。她留醫一日後，延至昨日（13日）下午4時01分不治。

事發於前日下午2時許，26歲姓林男司機駕駛輕型貨車沿慈雲山道東行，當駛至慈雲山道雲華街交界時，撞倒正在過路的李婦。李婦頭部受傷，半昏迷被送往伊利沙伯醫院搶救，但終告不治。警方繼續調查事件。"
3526747.0,催谷人口︱國家醫保局：明年力爭生娃不花錢,2025-12-14 08:31,https://www.stheadline.com/realtime-china/3526747/催谷人口國家醫保局明年力爭生娃不花錢,"
        即時中國
    ",singtao,2025-12-14 08:31,2025-12-14 08:45,"為鼓勵生育，近年內地全面提升住院分娩醫療費用保障水平，吉林、江蘇、山東等7省已率先實現生娃基本不花錢。全國醫療保障工作會議昨在京召開，國家醫保局最新提出，力爭明年全國基本實現政策範圍內分娩個人「無自付」。

相關新聞：生育第一大省︱廣東去年誕113萬B 出生人口連續7年居冠

從2021年至今，每年的中央經濟工作會議都部署生育政策。今年的措辭格外特別：「努力穩定新出生人口規模」。中國社科院學部委員蔡昉預測「十五五」時期內地將第一次面臨人口負增長、人口老齡化等大幅制約需求的新形勢。相關新聞：谷生仔︱傳內地推現金補貼新生兒 3歲前每年派¥3600"
3526358.0,環保署推《減廢回收約章》全港950屋苑參與     下月辦回收比賽推動屋苑更積極投入減廢回收,2025-12-14 08:00,https://www.stheadline.com/society/3526358/環保署推減廢回收約章全港950屋苑參與-下月辦回收比賽推動屋苑更積極投入減廢回收,"
        社會
    ",singtao,2025-12-14 08:00,2025-12-14 08:15,"環保署去年6月推出《減廢回收約章》（下稱《約章》），推動私人屋苑住戶培養廢物源頭分類及回收習慣。根據環保署數字，截至今年11月底，約有950個屋苑簽署《約章》，覆蓋超過82萬個住戶。有參與屋苑每月回收量提升至超過6 000公斤，比參與《約章》初期大增逾八成。為進一步提升簽署《約章》屋苑的參與度及回收表現，署方將於下月舉辦首屆《減廢回收約章》回收比賽，表揚回收表現卓越的屋苑。

參與《約章》的屋苑或大廈須承諾在屋苑大廈範圍內設置合適的回收設施，收集六種指定的回收物，包括紙張、金屬、塑膠、玻璃容器、紙包飲品盒及廚餘。環保署表示，若屋苑或單幢樓宇因空間問題，沒有足夠地方設置廚餘回收桶，他們只需收集其餘五種回收物亦可參與《約章》。

屋苑須安排將回收物交予合適的回收商妥善處置，物管公司亦須備存各回收物的回收紀錄，並定期向住戶公布季度回收數字。根據《約章》，任何私人屋苑大廈的物業管理公司、業主立案法團或居民組織均可代表屋苑簽署《約章》。

有參與《約章》屋苑   每月回收量 大增逾八成

位於荃灣的翠豐臺是其中一個在參與《約章》後，優化內部的回收設施的私人屋苑。環保署表示，該屋苑在其公用空間增設廚餘回收桶等回收設施，方便居民進行回收。根據該屋苑提交的回收報告顯示，每月回收超過6 000公斤回收物，相比去年剛參與《約章》時大幅增加超過八成，平均每戶每月回收量為5公斤，整體回收量亦見上升。

將軍澳屋苑Capri的物業主任李小姐表示，在參與《約章》後，於屋苑範圍內增設了紙包飲品盒回收桶，推動居民培養回收習慣，實踐更全面的源頭分類回收。在今年第三季，該屋苑已收集了接近9 000公斤回收物，涵蓋紙張、金屬、塑膠、玻璃容器、紙包飲品盒及廚餘不同類別，平均每戶每月回收量約為6公斤。

為進一步推廣《約章》，提升屋苑參與度及回收表現，並加強物管業界對可持續回收的意識，環保署將於下月舉辦《減廢回收約章》回收比賽，以表揚回收表現卓越的屋苑大廈及其物業管理公司。環保署會根據屋苑在比賽期間提交的各項回收數據，從「回收量」及「覆蓋回收物的全面性」兩大範疇評核屋苑的回收表現，而署方會到屋苑視察並核實相關記錄。

比賽設有多個獎項，得獎屋苑及物業管理機構將會獲邀參與2027年舉行的頒獎典禮。"
3526745.0,美國羅德島布朗大學發生槍擊 多人中槍,2025-12-14 07:54,https://www.stheadline.com/realtime-world/3526745/美國羅德島布朗大學發生槍擊-多人中槍,"
        即時國際
    ",singtao,2025-12-14 07:54,2025-12-14 08:00,"美國警方表示，位於羅德島州普羅維登斯市的布朗大學，周六下午發生槍擊事件，事牛中多人中彈。校方已發布緊急警報並實施封鎖措施，要求師生就地避險。

警方表示，執法人員已進入現場處置，目前傷亡情況不明。

布朗大學早前說有一名嫌疑人被拘留，但其後更正說沒有嫌疑人被拘留，警方仍在校園內搜尋疑犯。"
3526743.0,天文台｜大致多雲 日間部分時間有陽光及非常乾燥 最高氣溫約20度,2025-12-14 07:40,https://www.stheadline.com/society/3526743/天文台大致多雲-日間部分時間有陽光及非常乾燥-最高氣溫約20度,"
        社會
    ",singtao,2025-12-14 07:40,2025-12-14 07:45,"一股強烈東北季候風正影響廣東沿岸。本港方面，今早氣溫普遍較昨日低四至五度。此外，一道雲帶正覆蓋華南沿岸。

本港地區今日天氣預測，大致多雲，早晚清涼。初時有一兩陣微雨。日間部分時間有陽光及非常乾燥，最高氣溫約20度。吹和緩至清勁北至東北風，初時離岸及高地吹強風

展望明日早上仍然清涼。隨後一兩日部分時間有陽光，氣溫逐漸回升，但內陸地區日夜溫差較大。

一股強烈東北季候風會在今明兩日影響華南沿岸，該區早晚清涼，天氣乾燥。隨著季候風在本週中期緩和，廣東沿岸天色好轉，氣溫逐漸回升，但內陸地區日夜溫差較大。預料一道廣闊雲帶會在接近週末為華南帶來幾陣雨。隨著該雲帶轉薄，週末期間該區天色較為明朗。"
3526613.0,男人的浪漫︱山東大叔烤番薯換撩貓時光  網民：互相溫暖的交易︱有片,2025-12-14 07:30,https://www.stheadline.com/realtime-china/3526613/男人的浪漫山東大叔烤番薯換撩貓時光-網民互相溫暖的交易有片,"
        即時中國
    ",singtao,2025-12-14 07:30,2025-12-14 07:45,"店有一貓如有一寶，常能吸引更多消費者。山東近日有寵物店店主發片，指早前有位大叔，拿著熱暖的烤番薯提出交換，讓他在店內擼一會貓（撩貓），店主也欣然成就這個溫暖的交易。網民對店家的大方力讚，認為是互相療癒。

網民「無敵奶爸」5日前上載短片，指早前來了一名特別顧客，對方是一名賣烤番薯的中年大叔，當日拿著一個賣剩的番薯走進店來，提出用番薯做代價，讓他留在店內玩一會貓。相關新聞：奶貓殺手︱瀋陽女心情差去動物Cafe減壓 摙頸錘背扭四肢殺4貓

「無敵奶爸」雖然首次遇到這種要求，但也欣然同意。之後賣番薯大叔便在店內，拿起逗貓棒和不同的小貓玩耍，一會又抱著貓咪入懷，坐在沙發上撩撥貓毛。

短片可見，皮膚黝黑的大叔，在和貓貓玩耍時，眼神便會柔和起來，嘴角不時流露甜甜笑容，人也顯得很放鬆。

「無敵奶爸」表示，自此之後大叔隔三四天便會拿著番薯來，要求玩貓。「無敵奶爸」指，第二大叔來的時候，本想不要番薯，讓大叔有空便直接來撩貓，但又怕唐突，會令大叔以後不敢來，才繼續收番薯，維持這個溫暖的交易。

許多網民看過短片後也留言，稱讚店主「溫柔又有愛心」、「都是溫暖的人」、「好有愛」、「互相治癒」，「大哥你真係獸面佛心啊」。

"
3525678.0,奇案解密︱江西苦命妻長期遭家暴逼經期行房  老鼠藥毒死丈夫潛逃27年,2025-12-14 07:00,https://www.stheadline.com/china-topics/3525678/奇案解密江西苦命妻長期遭家暴逼經期行房-老鼠藥毒死丈夫潛逃27年,"
        奇聞趣事
    ",singtao,2025-12-14 07:00,2025-12-14 07:15,"「換婚」在中國古代或傳統社會中，是指兩個家庭之間以交換姊妹或女兒的方式締結姻親關係的習俗，俗稱「小姑換嫂」或「姑換嫂」。1996年初，在媒人的介紹下，女子潘某的父母將她與鄰村的吳某家「換婚」：讓她嫁給吳某，吳某的妹妹嫁給潘某哥哥。然而，潘某婚後經常遭到吳某的打罵，吳某經常在潘某月經期間強行要求同房，最終引發悲劇。1997年潘某毒殺丈夫後逃亡27年，2024年7月被捕。她供稱殺人因丈夫長期虐待及生理期強迫同房。近日，該案二審駁回上訴，維持判處無期徒刑的判決。

用老鼠藥毒死丈夫

事發於1997年7月27日上午，江西鷹潭市一個小村莊的潘姓女村民，丈夫盧某完成農活回到家中。吃過早飯後不久，盧某感到腹中劇痛，開始口吐白沫。家人以為是中暑所致，便找來村裡未經正式受過醫療訓練的村醫「刮痧」。村醫發現盧某鼻子耳朵出血，並不是中暑症狀，便要求盧某家人將其送院。到了醫院門口，盧某已經失救身亡。

相關新聞：奇案解密︱富二代加拿大遭綁票害命  學霸同胞誤殺入獄6年假釋期間失蹤

原來案發前的晚上，吳某一再強行要求與處於經期的潘某行房，女方一度反抗，反遭到吳某毆打，且當日白天兩人因生活瑣碎事多次發生爭吵，吳某動手毆打潘某。為此，潘某產生了殺害吳某的想法。次日，潘某在給吳某煮的米飯中摻入老鼠藥，吳某食用後死亡。

吳某下葬後，其家人懷疑遭潘某下毒，向鷹潭市余江縣公安局報案，該局於1997年7月30日對吳某開棺驗屍。

相關新聞：奇案解密｜洞房夜丈夫睹妻與姦夫睡新房 掀轟動上海情殺案

潛逃外地與他人結婚生子

經檢驗鑒定，吳某胃組織及胃內容物檢出毒鼠強成分，是中毒死亡。公安機關立案偵查後，潘某已潛逃至外地，改名換姓在外地一麵包店打工，在他人介紹下嫁給劉某為妻，其間潘某用新的名字辦理身份證。由於當時戶口管理不嚴，潘某沒有戶口，劉某便找到村委會會計，用潘某新取的名字到派出所上戶，並結了婚。他們後來生了兩個兒子。

相關新聞：奇案解密︱20歲美少女肢解情人妻拋珠江 聞判死咧嘴慘笑哼張惠妹名曲《解脫》

被判無期徒刑

2024年7月21日，潘某在江西貴溪市被公安機關抓獲。法院一審認為，潘某因婚姻家庭矛盾，採用投毒的方式，故意非法剝奪他人生命，致一人死亡，其行為已構成故意殺人罪。潘某的犯罪行為給附帶民事訴訟原告人造成的經濟損失。法院對潘某判處無期徒刑，剝奪政治權利終身。潘某賠償附帶民事訴訟原告人吳某親屬喪葬費及相關誤工費、交通費等經濟損失共計人民幣5萬餘元。

一審判決後，潘某上訴。二審法院認為，原審判決認定犯罪事實清楚，證據確實、充分，定罪準確，量刑適當。審判程序合法。附帶民事部分處理正確。二審法院裁定：駁回上訴，維持原判。"
3526739.0,蘇丹無人機襲擊聯合國設施 六名孟加拉籍維和人員死亡 古特雷斯譴責襲擊,2025-12-14 06:43,https://www.stheadline.com/realtime-world/3526739/蘇丹無人機襲擊聯合國設施-六名孟加拉籍維和人員死亡-古特雷斯譴責襲擊,"
        即時國際
    ",singtao,2025-12-14 06:43,2025-12-14 07:00,"聯合國秘書長古特雷斯表示，蘇丹戰事持續之際，位於卡杜格里（Kadugli）的聯合國維和後勤基地周六（14日）遭無人機襲擊，造成 6 名孟加拉籍維和人員死亡、8 人受傷。死者均隸屬聯合國阿卜耶伊臨時安全部隊（UNISFA）。

聯合國秘書長古特雷斯譴責襲擊，強調針對聯合國維和人員的攻擊可能構成國際法下的戰爭罪，要求將責任者繩之於法。

蘇丹軍方指襲擊由準軍事部隊「快速支援部隊」（RSF）所為，並公布片段顯示基地上空濃煙。快速支援部隊尚未回應事件。阿卜耶伊地區自 2011 年南蘇丹獨立後一直為兩國爭議地帶，UNISFA 亦自當年起部署於該區。

孟加拉軍方在聲明中指，當地局勢「仍然不穩定」，與武裝分子的衝突持續，政府正盡力安排救援和醫療。孟加拉是聯合國最大維和出兵國之一，其部隊在阿卜耶伊已部署多年。"
3526630.0,宏福苑五級火｜居民失家園 家居保可賠償暫住大灣區開支 「有保險公司已百萬、百萬地賠出去」,2025-12-14 06:00,https://www.stheadline.com/investment/3526630/宏福苑五級火居民失家園-家居保可賠償暫住大灣區開支-有保險公司已百萬百萬地賠出去,"
        投資理財
    ",singtao,2025-12-14 06:00,2025-12-14 06:30,"大埔宏福苑上月發生的五級大火，死亡人數達160人，數百個家庭失去家園，家中財物化為烏有。香港保險業聯會行政總監劉佩玲接受《星島頭條》訪問時表示，不少保險公司今次按家居保險的投保總額作賠償；亦有保險公司保障居民到大灣區暫住的開支。 另外，宏福苑大火提醒市民家居保險的重要性，除了市民最常留意的家居財物保障，原來部分保險公司的家居保險亦會提供意外受傷或身故保障，連寵物也受保。

劉佩玲表示，對於家居保險的財物保障，過往投保人需要找出單據索賠，但由於今次不少家庭全屋付諸一炬，不論財物及其單據也被燒燬，她透露不少保險公司今次按家居保險的投保總額作賠償，「我知道有保險公司是100萬、100萬地賠出去了，有公司已開出了（賠償額）支票。」

另外針對單住不適合居住，就臨時居所開支個別保單的保障額達10萬元，她知悉，有宏福苑居民暫時到大灣區居住一段時間，今次有保險公司亦對內地酒店及租住單位開支作出保障。

研加快遺產承辦過程

宏福苑大火發生後，劉佩玲表示，保險業界已迅速協助受居民找出保單及處理各類索償。她又說不少保險公司也為居於宏福苑的客戶，每人發放5000元，甚至1萬元的恩恤金，「這個是不問他買甚麼保障，總之他是客戶便會發放。」

對於人壽保險，若受保人與受益人同時遇難，保險賠償額會成為遺產，可能要經過較長時間的遺產承辦程序。她說正跟相關機構研究加快處理，讓其親屬可更快獲取這筆保險金。

相關文章：宏福苑五級火｜施永青稱火險抵償按揭存誤導 指賠償不足抵銷貸款餘額 業主或需繼續供樓

個別產品有身故保障

今次火災提升了市民對家居保險的關注，因為在面對突如其來的意外事故時，家居保險保障可成為重建生活的「後盾」。劉佩玲說自己近日也特地找出家居保險保單檢視，才發現有些保障項目過往沒有留意。她舉例原來一些家居保險提供意外身故保障。「人命我們（保險界）賠不到，但希望金錢可以幫到他們渡過一些難關。」

記者翻查多份家居保險保單，均提供人身傷亡及意外保障。例如MSIG家居保險列明，因家居火災或盜竊而受傷並於三個月內身故，其計劃A及計劃B的保障額分別有15萬元及10萬元。

安達的家居保險則列明，受保人因意外而導致意外死亡，或永久完全傷殘，保障額30萬元，其細項包括因火災引致損傷的醫療費，上限3000元。保誠的相關保障每年總額20萬元，對家居火災、持械行劫或盜竊而受傷，醫療費用上限則有5000元。

至於藍十字保險，若受保人或受保家屬在居所內因火災或搶劫導致在3個月內意外身故，意外身故賠償總額達40萬元，而每名家屬成員的最高賠償額10萬元。

寵物意外死亡有賠償

另外，個別家居保險亦有提供寵物保障，例如AIG的家居保險的計劃B，對已植入晶片的貓或犬隻，意外死亡或偷竊提供2000元保障額。昆士蘭保險的則針對各類寵物的意外死亡，或從住所偷走提供2000元賠償。恒生保險的寵物保險更包括殯葬，每隻寵物提供1500元；而意外死亡或被盜則有7500元賠償額。

相關文章：大埔宏福苑五級火｜本港逾6成自置物業已供滿 業主應否自行購火險？保聯：投保非只為按揭"
3526736.0,美國聯合航空客機引擎故障 安全折返機場 機上290人無受傷,2025-12-14 05:49,https://www.stheadline.com/realtime-world/3526736/美國聯合航空客機引擎故障-安全折返機場-機上290人無受傷,"
        即時國際
    ",singtao,2025-12-14 05:49,2025-12-14 06:00,"美國聯合航空一架客機，周六（14日）在華盛頓杜勒斯國際機場（Dulles International Airport）起飛時發生引擎故障，其後安全返航，機上共 275 名乘客及 15 名機員均無受傷。美國聯邦航空管理局（FAA）已就事件展開調查。

涉事航班為聯合航空 803 號航班，原定飛往東京，所用機型為波音 777-200。FAA 表示，客機於當地時間下午起飛後不久便出現引擎失效，於下午約 1 時 20 分安全降回杜勒斯機場。聯合航空表示，客機因其中一具引擎失去動力而返航，航空公司已安排另一架客機於稍後時間接載乘客續程。

機場發言人表示，客機在起飛時，跑道旁草地曾因掉落的引擎外殼碎片而起火，火勢其後已被撲滅。美國運輸部長 Duffy 在社交平台 X 上也確認部分引擎覆蓋件脫落並起火。美國聯邦航空管理局指，將調查引擎故障原因及相關情況。

從社交平台片段顯示，機場跑道附近冒出濃煙。"
3526734.0,美軍在敘利亞遭疑「伊斯蘭國」槍手伏擊 3名美國人喪生 特朗普誓言報復,2025-12-14 04:42,https://www.stheadline.com/realtime-world/3526734/美軍在敘利亞遭疑伊斯蘭國槍手伏擊-3名美國人喪生-特朗普誓言報復,"
        即時國際
    ",singtao,2025-12-14 04:42,2025-12-14 04:45,"美國國防部表示，美軍在敘利亞中部遭遇伏擊，造成兩名美軍士兵及一名美籍翻譯員死亡，另有多名美軍與敘利亞安全人員受傷。美方指，襲擊者疑為極端組織「伊斯蘭國」（IS）武裝分子。總統特朗普稱將採取報復行動。

事件發生於周六（14日）在古城巴爾米拉（Palmyra）附近，是自一年前敘利亞前總統巴沙爾．阿薩德（Bashar al-Assad）政權倒台以來，美軍首次在當地遭遇致命襲擊。五角大樓發言人帕內爾（Sean Parnell）指出，事發時美軍正與地方領袖進行會面，。國防部長赫格塞思稱，襲擊者已被擊斃。

美國總統特朗普表示：「我們哀悼三名在敘利亞喪生的偉大愛國者。目前另有三人受傷，但情況良好。」他確認事件為「伊斯蘭國的攻擊」，並稱：「我們將採取報復行動。」美軍中央司令部表示，按規定需待家屬接獲通知後 24 小時才公布死者身分。

敘利亞國營媒體及當地監察組織亦報道，襲擊發生於美軍與敘利亞官員訪問巴爾米拉期間。敘利亞內政部指，一名疑與伊斯蘭國有關的槍手在軍營入口開火，並稱當局正調查槍手是否為 IS 成員，或僅受其極端思想影響。

受傷的敘利亞安全人員與美軍均已由直升機送往美軍塔夫斯基地（al-Tanf garrison）救治。

美軍目前在敘利亞東部仍維持數百名部隊，協助當地武裝團體進行反恐訓練。自阿薩德政權去年倒台後，敘利亞與西方國家關係有所改善；新任過渡總統沙拉阿（Ahmed al-Sharaa）上月曾到訪華盛頓，與特朗普會面。"
3526733.0,盧卡申科釋放123名囚犯 包括諾貝爾和平獎得主與反對派領袖 美國解除白俄部分制裁,2025-12-14 03:58,https://www.stheadline.com/realtime-world/3526733/盧卡申科釋放123名囚犯-包括諾貝爾和平獎得主與反對派領袖-美國解除白俄部分制裁,"
        即時國際
    ",singtao,2025-12-14 03:58,2025-12-14 04:15,"白俄羅斯總統盧卡申科（Alexander Lukashenko）周六（14日）釋放共123名囚犯，其中包括2022年諾貝爾和平獎得主比亞利亞茨基（Ales Bialiatski）及反對派領袖卡列絲尼卡娃（Maria Kalesnikava）。是次安排由美國總統特朗普特使牽線，作為美國同意解除對白俄鉀肥出口制裁的交換協議。

美特使稱或再有約千名政治犯獲釋

白俄是全球主要鉀肥生產國之一，鉀肥為國際肥料市場的重要原料。今次是盧卡申科自今年初與特朗普政府展開接觸以來規模最大的釋囚行動。

特朗普特使科爾（Coale）表示，白俄境內約1,000名政治犯或於未來數月內獲釋，並稱如最終「沒有政治犯留在監獄」，大部分美國制裁亦可撤銷。他形容相關交換安排「公平」。白俄官方稱，被釋人士中9人已前往立陶宛，其餘114人被送往烏克蘭。美國官員則指，被釋放者中包括一名美國公民、六名美國盟國公民及五名烏克蘭公民。流亡反對派顧問 Viachorka 表示，大部分獲釋者被送往烏克蘭，另有 8 至 9 人（包括比亞利亞茨基）於周六轉往立陶宛。

比亞利亞茨基自2021年被關押至今。他抵達美國駐立陶宛使館時與流亡反對派領袖季哈諾夫斯卡婭（Sviatlana Tsikhanouskaya）會面。他在受訪時表示，白俄仍有大量人士因政治原因被拘留，指相關人權問題尚未解決。諾貝爾委員會對其獲釋表示「深切欣慰」。卡列絲尼卡娃則於2020年大規模示威後被捕，周六被送往烏克蘭。她形容重新見到家人及重獲自由為「巨大喜悅」。

美方：接觸盧卡申科旨在減低其對俄依賴

多名美國官員向路透社表示，與盧卡申科接觸旨在減輕其對俄羅斯總統普京的依賴程度。白俄在2020年爭議選舉後鎮壓示威，及在2022年允許俄軍從白俄領土進攻烏克蘭後，西方先後對其實施多輪制裁。

白俄流亡反對派對釋囚表示感謝，並稱事件證明制裁有效。不過他們強調，歐盟制裁旨在推動制度改革，與美方以人道議題為主的措施在取向上不同。"
3526732.0,動物界「一夫一妻排行榜」公布 人類僅排第七 專家：相對其他靈長類已算專一,2025-12-14 02:41,https://www.stheadline.com/realtime-world/3526732/動物界一夫一妻排行榜公布-人類僅排第七-專家相對其他靈長類已算專一,"
        即時國際
    ",singtao,2025-12-14 02:41,2025-12-14 03:00,"英國一項最新研究公開動物界的「一夫一妻程度」比較，結果顯示，美國加州鹿鼠（California deer mouse）是最專一的動物，其群體中 100% 兄弟姊妹皆同父同母；人類則以 66% 排在第七位，表現不及野狗、河狸等物種，但在靈長類中已屬罕見的「高專一」物種。

加州鹿鼠最專一

研究由劍橋大學團隊進行，分析不同哺乳類動物及多個時期人類族群的基因數據。團隊指出，若物種傾向長期配偶關係，其後代表現較多來自同一對父母；相反，若交配模式較開放，則會出現更多同母異父的半兄弟姊妹。排行榜顯示，最專一的物種為加州鹿鼠（100%），其庁是非洲野狗（85%）、達馬拉裸鼴鼠（79.5%）、鬍鬚狨 、埃塞俄比亞狼、歐亞河狸，人類則排第七（66%）。

研究人員指出，這些物種屬於「社會一夫一妻制」，即傾向形成長期配偶關係。劍橋大學研究員 Dyble 博士形容：「動物界其實存在一個『一夫一妻的頂級聯賽』，人類位於其中，但大部分哺乳類其實採取更為多元的交配模式。」

人類在靈長類中異常「專一」

與人類親緣更接近的靈長類表現則遠低於人類，例如山地大猩猩、黑猩猩和其他多種獼猴排在更後的位置。唯一能進入「頂級一夫一妻組」的靈長類是亞馬遜的鬍鬚狨。

研究指出，人類的長期配偶模式極可能由群體交配系統逐步演化而來，這在哺乳類中屬罕見情況。榜單底部則由蘇埃綿羊（Soay sheep）佔據，其群體中僅 0.6% 為同父同母，因母羊每季通常與多隻公羊交配。黑熊、南極海狗、殺人鯨等亦屬較低程度單偶制的群體。

Dyble 博士補充，研究探討的是「生育上的一夫一妻程度」，並非性行為本身。在大多數哺乳動物中，交配和繁殖緊密相連。但在人類中，節育方法和文化習俗打破了這種聯繫。

研究刊於《英國皇家學會學報B輯：生物科學》。"
