id,title,date,scrape_time,section,source,url,news_content
69154d4ac17f94bd5846728b,特朗普簽署臨時撥款法案 結束長達43日聯邦政府停擺,2025-11-13 11:15,2025-11-13 11:30,finance,tvb,https://news.tvb.com/tc/finance/69154d4ac17f94bd5846728b,美國總統特朗普簽署臨時撥款法案，結束長達43天的聯邦政府停擺。
69154c65c17f94bd58466c5a,人民幣中間價下跌,2025-11-13 11:11,2025-11-13 11:30,finance,tvb,https://news.tvb.com/tc/finance/69154c65c17f94bd58466c5a,"人民幣中間價下跌。

官方開出的人民幣中間價報7.0865兌一美元，較上個交易日下調32點子。現貨人民幣方面，在岸價和離岸價早段都於7.11水平上落。

另外，人民銀行進行1,900億元人民幣七天期逆回購操作。扣除到期的逆回購，單日在市場淨投放972億元人民幣，連續四天淨投放。"
69154b6ac17f94bd58466a7b,業主不遵從清拆令被判罰款近8萬元,2025-11-13 11:02,2025-11-13 11:15,local,tvb,https://news.tvb.com/tc/local/69154b6ac17f94bd58466a7b,"一名業主由於不遵從根據《建築物條例》（第123章）發出的清拆令，昨日在沙田裁判法院被定罪及判罰款合共78,300元，當中72,300元屬就罪行持續的日數所判的罰款。

有關個䅁涉及沙田禾香街一幢工業大廈外牆附建的一個金屬架。該僭建物並無事先獲得屋宇署的批准及同意，屋宇署根據《建築物條例》第24（1）條向業主發出清拆令。該業主沒有履行清拆令，故遭屋宇署檢控。
　　 
屋宇署發言人說：「僭建物可導致嚴重後果。業主必須盡快遵從清拆令。對於未有遵從清拆令的業主，屋宇署會繼續採取執法行動，包括提出檢控，以保障樓宇及公眾安全。」
　　 
根據《建築物條例》，任何人無合理辯解而沒有遵從清拆令是嚴重罪行，一經定罪，最高可處罰款200,000元及監禁一年，及可就罪行持續的每一天，另處罰款最高20,000元。"
691548dfc17f94bd5846510b,謝展寰在巴西出席聯合國氣候變化大會,2025-11-13 10:52,2025-11-13 11:00,local,tvb,https://news.tvb.com/tc/local/691548dfc17f94bd5846510b,"環境及生態局局長謝展寰繼續在巴西貝倫出席《聯合國氣候變化框架公約》締約方會議第30屆會議（氣候變化大會），並在中國角邊會主題討論環節上發言，以及與其他參會代表進行雙邊會議。
 
謝展寰出席的中國角邊會活動，主題為「推動綠色創新合作　共建綠色絲綢之路」，由國家生態環境部指導，並由「一帶一路」綠色發展國際聯盟、生態環境部對外合作與交流中心和中國環境與發展國際合作委員會秘書處主辦。活動旨在為政府、金融與研究機構、非政府組織及私營部門搭建關鍵平台，以促進綠色絲綢之路框架下的國際合作。討論聚焦透過技術創新、氣候融資與市場機制等重點領域推動全球綠色轉型。

主題討論的首個環節是「氣候資金機制創新：展望南南合作新模式」。謝展寰在討論環節中表示香港位處粵港澳大灣區，擔當國家與國際之間「超級聯繫人」的角色，是聯繫國家與世界的橋樑，同時在「一國兩制」原則下，本港實行普通法制度，是全球第三的國際金融中心和亞洲領先的綠色和可持續金融樞紐，有效吸引本地和跨國資金支持減緩措施，以應對氣候變化的影響。
 
謝展寰指出單是2024年，本港綠色和可持續債券發行總額已達區域內的45%，連續七年在亞洲市場中排首位。另外，為鼓勵綠色金融的發展，香港特別行政區政府推出「綠色和可持續金融資助計劃」，資助合資格的債券發行人和貸款借款人的部分發債及外部評審服務支出。有關計劃已延長至2027年，並擴大資助範圍至轉型債券及貸款，以鼓勵區內減碳工作。
"
69154d1fc17f94bd58466e80,網紅何伯夫婦涉傷人案 押後明年1月再訊,2025-11-13 10:50,2025-11-13 11:15,local,tvb,https://news.tvb.com/tc/local/69154d1fc17f94bd58466e80,"屯門一對夫婦今年5月，在公屋走廊爭執，導致雙方受傷的案件，案件區域法院提堂。

控罪指，人稱「何伯」的77歲退休男子何煊，與其44歲妻子家庭主婦葉秀定，今年5月30日在屯門菁田邨互相襲擊，分別被控有意圖而傷人罪。

區域法院開庭處理女被告的控罪，她在庭上報稱身體不適。法官陳廣池將案件押後至，明年1月13日再訊，與男被告一同提訊，期間，女被告續獲准以5000元等條件保釋。"
69154172c17f94bd584614a1,立法會選舉｜多名官員以家鄉話呼籲鄉親投票,2025-11-13 10:24,2025-11-13 11:00,local,tvb,https://news.tvb.com/tc/local/69154172c17f94bd584614a1,立法會換屆選舉下月7日投票，多名官員以家鄉話，呼籲鄉親投票。
69153bc2c17f94bd5845eea1,九巴雙層巴士秀茂坪疑失控剷上石壆 現場交通一度受阻,2025-11-13 10:00,2025-11-13 10:30,local,tvb,https://news.tvb.com/tc/local/69153bc2c17f94bd5845eea1,"一架九巴雙層巴士在秀茂坪剷上石壆，無人受傷。

涉事巴士在意外後擱在石壆，警方和九巴工程人員到場調查。早上約8時，涉事的27號巴士沿新清水灣道，往西貢方向行駛，近利安道懷疑失控，剷上路中石壆，並撞毀交通指示牌。

車上乘客自行離開，事件中無人受傷。現場交通一度受阻，警方正調查意外原因。"
69152e08c17f94bd5845816f,港股低開143點 恒指報26779點,2025-11-13 09:23,2025-11-13 09:30,finance,tvb,https://news.tvb.com/tc/finance/69152e08c17f94bd5845816f,"港股低開143點，恒生指數報26,779點。

華潤萬象生活跌百分之7.8，京東跌百分之2.5，翰森製藥升百分之1.7。"
6915331bc17f94bd5845a230,美國眾議院表決通過臨時撥款法案將交特朗普簽署生效 結束聯邦政府停擺,2025-11-13 09:22,2025-11-13 09:30,finance,tvb,https://news.tvb.com/tc/finance/6915331bc17f94bd5845a230,美國國會眾議院表決通過臨時撥款法案，將呈交總統特朗普簽署生效，結束聯邦政府停擺。
69152025c17f94bd58450de4,美財長稱政府擬調低部分消費品及食物關稅 冀減輕當地消費者負擔,2025-11-13 08:30,2025-11-13 09:00,finance,tvb,https://news.tvb.com/tc/finance/69152025c17f94bd58450de4,"美國財長貝森特稱，有意調低部分消費品及食物的關稅，包括咖啡及香蕉等。

貝森特周三接受霍士新聞訪問，稱當局即將公布減免關稅政策，目的是降低食物價格及生活成本，減輕美國消費者的負擔，相信當地民眾在明年上半年會感受到經濟好轉。他又指減免關稅的食物，涉及咖啡、香蕉及進口生果等。

勞工部早前發表統計數據，即溶咖啡九月份價格比去年同期上升近兩成二，香蕉就上升近百分之七。雖然夏威夷及佛州有農民種植香蕉，但大部分從其他國家進口。"
6914db42c17f94bd5842f55c,報章要聞｜大公：科大與教育機構成立AI素養發展中心／星島：諾獎得主加盟港大,2025-11-13 08:28,2025-11-13 08:45,local,tvb,https://news.tvb.com/tc/local/6914db42c17f94bd5842f55c,"大公報報道︰所羅門教育集團宣布與香港科技大學展開策略性合作，成立人工智能素養發展中心。

中心成立後，未來將在本港多方面推動人工智能發展工作，希望配合施政報告中提出，支持教育局從優質教育基金預留20億元，配合「人工智能素養」學習架構，以優化中小學銜接的資訊和創科教育課程，並將人工智能教育融入核心課程，以加強教師人工智能技術培訓等計劃。

星島日報報道︰香港大學早前宣布，邀請2023年諾貝爾物理學獎得主克勞斯出任理學院物理學系講座教授，本月正式上任。

他接受《星島日報》專訪時表示，選擇來港發展的原因之一是希望將其團隊開發的早期疾病檢測技術拓展至亞洲人群。克勞斯又指，香港大學作為亞洲頂尖學府，具備連接東西方的獨特優勢，有助於推進其研究，期望協助港大結合物理學與醫學，共同推動醫療發展。"
69152224c17f94bd584515cb,宏利金融第三季按年少賺3%,2025-11-13 08:16,2025-11-13 08:30,finance,tvb,https://news.tvb.com/tc/finance/69152224c17f94bd584515cb,"宏利金融截至九月底止季度按年少賺百分之3，純利近18億加元、折合近100億港元。當中核心盈利達20億加元，按固定匯率計，增長一成。

每股派息0.44加元。期內新造業務價值逾9億加元，按年升一成一。"
69151bcac17f94bd5844e48c,據報歐盟擬最早明年年初向中國電商進口小包裹徵收處理費,2025-11-13 08:15,2025-11-13 08:30,finance,tvb,https://news.tvb.com/tc/finance/69151bcac17f94bd5844e48c,"據報歐盟計劃提早超過兩年，向中國電商進口的小包裹徵收處理費。

《金融時報》報道，歐盟貿易專員謝夫喬維奇向歐盟財長致函，呼籲最早於明年年初，向來自Shein希音、Temu及阿里巴巴等電商平台訂購的小包裹統一徵收處理費，以保護本土零售商免受不公平競爭。

據悉，每年進口歐洲的中國平價貨品達到數十億件。"
6914db34c17f94bd5842f514,報章要聞｜明報：視像探監試網約大嶼4設施先行／東方：皮下感應器自動監測血糖,2025-11-13 07:58,2025-11-13 08:15,local,tvb,https://news.tvb.com/tc/local/6914db34c17f94bd5842f514,"明報報道︰懲教署繼前年推出在囚者親友探訪電子預約服務，前日起開展「視像探訪電子預約服務試行計劃」，有需要的探訪者可於網上平台預約視像探訪，適用於大嶼山區4個懲教設施，包括石壁監獄、塘福懲教所、沙嘴懲教所及勵志更生中心，而供探訪者前赴的視像探訪地點增至6個。

懲教署指檢討試行情況後，視像探訪電子預約服務，會逐步擴展至其他區域懲教設施。

東方日報報道︰有本地研究發現，逾八成糖尿病患者在過去一年曾出現低血糖症狀，近半數更曾影響工作及日常生活。糖尿及內分泌聯盟指，俗稱「篤手指」的傳統自我監測血糖，對需每日多次量度的患者造成不便，且難以在血糖過低前警示，而新型連續葡萄糖監測裝置運用由人工智能驅動的演算法及模型，可幫助患者預測血糖波動，並於低血糖前發出提示。

該組織將推出免費試用計劃，提升糖尿病患者對血糖波動的關注。"
69150d24c17f94bd58446d13,德昌電機中期純利增長近3%,2025-11-13 07:45,2025-11-13 08:00,finance,tvb,https://news.tvb.com/tc/finance/69150d24c17f94bd58446d13,"德昌電機中期純利增長近百分之3。

截至九月底止上半年度賺1.3億美元。毛利率擴闊0.4個百分點，至百分之24。中期息維持每股17港仙。收入減少百分之1，至18.3億美元。"
6915156dc17f94bd5844b233,天氣｜本港早上各區氣溫普遍約19、20度 天文台料下周三最低僅15度,2025-11-13 07:30,2025-11-13 07:45,local,tvb,https://news.tvb.com/tc/local/6915156dc17f94bd5844b233,"本港早上各區氣溫普遍約19、20度。天文台預料下周天氣顯著轉涼，下周三最低只有15度。

天文台署理高級科學主任蔡子淳表示︰「預計一股強烈東北季候風補充，於下星期初抵達華南沿岸，將北面較為凍的空氣、即地圖上藍色部分，帶到香港附近。除氣溫會顯著下降之外，同時亦看到屆時一些等壓線變得相當緊密，代表風勢亦比較大一點。天文台展望未來兩、三日部分時間有陽光及乾躁。到下星期初，日間天氣仍然溫暖；但要留意，到星期二、三，天氣會顯著轉涼，而且屆時風勢亦頗大。」"
69150cf0c17f94bd58446ca9,裕元集團首三季純利倒退近一成六,2025-11-13 07:18,2025-11-13 07:30,finance,tvb,https://news.tvb.com/tc/finance/69150cf0c17f94bd58446ca9,"裕元集團首三季純利倒退近一成六，至2.7億美元。期內收入減少不足百分之1。

集團指第四季為傳統旺季，出貨量有望按季提升。但關稅、通脹及宏觀經濟不確定性，導致消費者信心放緩。而地域衝突影響航運及原材料供應穩定性，短期經營環境難免有波動。"
69150cd5c17f94bd58446c5d,澳博控股上季按年少賺九成一,2025-11-13 07:18,2025-11-13 07:30,finance,tvb,https://news.tvb.com/tc/finance/69150cd5c17f94bd58446c5d,"澳博控股上季按年少賺九成一，至900萬元。期內經調整經營現金溢利、即是EBITDA，減少一成半，至8.8億元。

收入70.3億元，下跌百分之6.2。"
69150cc6c17f94bd58446c34,開拓藥業向現有股東配售逾3048萬股新股 集資近5000萬元,2025-11-13 07:16,2025-11-13 07:30,finance,tvb,https://news.tvb.com/tc/finance/69150cc6c17f94bd58446c34,"開拓藥業向現有股東、中新蘇州工業園區創業投資，配售超過3,048萬股新股，集資近5,000萬元。

配售股數佔公司已擴大發行股本百分之6.1，每股配售價1.64元，較上日收市價折讓一成半。

交易完成後，中新蘇州持有公司股權將由不足百分之4，增至近一成。而集資所得將用作一般營運資金及治療脫髮藥的三期臨床試驗。"
69150cafc17f94bd58446bf2,傳音控股擬在港上市,2025-11-13 07:16,2025-11-13 07:45,finance,tvb,https://news.tvb.com/tc/finance/69150cafc17f94bd58446bf2,"有「非洲手機之王」之稱的傳音控股計劃在香港上市。

傳音控股公布董事會通過發行H股，在香港上市的議案。早前有報道指傳音控股在港上市，計劃集資約10億美元、相當於約78億港元。

集團2019年在上海交易所上市，現時市值約750億元人民幣。去年在非洲市場，手機出貨量排名第一。"
6914db23c17f94bd5842f4d4,社評｜經濟：中西共處成範例／信報：中國可望主導全球減排,2025-11-13 06:58,2025-11-13 07:15,local,tvb,https://news.tvb.com/tc/local/6914db23c17f94bd5842f4d4,"經濟日報社評︰正當中國與歐盟關係日趨緊張之際，西班牙國王費利佩六世率高規格政商代表團國事訪問中國，藉此向歐盟其他成員國示範，應尋求獨立自主外交，與華友好和務實合作，會帶來更多機遇。

正因為西班牙選擇多邊主義道路，以務實姿態與華加強合作，讓經濟跑贏歐元區，社會日趨穩定，凸顯西班牙遠離零
和對抗，推動互利共贏的獨立自主外交路線是走對的。

信報社評︰第三十屆聯合國氣候變化大會周一在巴西貝倫揭幕……然而，溫室氣體排
放量全球第二的美國缺席。中國代表團向大會秘書處提交二〇三五年「國家自主貢獻」的目標。作為世界第二大經濟體、亦是綠色能源科技的領先者，單計太陽能光伏發電模組的生產量已是無出其右。中國能否填補美國的空缺，主導全球減排行動，自然成為國際關注焦點。

只要「全球南方」國家足夠重視能源轉型以發展經濟，並且需要中國提供技術支援，那麼中國日後成為應對氣候變化的「規則制定者」不是妙想天開。"
69150ab2c17f94bd58445b0a,Anthropic擬投資500億美元建AI基礎設施,2025-11-13 06:46,2025-11-13 07:15,finance,tvb,https://news.tvb.com/tc/finance/69150ab2c17f94bd58445b0a,"AI人工智能軟件開發商Anthropic計劃投資500億美元，建設AI基礎設施。

公司將會夥拍AI雲平台公司Fluidstack合作建造，首階段在得克薩斯州及紐約州建造專用數據中心，以支持公司業務快速增及長期研究計劃。有關項目預計能創造800個永久職位，以及超過2,000個建造業職位。"
69150acdc17f94bd58445c67,聯儲局理事米蘭︰目前美國貨幣政策過於緊縮 再籲減息,2025-11-13 06:46,2025-11-13 07:15,finance,tvb,https://news.tvb.com/tc/finance/69150acdc17f94bd58445c67,"聯邦儲備局理事米蘭表示，目前的貨幣政策過於緊縮，再次呼籲減息。

米蘭預計美國通脹將回落，認為必須將貨幣政策調整到位，擺脫過於緊縮的狀態，從而消除部分經濟下行風險。並且表示，考慮停止聯儲局向商業貸款機構支付準備金利息是不切實際。認為首先要考慮如何改進銀行的監管框架，令聯儲局的資產負債表規模能夠縮小。

至於亞特蘭大聯邦儲備銀行行長博斯蒂克傾向維持利率不變，直至有明確證據顯示，通脹正回落到百分之2的目標水平。"
69150abec17f94bd58445ba5,豐田將斥資139億美元 在美建首間電池廠,2025-11-13 06:46,2025-11-13 07:15,finance,tvb,https://news.tvb.com/tc/finance/69150abec17f94bd58445ba5,"日本車廠豐田將斥資139億美元，在美國建立當地的首間電池廠房。並承諾未來五年，在當地追加100億美元投資。至於投資細節則未有公布。

公司北美洲行政總裁小川哲男形容，這是公司歷史上的關鍵時刻。據悉，建廠計劃最初於2021年12月公布，之後純電動車市場環境轉差，油電混能車需求則持續增加，對早已發展混能技術的豐田有利。公司今年第三季度在美國混能車銷售市佔率，超過五成一。"
69150af3c17f94bd584460e5,加拿大央行會議紀要顯示減息周期或近完結,2025-11-13 06:46,2025-11-13 07:15,finance,tvb,https://news.tvb.com/tc/finance/69150af3c17f94bd584460e5,"加拿大央行的會議紀要顯示，減息周期或接近完結。

央行表示，由於供應持續過剩、勞動市場疲弱，預期下半年經濟增長乏力，估計通脹保持在百分之2的目標水平附近。官員明確表示，減息政策可能接近極限。另外《路透》報道，加拿大央行行長麥克勒姆表示，若經濟疲弱，會做好準備應對。

央行在十月的貨幣政策會議減息四分之一厘，是連續兩次減息。指標利率降至2.25厘。"
69150aa6c17f94bd58445a7b,思科首季業績好過預期 料第二季度收入高達152億美元,2025-11-13 06:45,2025-11-13 07:15,finance,tvb,https://news.tvb.com/tc/finance/69150aa6c17f94bd58445a7b,"思科截至10月25日止季度業績好過市場預期，純利超過28億美元，按年增長逾半成。經調整每股盈利1美元，較預期多2美仙。

收入近149億美元，較預期多逾1億美元，增長百分之7，連續第四個季度錄得增長。

預期第二季度收入最高可達152億美元，全年度最高達610億美元。第二季度經調整每股盈利最高見1.03美元，全年度最高達4.14美元。"
6914db1ac17f94bd5842f4a9,社評｜AM730：外賣平台自調節／文匯：整合股債交易系統,2025-11-13 06:28,2025-11-13 06:45,local,tvb,https://news.tvb.com/tc/local/6914db1ac17f94bd5842f4a9,"AM730社評︰競爭事務委員會近日與外賣平台Keeta達成協議，要求其修改與合作餐廳的獨家條款，理由是Keeta「相當可能具有一定程度的市場權勢」……競委會此舉，表面上是為了維護市場競爭，但其對「市場權勢」的定義含糊，干預自由市場運作，恐將阻礙香港作為內地民企走向世界門戶的吸引力。

自由市場的核心在於在商言商，過度的主觀介入和強制修改合約，可能扼殺新營商模式的出現，最終剝奪了消費者體驗更優惠、更創新服務的機會。

文匯報社評︰港交所與金管局旗下迅清結算控股昨日正式簽署戰略合作協議，港交所以最多四億五千五百萬港元認購其兩成股權，標誌著香港金融基建邁出歷史性一步。

這宗策略投資，是金融底層架構升級的關鍵舉措，將徹底打通長期割裂的債券與股票託管體系，為香港打造亞洲領先的跨資產結算平台奠定基礎，亦為人民幣國際化與國際資金配置中
國資產鋪設一條高效、安全、低成本的「超級跑道」。"
691503b7c17f94bd58442a8d,美國白宮官員︰由於政府停擺關係 十月經濟數據或不公布,2025-11-13 06:17,2025-11-13 06:45,finance,tvb,https://news.tvb.com/tc/finance/691503b7c17f94bd58442a8d,"美國白宮官員表示由於政府停擺關係，十月的經濟數據或不會公布。

白宮發言人萊維持表示，民主黨人可能已經對聯邦統計系統造成永久性破壞，令十月的消費物價指數及就業報告可能永遠不會公布，並令到聯邦儲備局官員在關鍵時刻期如同盲子摸象。

她更指，美國第四季度經濟增長可能下跌多達兩個百分點。"
69150881c17f94bd58444978,騰訊音樂第三季多賺三成六,2025-11-13 06:17,2025-11-13 06:45,finance,tvb,https://news.tvb.com/tc/finance/69150881c17f94bd58444978,"騰訊音樂第三季多賺三成六，純利21.5億元人民幣。經調整純利24億元人民幣，按年增長三成二。

收入84.6億元人民幣，上升逾兩成。"
691503c7c17f94bd58442aed,新秀麗第三季純利按年升一成一,2025-11-13 06:17,2025-11-13 06:45,finance,tvb,https://news.tvb.com/tc/finance/691503c7c17f94bd58442aed,"新秀麗第三季純利按年上升一成一，至7,350萬美元。經調整利潤則下跌兩成，至6,360萬美元。

期內，收入微跌至8.7億美元。毛利率則微升至百分之59.6。"
6914db7dc17f94bd5842f611,金價造好 現貨金價升至4200美元一盎司,2025-11-13 06:16,2025-11-13 06:30,finance,tvb,https://news.tvb.com/tc/finance/6914db7dc17f94bd5842f611,"美國政府停擺有望短期內結束或重新公布經濟數據，提振市場對聯邦儲備局減息的預期，金價造好。現貨金價升至4,200美元一盎司。

至於紐約期金收市報4213.6美元一盎司，升97.3美元，升幅百分之2.3。"
6914db6fc17f94bd5842f5ea,港股美國預託證券與本港收市比較 造價個別發展,2025-11-13 06:16,2025-11-13 06:30,finance,tvb,https://news.tvb.com/tc/finance/6914db6fc17f94bd5842f5ea,"在美國買賣的港股預託證券與本港收市比較，造價個別發展。

滙豐控股收市折合114.23元，比本港收市高0.73元。工商銀行6.58元，與本港收市價相同。建設銀行8.4元，與本港收市價相同。友邦保險84.18元，高8仙。港交所438.31元，高0.91元。

騰訊控股652.81元，低4.19元。阿里巴巴153.4元，低3.4元。理想汽車77.83元，低2.02元。金沙中國21.34元，低4仙。長和55.02元，低0.23元。"
6914db87c17f94bd5842f63c,原油期貨價格跌3至4%,2025-11-13 06:16,2025-11-13 06:30,finance,tvb,https://news.tvb.com/tc/finance/6914db87c17f94bd5842f63c,"原油需求預測減少，原油期貨價格跌百分之3至4。

紐約期油收市報58.49美元一桶，跌2.55美元，跌幅近百分之4.2。倫敦期油收市報62.71美元一桶，跌2.45美元，跌幅百分之3.7。

石油輸出國組織原本預期明年原油供應將出現短缺，但新發表報告則認為，明年供需大致平衡，因為產油國增產。根據《路透》的計算，油組及盟友預期明年原油需求4,300萬桶，則全球市場將出現每日2萬桶的小量供應過剩。"
6914db5cc17f94bd5842f5bf,美股個別發展 道指再創新高,2025-11-13 06:15,2025-11-13 06:45,finance,tvb,https://news.tvb.com/tc/finance/6914db5cc17f94bd5842f5bf,"美股三項主要指數個別發展，當中道瓊斯工業平均指數再創新高。

道指收市報48,254點，升326點。標準普爾500指數收市報6,850點，升4點。

美國政府停擺最快周內結束，資金流入傳統股份，道指再創新高，甫開市已升穿48,000點，開高87點，並在早市創全日高位兼歷史新高，最多升503點。之後在高位橫行，收市升326點，是首次收高於48,000點。標普500指數受科技股拖累，開高21點後全日走勢反覆，一度倒跌近17點，收市升4點。

銀行股走勢強勁，尤其高盛升超過百分之3，是升幅第二大道指成分股。摩根大通就升百分之1。

科技股以AMD走勢較強，公司日前舉辦投資者日預期未來收入增長強勁，升百分之9收市。軟件商Palantir跌超過百分之3。

人工智能概念股再被拋售，納斯達克指數先升後跌，收市報23,406點，跌61點。反映中國概念股表現的納斯達克中國金龍指數收市報8,112點，跌120點。"
6914b636c17f94bd5841b7c0,道指收市報48254點 升326點,2025-11-13 05:00,2025-11-13 05:45,finance,tvb,https://news.tvb.com/tc/finance/6914b636c17f94bd5841b7c0,"道瓊斯工業平均指數收報48,254點，升326點。

標準普爾五百指數收報6,850點，升4點。"
6914e74dc17f94bd58435700,青衣長發邨有男子被斬傷清醒送院 疑犯被捕,2025-11-13 04:00,2025-11-13 04:30,local,tvb,https://news.tvb.com/tc/local/6914e74dc17f94bd58435700,"青衣長發邨發生傷人案，一名男子被斬傷，清醒送院，疑犯被捕。

30多歲男傷者，耳背及手部傷輕，送院治理。約40歲疑犯亦報稱受傷，清醒送院。

案發在長發廣場對開行人路。警方指，凌晨一時許有人持刀襲擊另一名男子。警方到場將施擊者制服，調查事故原因。"
6914d6b1c17f94bd5842d153,全運會｜羽毛球：港隊男團首場名次賽落敗,2025-11-13 03:00,2025-11-13 03:45,local,tvb,https://news.tvb.com/tc/local/6914d6b1c17f94bd5842d153,"全運羽毛球，港隊男團在首場名次賽落敗。

羽毛球5-8名次賽，港隊首場對上海。吳英倫先在男單勝出，之後洪魁駿、呂俊瑋雙打領先下倒輸。背向鏡頭的伍家朗，第三場單打對伍旌懿。

港隊男團透過附加賽晉級分組賽，結果取得三勝兩負。無緣四強後，伍家朗發文指很可能是自己最後一次出戰全運，很希望與隊友一起上頒獎台，但最終遺憾出局，心情跌落谷底。

世界排名最高曾登上第四的伍家朗頂著對方扣殺，但之後打出界，今場輸15-21及13-21。面向鏡頭的李晉熙、楊盛才之後雙打亦輸18-21及15-21。

港隊大分輸1-3，下場會對北京爭第七。"
6914c19cc17f94bd584216db,全運會｜女子200米自由泳決賽何詩蓓衝擊金牌,2025-11-13 02:16,2025-11-13 03:00,local,tvb,https://news.tvb.com/tc/local/6914c19cc17f94bd584216db,"全運場地單車賽，今日在將軍澳單車館展開，香港男、女子隊主場出擊。

七人欖球第二日賽事，港隊男子隊力爭小組三連勝。

晚上舉行的女子200米自由泳決賽，香港「女飛魚」何詩蓓衝擊金牌。"
6914c163c17f94bd584214be,大埔公路沙田嶺段三車相撞 四男兩女輕傷送院治理,2025-11-13 01:47,2025-11-13 02:15,local,tvb,https://news.tvb.com/tc/local/6914c163c17f94bd584214be,"大圍三車相撞，其中兩車司機一度被困，四男兩女輕傷送院治理。

現場是大埔公路沙田嶺段，一輛的士越過雙白線和私家車迎頭相撞，停在路邊。的士車頭嚴重損毀。警方在車內搜證，私家車司機位的安全氣墊撞至彈出。

事發在昨晚約八點半，現場消息指，一輛的士往大圍方向行駛期間懷疑失控撞向對面線，一輛出九龍方向的私家車、另一輛私家車也懷疑收掣不及。其中兩車司機一度被困，由消防救出，六人輕傷，清醒送往威爾斯醫院治理。"
6914c144c17f94bd5842135c,紅磡有貨車撞毀棚架 女途人輕傷送院,2025-11-13 01:46,2025-11-13 02:15,local,tvb,https://news.tvb.com/tc/local/6914c144c17f94bd5842135c,"紅磡有一架貨車撞毀棚架，一名女途人輕傷送院。

警方指涉事貨車在昨晚十一時許，沿船景街向紅磡道行駛，期間車頭撞向假天花，導致一幅十米乘四米棚架塌下，壓著貨車車頭。

56歲貨車男司機沒有受傷，協助警方調查。一名59歲女途人額頭擦傷，送往伊利沙伯醫院治理。"
6914b627c17f94bd5841b725,歐洲主要股市上升,2025-11-13 01:00,2025-11-13 04:00,finance,tvb,https://news.tvb.com/tc/finance/6914b627c17f94bd5841b725,"倫敦富時100指數收報9,911點，升11點。

巴黎CAC 40指數收報8,241點，升85點。

德國DAX指數收報24,381點，升293點。"
690b02e7834c0cab720badbe,立法會選舉｜選委會界別候選人提名名單,2025-11-13 00:00,2025-11-13 02:30,local,tvb,https://news.tvb.com/tc/local/690b02e7834c0cab720badbe,"．姚柏良
．李家駒
．文頴怡
．伍婉婷
．吳傑莊
．伍煥杰
．劉智鵬（教聯）
．鄧銘心
．樓家強
．范凱傑
．蘇紹聰
．洪錦鉉（民建聯）
．柯家洋
．何俊賢（民建聯、新社聯）
．管浩鳴
．吳英鵬
．招國偉
．郭志華
．黃錦輝
．陳永光（民建聯）
．李鎮強（自由黨）
．何君堯
．馮英倫
．林筱魯
．陳恒鑌（民建聯、新社聯）
．曾志文（工聯會）
．劉振江
．馬光如（工聯會）
．何敬康（新民黨）
．魏明德
．陳少波
．范駿華
．陳宗彝
．陳凱欣
．梁子穎（工聯會）
．葛珮帆（民建聯）
．朱立威（民建聯）
．陳紹雄
．林琳（民建聯）
．鄧咏駿
．莊家彬
．李浩然
．林振昇（勞聯）
．黃國（工聯會）
．黃錦良（教聯）
．簡慧敏
．梁美芬（經民聯、西九新動力）
．陳曼琪
．陳祖光
．陳仲尼（民建聯）"
690b02fe834c0cab720bade6,立法會選舉｜功能界別候選人提名名單,2025-11-13 00:00,2025-11-13 02:30,local,tvb,https://news.tvb.com/tc/local/690b02fe834c0cab720bade6,"鄉議局
．劉啟康
．劉業強（經民聯）

漁農界
．陳博智（民建聯）
．楊上進

保險界
．陳沛良
．林溢東

航運交通界
．馮佳培
．林銘鋒

教育界
．張澤松
．鄧飛

法律界
．李頴彰
．陳曉峰（自由黨）

會計界
．吳錦華
．黃俊碩（民建聯）

醫療衞生界
．林哲玄
．梁禮賢

工程界
．霍偉棟
．卜國明（經民聯）

建築、測量、都市規劃及園境界
．劉文君
．林家輝

勞工界
．蘇栢燦（工聯會）
．周小松（勞聯）
．譚金蓮（香港安全督導員協會）
．李廣宇（工聯會）
．林偉江（工聯會）

社會福利界
．方富輝
．朱麗玲（民建聯）
．陳文宜

地產及建造界
．黃浩明
．趙式浩（經民聯）

旅遊界
．江旻憓
．馬軼超

商界（第一）
．李家聰
．林偉全（經民聯）

商界（第二）
．姚祖輝
．王紹基

商界（第三）
．嚴剛
．張琪騰（民建聯）

工業界（第一）
．黃永威（經民聯）
．許文俊（經民聯）

工業界（第二）
．吳永嘉（經民聯）
．王偉樑

金融界
．葉子建
．陳振英

金融服務界
．李惟宏
．連少冬

體育、演藝、文化及出版界
．霍啟剛
．羅光萍

進出口界
．鍾奇峰
．李淑媛

紡織及製衣界
．陳祖恒（經民聯）
．蕭勁樺

批發及零售界
．謝邱安儀
．邵家輝（自由黨）

科技創新界
．麥騫譽
．邱達根

飲食界
．江志恒
．梁進（自由黨）

香港特別行政區全國人大代表、香港特別行政區全國政協委員及有關全國性團體代表界
．黎達成
．陳勇（民建聯、新社聯）"
690b02ce834c0cab720bad51,立法會選舉｜地方選區候選人提名名單,2025-11-13 00:00,2025-11-13 02:30,local,tvb,https://news.tvb.com/tc/local/690b02ce834c0cab720bad51,"香港島東
．吳秋北（工聯會）
．植潔鈴（民建聯）
．郭浩景（新民黨）
．阮建中（自由黨）
．李清霞（民建聯）

香港島西
．楊哲安（自由黨）
．陳家珮（新民黨）
．黃秋萍
．陳學鋒（民建聯）
．郭偉强（工聯會）

九龍東
．鄧家彪（工聯會）
．張培剛（民建聯）
．顏汶羽（民建聯）
．陳進雄
．梁思韻

九龍西
．關煒曦
．劉愛詩
．梁文廣（西九新動力）
．龐朝輝（經民聯）
．鄭泳舜（民建聯）

九龍中
．李超宇（經民聯）
．楊諾軒
．楊永杰
．李慧琼（民建聯）
．丘燿誠（工聯會）
．譚莉儀

新界東南
．葉傲冬（民建聯）
．李貞儀（工聯會）
．方國珊（專業動力）
．張美雄
．陳志豪（新民黨）

新界北
．譚鎮國（新社聯）
．曾勁聰（工聯會）
．沈豪傑
．廖子聰（新民黨）
．姚銘（民建聯）

新界西北
．周浩鼎（民建聯）
．莊豪鋒（實政圓桌）
．梁明堅
．甘文鋒（新民黨）
．陸頌雄（工聯會）

新界西南
．盧婉婷（民建聯）
．郭芙蓉（民建聯）
．陳穎欣（工聯會）
．張文嘉（新民黨）
．莫綺琪（經民聯）

新界東北
．陳克勤（民建聯、新社聯）
．李梓敬（新民黨、公民力量）
．黃頴灝
．古偉冰（工聯會）
．鄧肇峰（經民聯）"
69146a56c17f94bd583f2756,港鐵更改九龍灣站出口指示牌淘大居民批無諮詢 議員倡用科技增顯示資訊,2025-11-12 23:47,2025-11-13 02:30,local,tvb,https://news.tvb.com/tc/local/69146a56c17f94bd583f2756,"再有港鐵站更改出口指示牌後引起爭議，九龍灣站「淘大花園」出口，去年七月已變成「東九文化中心」，淘大居民批評無諮詢。

位於牛頭角道的東九文化中心，上周一正式啟用，是九龍灣新地標。附近的巴士站牌都增加中心的標示。而港鐵九龍灣站，B出口的指示牌，亦由原來私人屋苑淘大花園改東九文化中心。

陳先生說：「不應該有新名字，就改掉舊時名字，其實仍然存在為何要改掉？」

潘女士稱：「我覺得淘大花園好些，但東九都是習慣可以，是新地標，會否可以兩個都可以擺在一起？」

入伙四十幾年的淘大花園有近5千戶，業委會表示，B出口指示牌多年來都顯示淘大花園，批評換牌前無事先諮詢，促請更正。

淘大花園業委會(第二期)主席葉興國表示：「他們每天回來都見到，淘大花園的指示牌，突然改了其他東西，好像你家中門牌被改，他們覺得很無言，是否去錯地方。」

有立法會議員指，車站出口指示牌一向以地標為主，分支出口才會詳細列出鄰近地點，港鐵可以利用科技增加顯示的資訊。

香港新方向新界北議員張欣宇指出：「我們將燈箱變成LED、LCD屏幕，其實信息可以是動態或滾動式顯示。最關鍵原則都要清晰，原則應是列明地標，始終不能列出一個出口覆蓋所有的建築物。」

港鐵指會不時檢視車站內的標示及資訊，以反映車站周邊的發展，並為乘客提供清晰指引及附近地標等資訊。"
6914bb8ac17f94bd5841e68b,據報京東工業擬下月招股 集資約47億港元,2025-11-12 23:46,2025-11-13 01:00,finance,tvb,https://news.tvb.com/tc/finance/6914bb8ac17f94bd5841e68b,"據報京東工業計劃下月招股，集資約47億港元。

京東集團計劃分拆旗下的京東工業在本港上市。

外電報道，將於十二月招股，集資最多6億美元，相當於約47億港元，低過之前傳聞的10億美元。

京東工業是內地工業供應鏈服務商，已獲中證監批准境外上市備案，備案通知書披露，公司計劃發行不超過2.53億股普通股。"
6914aba6c17f94bd58415de2,道指早段破頂 一開市突破48000點關口,2025-11-12 23:45,2025-11-13 01:00,finance,tvb,https://news.tvb.com/tc/finance/6914aba6c17f94bd58415de2,"美股三大指數高開後個別發展。上日創收市新高的道瓊斯工業平均指數早段破頂，一開市就突破48,000點關口。

納斯達克指數高開後，掉頭回軟。科技股個別發展，AMD業務指引好過預期，股價早段升百分之8。藥廠禮來升穿1,000美元關口，見一年高位。

Tesla特斯拉和蘋果公司，早段則下跌約百分之1。穩定幣發行商CIRCLE，上季多賺2倍，股價不升反跌約百分之8，跌穿90美元水平。

騰訊音樂公布上季業績後，在美國股價下跌約一成。"
6914a973c17f94bd58414b24,印度裔港人成立慈善機構關注少數族裔權益 提供一對一心理輔導,2025-11-12 23:36,2025-11-13 01:45,local,tvb,https://news.tvb.com/tc/local/6914a973c17f94bd58414b24,"有印度裔港人成立慈善機構關注少數族裔權益，為他們提供不同支援，更有一對一心理輔導。

印度裔的馬夏邐在香港土生土長，明白少數族裔所面對的困難，因為一個契機成立慈善機構，為少數族裔提供支援。

小彬紀念基金會創辦人馬夏邐說：「小彬紀念基金會，以我在2009年離世的兒子命名。我們的目標是改善香港低收入少數族裔人士的生活。」

根據政府統計處2021年數據，香港的少數族裔有近62萬人，佔總人口百分之8.4。機構關注婦女問題設立求助熱線，2018年成立至今，已經收到近6千個電話。亦提供大學獎學金、就業實習和培訓等。更有以尼泊爾語、印地語等進行的一對一心理輔導。

馬夏邐稱：「如果沒有一個能理解少數族裔文化，又能說他們語言的人，很難提供治療。」

勞工及福利局局長孫玉菡指出：「機構對於喚醒社會對於少數族裔的需要、渴望，面對的難處，扮演很重要角色。期待未來十年，能與機構繼續合作，為也是香港一分子的少數族裔解決他們的問題，更好發揮他們的才能。」

機構在2015年成立，每年服務約一萬名少數族裔人士。"
6914a954c17f94bd58414a56,全運會｜乒乓：黃鎮廷十六強激戰七局不敵王楚欽,2025-11-12 23:35,2025-11-13 01:45,local,tvb,https://news.tvb.com/tc/local/6914a954c17f94bd58414a56,"全運乒乓男單，港隊的黃鎮廷與北京代表王楚欽，打足七局下落敗，十六強止步。

賽事在澳門銀河綜藝館舉行，紅衫、港隊的黃鎮廷，對上五次面對王楚欽都落敗，王楚欽開賽先贏兩分，迅速拉開比分，先贏11-5。不過黃鎮廷第二局回勇，早段連取4分，大部分時間領先下，贏回11-9。

今場形勢緊湊，王楚欽早段不少大意失誤，對拉場面，亦是黃鎮廷更勝一籌。早前在混雙出局，34歲的黃鎮廷賽前說，首要目標是先贏到兩局，雖然這球回板太急，亦有失誤，但9平手後，黃鎮廷連贏2分，再贏11-9，局數領先2-1。

黃鎮廷的勾手發球，早段拿到不少優勢，王楚欽很快找到破解方法，加上第四局狀態回來，連得6分拉開，他連贏兩局11-5，大分反超前。

即使落後，黃鎮廷都要笑著面對，第六局早段劣勢，落後過3-8，堅持一分一分追，連得7分反超，贏11-9，首次與王楚欽打足七局。

世界第一的王楚欽決勝局失誤較少，連得4分拉開，結果再贏11-5，苦戰七局晉級，黃鎮廷輸局數3-4，八強止步。"
6914a47cc17f94bd584119ec,立法會選舉｜多名官員與業界會面籲踴躍投票 有學校調整內地交流團行程,2025-11-12 23:15,2025-11-13 00:00,local,tvb,https://news.tvb.com/tc/local/6914a47cc17f94bd584119ec,"立法會選舉下月七日投票，多名官員與業界會面，呼籲踴躍投票。有學校更調整內地交流團行程，以便隨團人員留港投票。

年底是學校交流團高峰期，但適逢立法會選舉下月舉行，部分學校將調整行程，方便隨團人員投票。

教育局回覆查詢時指，參與內地交流計劃的學校，是在不影響學生學習福祉的前提下調整行程，讓隨團人員投票，行使公民權利和履行公民責任，屬校本決定。

局方重申，學校原本獲批的交流路線，及名額維持不變，不存在「煞停」，學生交流考察的學習機會不受影響。而承辦交流團機構，會按實際情況作出適切配合，如涉及費用亦會按合約條款處理。

多名官員則繼續呼籲踴躍投票。

政務司司長陳國基，及公務員事務局局長楊何蓓茵，到金鐘道政府合署多個樓層，呼籲不同部門的同事投票。

另外也與公務員團體代表會面，籌劃下一步推動公務員，支持立法會選舉投票工作。

律政司司長林定國出席政府律師協會舉辦的，選舉座談會暨法律界功能組別選舉候選人分享會。

他表示，新選舉辦法是落實「愛國者治港」原則的重要環節，香港市民應積極參與，增強中央對「港人治港」的信心，和有利推動「一國兩制」行穩致遠。 

運輸及物流局局長陳美寶，就與航運交通界選委茶敘。又指局方已成立「立法會換屆選舉專班」，集結業界力量，選出具視野、做實事的議會代表，推動交通運輸業界高質量發展。"
6914a11cc17f94bd58410612,全運會｜李家超會晤巴赫 指全力支持港協暨奧委會明年在港會議,2025-11-12 23:00,2025-11-13 01:30,local,tvb,https://news.tvb.com/tc/local/6914a11cc17f94bd58410612,"國際奧委會終身名譽主席巴赫訪港，到啟德體育園觀賞全運七人欖球賽事。他認為粵港澳大灣區有條件聯合申辦奧運。

啟德主場館周三開始，展開七欖賽事，國際奧委會終身名譽主席巴赫，周日在廣州出席全運會開幕式後，訪問香港，在港協暨奧委會會長霍震霆等人陪同下觀賽。被問到粵港澳大灣區是否有條件聯合申辦奧運會，巴赫這樣回答。

國際奧委會終身名譽主席巴赫說：「去爭取（申請奧運）吧，大灣區有多個世界級體育設施，有熱愛體育的民眾及各項必備條件。全運會有助建立更強的代表隊，繼續努力，終可圓夢。」

目前2032年夏季奧運，已經確定在澳洲布里斯班舉行，至於2036年那一屆，有意申辦的城市預計會在2027年提交申請，國際奧委會將在2029年決定主辦城市。

行政長官李家超亦與巴赫會面，歡迎他來港觀賽，又指此次全運會首次由粵港澳三地共同承辦，對香港意義重大，既能推廣本地體育發展，彰顯香港籌辦大型綜合體育賽事的能力，同時亦凸顯大灣區城市及地區攜手合作帶來的協同效應。

他指特區政府致力為全球體育發展作出更大貢獻，將全力支持港協暨奧委會，明年十二月在香港舉辦2026年國家和地區奧委會協會全體代表大會，有信心為與會者帶來結合體育、會議與旅遊的獨特體驗。"
69149cfcc17f94bd5840da6f,美國抵押貸款申請回升,2025-11-12 22:43,2025-11-12 23:30,finance,tvb,https://news.tvb.com/tc/finance/69149cfcc17f94bd5840da6f,"美國抵押貸款申請回升。

美國截至11月7日的一周，抵押貸款申請按周升百分之0.6，扭轉前一周下跌百分之1.9的情況。

至於30年期固定抵押貸款利率，連升兩周，升至6.34厘，較前一周高3點子。"
69149cf2c17f94bd5840d9bf,據報瑞幸擬重新在美國上市,2025-11-12 22:42,2025-11-12 23:30,finance,tvb,https://news.tvb.com/tc/finance/69149cf2c17f94bd5840d9bf,"據報內地連鎖咖啡店瑞幸，正準備重新在美國上市。

美國財經頻道《CNBC》報道，瑞幸咖啡首席執行官郭謹一表示，在廈門市政府的指導下，正在積極推動在美國主板上市的工作，但未透露重新上市的具體時間表。

公司當前首要任務是聚焦戰略執行，深耕業務運營與發展，並持續提升品牌影響力和競爭力。

報道稱，在大鉦資本的支持下，瑞幸已超越星巴克，成為中國最大的咖啡店。

瑞幸於2020年，因為被沽空機構指控涉嫌財務造假，最終承認虛報收入，同年在納斯達克退市，並支付1.8億美元和解費。"
69149ce7c17f94bd5840d95e,穩定幣發行商CIRCLE 第三季多賺2倍,2025-11-12 22:42,2025-11-12 23:30,finance,tvb,https://news.tvb.com/tc/finance/69149ce7c17f94bd5840d95e,"穩定幣發行商CIRCLE，第三季多賺2倍，持續經營業務利潤2.14億美元。

每股盈利64美仙，高過市場預期的20美仙。
  
期內，收入上升近六成六，至7.39億美元，高過市場預期的7億美元。

主要由於發行的穩定幣USDC流通量，按年增加逾1倍。"
69149a4ac17f94bd5840c4ed,時事多面睇｜常駐藝術演出要做到紐倫港齊名？ 業界：要媲美百老匯,2025-11-12 22:31,2025-11-13 01:00,local,tvb,https://news.tvb.com/tc/local/69149a4ac17f94bd5840c4ed,"政府提出培育好像紐約百老匯和倫敦西區的長期公演演藝作品。除了撥款資助，亦在新的政府場地透過租用條款鼓勵，但有業界和學者指出現時政策配套支持未必足夠。

霹靂舞運動員曾子驊最近密密「加操」，預備下周，在新開的東九文化中心演出，他經常在國際舞台亮相，但反而在香港表演場地演出的機會並不多。

霹靂舞運動員曾子驊說：「香港的租金比較貴，所以街舞的活動就比較少，可能就是某些商場辦活動時，就會有一些跳舞表演，我自己希望經過這次東九文化中心表演後，可以令更多不同的人，去關注街舞或跳舞。」

這個本地劇團三年前開始，租用地舖改建成演出基地，上演他們自創的音樂劇，至今已經上演了超過700場，今年他們就再擴充。

音樂劇製作人及導演陳恩碩指出：「在香港租場地向來都是困難，我們現在的製作，其實已經計劃到2028年初，現在在外面租場地有多少個場地，可以租到2028年初的空間，讓我們使用呢？」

政府提出培育代表香港的世界級演藝作品和國際文化品牌，支持長期公演。其中新的東九文化中心，其中有1,200個座位的劇院，會預留用作長期公演。

業界就指，以紐約百老匯劇目為例，長期公演製作費可達1,000萬美元，本港表演團體不會負擔得起。

國際演藝評論家協會(香港)總經理陳國慧稱：「香港本身觀眾量也有限，一些海外的戲劇區，或者是一些長期演出的作品，都不只是針對本土觀眾，可能遊客或者是非本地的觀眾，都會是令到這些長演的製作，可以可持續發展的很主要因素。」

中大文化管理碩士課程主任林國偉稱：「包括文化旅遊，或者是一個完整的旅遊配套或介入，這些可能都需要政府作為一個牽頭人，透過一些政策或政府的推動，讓商界可以了解到投資藝術是雙贏，包括商標的發展或其他收入的可能性。」

他期望政府亦協助有歷史和成績的藝團，找出專屬場地。

<a href=""https://news.tvb.com/tc/programme/closerlook/6914aae0c17f94bd5841521b"" target=""_blank"" rel=""""> 點擊觀看節目重溫</a>"
69149a3bc17f94bd5840c3e4,11歲男童感染甲型流感併發休克 當局指疫苗對變異病毒具保護作用,2025-11-12 22:31,2025-11-12 23:30,local,tvb,https://news.tvb.com/tc/local/69149a3bc17f94bd5840c3e4,"再多一宗兒童流感嚴重個案，涉及一名未接種流感疫苗的11歲男童。衞生防護中心指，本季使用的季節性流感疫苗，對基因突變的甲型流感病毒，亦具保護作用。

11歲男童過往健康良好，上周五開始發燒及咳嗽帶痰，周一覺得暈，於是到私家醫院求醫，目前留院治理，情況嚴重，臨床診斷為甲型流感併發休克。

中心指，他就讀於英基港島中學，九名同級同學近日出現流感病徵，七人經快速抗原檢測，證實對甲型流感呈陽性反應，全部病況輕微，不用入院。

中心又指，帶基因突變的甲型流感病毒株，近期在本港出現，今季使用的流感疫苗具保護作用，呼籲未接種季節性流感疫苗人士，盡快接種。"
6914969fc17f94bd5840a0ae,全運會｜跨境馬拉松周六舉行 深圳灣口岸凌晨2時至上午11時封閉,2025-11-12 22:15,2025-11-12 22:45,local,tvb,https://news.tvb.com/tc/local/6914969fc17f94bd5840a0ae,"全運會跨境馬拉松周六舉行，深圳灣口岸當日凌晨2時至上午11時封閉。

當局交代賽事安排，馬拉松起點及終點都在深圳，男、女子組分別於當日早上7時及7時半起步，經深圳灣口岸進入香港賽段，預計所有跑手在2小時內，完成香港賽段。

深圳灣口岸、深圳灣大橋、港深西部公路，當日凌晨2時至上午11時，禁止非賽事人員及車輛通行，不設公眾觀賽區。

至於周六、周日舉行的三項鐵人，在中環及灣仔一帶進行，部分路段即日已開始，分階段實施特別交通安排。"
6914936ec17f94bd5840911b,駐港公署辦四中全會精神宣介會 有外國人士指會透過香港開拓大灣區市場,2025-11-12 22:02,2025-11-12 22:30,local,tvb,https://news.tvb.com/tc/local/6914936ec17f94bd5840911b,"外交部駐港公署舉辦，中共二十屆四中全會精神專題宣介會。與會的外國駐港領事及商會代表指，會積極推動對華商貿合作，並透過香港開拓粵港澳大灣區市場。

中共二十屆四中全會上月召開，外交部駐港公署，舉辦四中全會精神專題宣介會。約50個國家和地區，60多位外國駐港領團，商會及媒體代表出席。

外交部駐港特派員崔建春介紹，四中全會最重要成果，是審議通過了「十五五」規劃建議，為中國未來五年經濟社會發展，作出頂層設計和戰略藍圖。

外交部駐港公署特派員崔建春說：「與中國合作就是與機遇同行，對中國有信心，就是對未來有信心，投資中國就是投資未來。」

「十五五」規劃建議亦提出，要促進香港、澳門長期繁榮穩定，支持港澳更好融入和服務國家發展大局。

以色列駐港總領事藍天銘表示：「我們在以色列來分析，這第十五個五年計劃，因為我們非常重視跟中國的合作，尤其是在農業、醫療，在技術和科技。全中國的市場，也可從香港開拓。」

南非駐港總領事莫宏飛指：「中國聚焦創新及數位經濟，能夠促進全球技術進步，為國際合作創造機會。」

新西蘭商會主席衛德雲認為：「香港可以利用其在金融服務，作為空港、海港，以及大學科研方面的優勢，為中國發展作出貢獻。」

有份出席宣介會的外國領事，及商會代表表示，會積極推動對華商貿合作，並透過香港開拓大灣區市場。"
691490b8c17f94bd584078e7,全運會直擊｜王楚欽苦戰七局擊敗黃鎮廷 晉級乒乓男單八強,2025-11-12 21:50,2025-11-12 22:30,local,tvb,https://news.tvb.com/tc/local/691490b8c17f94bd584078e7,全運會︱王楚欽苦戰七局，擊敗港隊的黃鎮廷，晉級乒乓男單八強。
69149895c17f94bd5840b454,八分鐘本地新聞重點｜斬傷海關關員疑兇被捕／李宏邦獲釋／流感病毒變異,2025-11-12 21:28,2025-11-13 01:30,local,tvb,https://news.tvb.com/tc/local/69149895c17f94bd5840b454,"【斬傷海關關員疑兇被捕】

海關關員上周在土瓜灣執勤期間遇襲，警方追查近一星期，今日在元朗拘捕38歲疑兇，警方又拘捕疑兇一個家人，涉嫌提供虛假資訊誤導警方。

被捕的38歲的男子黑布蒙頭，押解到西九龍總區警察總部調查，他涉嫌上周四在土瓜灣定安大廈，用菜刀斬傷緝毒的海關關員。西九龍總區探員調查後，相信疑兇先後到過西貢、洪水橋、元朗等地匿藏，根據線報，周三早上在元朗街頭捕獲他。

西九龍總區刑事部署理高級警司賈錦琳表示：「我們亦去過不同地點，包括他曾經藏身地點作出搜查，所以我們才能告訴大家，為何疑犯那麼多天以來不斷轉換地方。」

警方又押解疑兇到其住所搜查，檢獲五支仿製槍械、弩和長刀，以及四公斤懷疑海洛英，市值約180萬元，以傷人、販運危險藥物、管有仿製槍械等罪名拘捕他。

賈錦琳稱：「這些仿製槍械一般裝填彈珠，性能不大，我們看不到疑犯當天有意圖有機會使用。」

警方早前已拘捕三人涉嫌協助疑兇逃走，全部有黑社會背景，另外警方在查問疑犯家人時，懷疑有人提供誤導資訊，以誤導警方罪名拘捕多一名女子。

賈錦琳指出：「如果在調查期間，讓我們發現有任何意圖說謊，專門誤導我們，拖延和妨礙我們的調查，全部都會作出拘捕。」

案發是在上周四，七名海關關員在土瓜灣定安大廈緝毒期間，一名男子用菜刀斬傷兩人，另一名關員行動時受傷，兇徒其後從5樓爬窗逃走。


【李宏邦獲判無條件釋放】

93歲西醫李宏邦被控誤殺的案件，早前被裁定有作出誤殺罪中的行為，最終在高院「特殊聆訊」獲判無條件釋放。

被告李宏邦抵達高等法院聽取裁決。他2018年在尖沙咀美容中心，為52歲女子張淑玲注射肉毒桿菌時，因為混合使用多種藥物，導致對方死亡，被控嚴重疏忽而非法殺死病人。

高等法院陪審團今年9月，一致裁定患有阿茲海默症和重度認知障礙症等的被告，不適合答辯。不過，法庭上月舉行「特殊聆訊」，重新宣誓的陪審團，一致裁定李宏邦於案中有作出誤殺罪中的行為。

法官郭啟安判刑時表示，今次事故是不必要的死亡，被告在案發後，沒有即時向醫護人員透露向女事主使用過甚麼藥物，而被告與女事主是朋友，案中的做法是「背叛朋友」。

但考慮到被告年老及身體疾病，在家中可得到更好照顧，認為醫院令、監管治療或監管令都不適合，最終判處李宏邦無條件釋放。

在法官宣判後，李宏邦代表律師駱應淦發言，向死者家屬致以真誠道歉。李宏邦其後步出法院，登上私家車離開，全程未有回應記者提問。


【甲型流感病毒株變異】

本港仍處於流感高峰期，當中流行的甲型流感病毒株H3N2，有研究發現出現7處變異。有專家指可能增加傳播性，不過，注射疫苗仍然有效預防。

英國劍橋大學病原體進化中心發現，甲型流感病毒H3N2樣本出現7處變異。有本港專家認為，病毒變異可令傳播力更高。

中大呼吸系統科講座教授許樹昌表示︰「即100人感染，可傳染到120人，但今次H3N2有個抗原轉變，它的傳播性可以由100人傳至140人，傳播性高了，但嚴重程度未有增加。」

他指雖然病毒變異後與流感疫苗不太吻合，但接種疫苗仍然有效。

許樹昌稱︰「不等於疫苗是沒效的，因為流感疫苗亦可以減低死亡風險，以及減低入院機會，現時流感疫苗不單是針對H3N2，也是針對H1N1及乙型流感。」

另外，港大傳染病專家孔繁毅就估計，明年一至三月爆發H1N1流感的機會比較高。

港大內科學系講座教授及傳染病科主任孔繁毅指︰「2026年(爆發)H1機會多些，因為相隔比較長的時間，接近是一年的時間，可能H1會出現，因為社區整體的抗體相對較低，究竟(下年)夏季流感會推遲至八月底九月初，還是如常在六、七月開始，要視乎基因變異，以及社區抗體免疫情況。」

他又指，流感病毒出現變異是隨機性，認為毋須再區分冬季或夏季流感。


【下周轉涼】

天文台預料下周顯著轉涼，下周三最低只有15度。

乾燥的東北季候風正在影響廣東沿岸，下午大部分地區的相對濕度維持在百分之六十以下。並在未來數日為華南沿岸帶來大致良好的天氣，下周初日間溫暖。

不過一股強烈東北季候風補充，預料下周初抵達華南沿岸，下周二及三天氣顯著轉涼，風勢頗大及有一兩陣微雨。預測下周二最低氣溫降至16度，周三最低更只有15度。


【學校調整行程方便立法會選舉投票】

立法會選舉下月七日投票，有數間學校調整內地交流團行程，以便隨團人員留港投票。

教育局回覆查詢時指，參與內地交流計劃的學校，是在不影響學生學習福祉的前提下，調整行程讓隨團人員投票，行使公民權利和履行公民責任，屬校本決定。

局方重申，學校原本獲批的交流路線及名額維持不變，不存在「煞停」，學生交流考察的學習機會不受影響。會按實際情況作出適切配合，如涉及費用亦會按合約條款處理。


【Keeta同意修改與食肆協議】

網上外賣平台Keeta與食肆訂立的協議，被質疑削弱市場競爭。在競委會表達關注後，Keeta同意修改合約條文，避免妨礙其他平台進入市場。

內地美團旗下的網上外賣平台Keeta，前年五月進軍香港，與Deliveroo及Foodpanda鼎立，Deliveroo今年三月撤出香港，市場由餘下兩家瓜分。

但Keeta被指阻礙競爭。例如Keeta與餐廳訂立協議，包括獨家合作會收取較低的佣金，但餐廳之後若同時與其他平台合作，可能會受懲罰。

另外合作餐廳於其他銷售渠道，例如自家渠道或其他平台，定價亦不准低於Keeta。

競委會指，由於Keeta在市場，相當可能具一定程度的權勢，條文或會妨礙新成立或小型的平台，進入市場或擴張業務，令餐廳以至消費者，無法享受競爭所帶來的好處。

競委會表達關注後，Keeta同意修訂與餐廳的協議，同時向競委會作出有法律約束力的承諾，確保修訂確切執行。

有餐飲業界表示，現時兩大平台，每張單抽佣約三成半，希望競爭令收費下降。

稻苗飲食專業學會榮譽會長邱金榮指出：「目前我認為取消是有利的，令到我們商家更多選擇，起碼可以選擇不同平台，甚至引入更多的平台競爭，也可能是一件好事。像內地可能也不止兩三個平台，可能更多。」

競委會表示，相信外賣平台間競爭加強，最終消費者受惠，帶來更高水平服務，及更低廉的餐點價格。

Keeta回覆查詢時表示，是經過詳細討論，主動作出承諾。相信良性競爭有利行業可持續發展，將繼續致力深耕香港市場。"
6914819ec17f94bd583ff124,立法會選舉｜新界西北地方選區選舉論壇 候選人辯論鼓勵生育等議題,2025-11-12 20:46,2025-11-12 21:15,local,tvb,https://news.tvb.com/tc/local/6914819ec17f94bd583ff124,"立法會選舉新界西北地方選區，五名候選人在選舉論壇，辯論如何鼓勵生育，及解決屯門公路塞車等議題。

第四場政府選舉論壇，新界西北五名候選人，有競逐連任的民建聯周浩鼎，由選委會界別轉直選的工聯會陸頌雄，報稱從事社區發展的實政圓桌莊豪鋒。

還有兩名區議員，包括新民黨的甘文鋒，及報稱獨立無黨派的梁明堅。

在提問環節，「全男班」候選人被問到，如何可鼓勵生育。

立法會新界西北候選人周浩鼎說：「首先我們要守護香港的家庭價值，大家試想若沒有了一男一女婚姻制度，我們談生育率都會變成空中樓閣。」

立法會新界西北候選人莊豪鋒稱：「很多家長擔心自己生了小朋友，不懂得教他們，我們的召集人田北辰，六年前自資出過一套英文學習計劃書。」

立法會新界西北候選人梁明堅指：「如果33歲生小朋友，很大機會已在社會工作了逾十年，強積金戶口相信有六位數，有否空間讓他一次性提取部分。」

立法會新界西北候選人甘文鋒表示：「生多一個都沒有地方住，如何生？公屋輪候方面，可否就著超過生育三個或以上的小朋友，有專額先輪候。」

立法會新界西北候選人陸頌雄提出：「可以推動親子經濟，大家認為是嗎？現在為何酒樓會結業，因為就是少了一家大小，三代同堂去飲茶，擺滿月酒都沒人擺。」　　　

候選人亦辯論，如何解決新界西北的老問題，屯門公路塞車。

周浩鼎認為：「如根源去解決，就要等到屯門繞道，及11號幹線落成。更根源解決就是，我們要創造原區就業，短期你是否有辦法幫到手？」

莊豪鋒說：「就是政府馬上調低大欖隧道收費，是一般及非繁忙時間就免收費。因如此可讓元朗的車輛，走元朗大欖隧道，屯門的車輛走屯門公路。」

甘文鋒提問：「想問一問5號陸頌雄，你剛才講到你在立法會入了很多委員會，但似乎我們的屯門繞道，及11號幹線都遙遙無期。」

陸頌雄就回應：「其中一個難點在屯門近山那邊，(需要)有個通風大樓，當地居民其實有意見不想放在那裡。我們與很多部門協調，就希望解決這障礙。」

梁明堅表示：「牽涉到人口、道路設計，運輸規劃及跨區發展等因素，設立屯門公路快速應變小組，大型企業及學校協調錯峰上班。」

新界西北選區，包括屯門區和元朗區的東南部，即是元朗中心、豐年、十八鄉、屏山南等。"
69147c7bc17f94bd583fbdd6,全運會｜何詩蓓晉身女子200米自由泳決賽 孫楊被取消資格,2025-11-12 20:23,2025-11-12 23:30,local,tvb,https://news.tvb.com/tc/local/69147c7bc17f94bd583fbdd6,"全運游泳，孫楊在男子200米自由泳決賽被取消資格。港隊女將何詩蓓，就晉身決賽。

女子200米自由泳準決賽，何詩蓓排第五線，起步反應時間0.7秒，第八線隊友馬紫玲0.71，八位選手中最慢。

前50米五、六人平排，何詩蓓第三名轉池，之後升上第二，今次是她首戰全運，初賽後指要適應，這位亞洲紀錄保持者未有特別發力，一直跟隨旁邊第三線廣東的李家萍。

馬紫玲今場包尾，未能晉級，何詩蓓就游出1分56秒73，慢0.92秒，第二名觸池，總成績亦僅隨對方，次名入決賽。

全運游泳港隊代表何詩蓓表示：「我覺得(成績)挺不錯，我知道周四的決賽(時間)會再快點，我不想現在出盡全力，看看屆時可游得多快。」

男子50米蛙泳準決賽，港隊的麥世霆排第七線，初賽以總成績排第六晉級。今場游出27秒77，小組第六，總成績第八晉級。

這組第一的湖北代表閆子貝，時間26秒86，總成績第二，另一組的覃海洋首名。

男子200米自由泳決賽，孫楊比失落獎牌更加失落，留意最上方，偷步被取消資格，在400米得第六，今項以準決賽第八晉級，首次轉池，浙江隊友、第二線的潘展樂領先。

孫楊繼續游，之前憑接力有金牌，今場獎牌之爭沒他的事。第四線的張展碩100米後搶上，最後以1分44秒86，刷新全國青年紀錄，首先觸池，贏中國公安體育協會的季新杰1秒1，潘展樂第三。"
69147a15c17f94bd583fa3d8,兩岸四地‧圖輯｜澳門展出詠春、廣彩等灣區非遺項目 讓公眾感受傳統文化,2025-11-12 20:13,2025-11-12 21:00,local,tvb,https://news.tvb.com/tc/local/69147a15c17f94bd583fa3d8,"澳門近日舉辦大灣區非遺展覽，展出詠春、廣彩等超過50項灣區具代表性的非物質文化遺產項目，讓公眾感受三地非遺魅力。

這款叫《詠春行》的遊戲，將玩家化身做武館弟子，學習武術及中藥等傳統知識。當中場景及人物元素都是廣州美術學院團隊，歷時三至五年實地考察，從現實的武館及武術師傅那兒取材而成。團隊負責人稱，希望以遊戲形式令學生感受到傳統武術的魅力。

廣州美術學院副教授沈婷說：「學生他們很喜歡遊戲這種載體，玩遊戲的過程就好像我修練武術成功一點一點進步一樣，體驗到了這種武術文化的一種有趣的內涵。」

老一輩的非遺傳承人不少都是在同一領域深耕幾十年。製作「廣彩」，即是廣州彩繪瓷器超過40年的李溢坡表示，精細的作品製作需要時間打磨及沉澱。

澳門廣彩師傅李溢坡表示：「因為這些工作是浸出來，即是做得久才會越做越好，每日重複那些動作，所以才會越做越好。」

展覽匯聚了三地非遺項目，涵蓋粵劇、廣彩製作技藝、麻將牌製作技藝等的展品及介紹。同場亦舉行了澳門非遺新生代研培計劃的結業典禮。

專題展覽是首個以大灣區非遺作為主題的聯合巡迴展覽，去年10月香港是首站，今年初深圳接棒第二站，澳門是最後一站。展期由11月2日到明年3月15日。"
691471a3c17f94bd583f6304,天氣｜天文台料下周顯著轉涼  下周三最低氣溫僅15度,2025-11-12 19:38,2025-11-12 20:15,local,tvb,https://news.tvb.com/tc/local/691471a3c17f94bd583f6304,"天文台預料下周顯著轉涼，下周三最低只有15度。

乾燥的東北季候風正在影響廣東沿岸，下午大部分地區的相對濕度維持在百分之六十以下。並在未來數日為華南沿岸帶來大致良好的天氣，下周初日間溫暖。

不過一股強烈東北季候風補充，預料下周初抵達華南沿岸，下周二及三天氣顯著轉涼，風勢頗大及有一兩陣微雨。預測下周二最低氣溫降至16度，周三最低更只有15度。"
69146a6ec17f94bd583f283f,警方偵破12宗「猜猜我是誰」電話騙案 拘2名骨幹成員,2025-11-12 19:07,2025-11-12 19:45,local,tvb,https://news.tvb.com/tc/local/69146a6ec17f94bd583f283f,"警方在深水埗區偵破12宗「猜猜我是誰」電話騙案，拘捕兩人，涉款167萬元。

行動中起回約25萬元贓款。警方指，疑犯透過電話，假扮受害人親屬，訛稱急需現金保釋，並在社交媒體招攬傀儡到指定地點收取騙款。受害人都是退休人士，介乎65至84歲。

警方拘捕一名34歲本地男子，以及一名18歲持雙程證內地男子，都是詐騙集團骨幹成員，被控串謀詐騙，明日在西九龍裁判法院提堂。"
69146977c17f94bd583f210a,巴赫訪港指大灣區有條件聯合申辦奧運 據悉將與李家超交流體育發展等,2025-11-12 19:03,2025-11-12 20:15,local,tvb,https://news.tvb.com/tc/local/69146977c17f94bd583f210a,"國際奧委會終身名譽主席巴赫訪港，到啟德體育園，觀賞全運七人欖球賽事。他指大灣區有條件，聯合申辦奧運。

國際奧委會終身名譽主席巴赫表示：「去爭取（申請奧運）吧，大灣區已具備多個世界級體育設施，有熱愛體育的民眾及各項必備條件，全運會有助建立更強的代表隊，繼續努力，終可圓夢。」

巴赫下午在港協暨奧委會會長霍震霆等人陪同下，參觀啟德主場館，並觀看七欖賽事。據了解，他還會跟特首李家超會面，就體育發展等議題交流。"
69146945c17f94bd583f1f2d,全運會｜七欖男子A組港隊力挫山東 上演2013年決賽「翻版」,2025-11-12 19:02,2025-11-12 19:45,local,tvb,https://news.tvb.com/tc/local/69146945c17f94bd583f1f2d,"全運七人欖球在啟德主場館展開。男子港隊在A組第一場，2013年的決賽戲碼，力挫勁敵山東。

白衫的七欖男子港隊在啟德主場館出擊，在A組首輪與山東合演2013年決賽「翻版」，開賽不到半分鐘，靴貝特頂住防守，回身傳到拜恩菲立斯，率先為港隊「達陣」得五分。

稱得上復仇戰，12年後再戰全運，港隊力爭突破銀牌的最佳成績，把握山東傳失，隊長拜恩塞巴左路個人突破「達陣」。靴貝特再次吸引火力，助攻麥浚勇輕鬆得分。加上拜恩菲立斯的附加踢，三射兩中。雖然其後被山東追近，港隊都領先19-7完半場。

全運有專門賽制，半場由七分鐘增至九分鐘。兩隊換邊後各一次「達陣」，東道主這邊有入替的華將房傑鋒右路「起飛」。港隊贏24-12，在A組旗開得勝，之後鬥天津和內蒙。

轉到女子D組，首輪不敵山東的港隊，次輪鬥黑衫的四川，一度落後0-19。男女子賽事同樣各有八隊出戰，分兩組打單循環。每組頭兩名入四強。

憑著苗頌雅，以及隊長陳穎先後「達陣」，加上河春花的附加踢，收窄分差。只是港隊都輸12-19。分組兩連敗，最後一輪鬥上海。"
6914664ac17f94bd583f0403,立法會選舉｜有數間學校調整內地交流團行程 以便人員留港投票,2025-11-12 18:49,2025-11-12 19:45,local,tvb,https://news.tvb.com/tc/local/6914664ac17f94bd583f0403,"立法會選舉下月七日投票，有數間學校調整內地交流團行程，以便隨團人員留港投票。

教育局回覆查詢時指，參與內地交流計劃的學校，是在不影響學生學習福祉的前提下，調整行程讓隨團人員投票，行使公民權利和履行公民責任，屬校本決定。

局方重申，學校原本獲批的交流路線及名額維持不變，不存在「煞停」，學生交流考察的學習機會不受影響。"
6914666ac17f94bd583f0532,Keeta被指阻礙市場競爭同意修改與食肆協議 餐飲業冀能降低平台抽佣,2025-11-12 18:49,2025-11-12 20:15,local,tvb,https://news.tvb.com/tc/local/6914666ac17f94bd583f0532,"網上外賣平台Keeta與食肆訂立的協議，被質疑削弱市場競爭。在競委會表達關注後，Keeta同意修改合約條文。

內地美團旗下的網上外賣平台Keeta，前年五月進軍香港，與Deliveroo及Foodpanda鼎立，Deliveroo今年三月撤出香港，市場由餘下兩家瓜分。

但Keeta被指阻礙競爭。例如Keeta與餐廳訂立協議，包括獨家合作會收取較低的佣金，但餐廳之後若同時與其他平台合作，可能會受懲罰。

另外合作餐廳於其他銷售渠道，例如自家渠道或其他平台，定價亦不准低於Keeta。

競委會指，由於Keeta在市場，相當可能具一定程度的權勢，條文或會妨礙新成立或小型的平台，進入市場或擴張業務，令餐廳以至消費者，無法享受競爭所帶來的好處。

競委會表達關注後，Keeta同意修訂與餐廳的協議，同時向競委會作出有法律約束力的承諾，確保修訂確切執行。

有餐飲業界表示，現時兩大平台，每張單抽佣約三成半，希望競爭令收費下降。

稻苗飲食專業學會榮譽會長邱金榮指出：「目前我認為取消是有利的，令到我們商家更多選擇，起碼可以選擇不同平台，甚至引入更多的平台競爭，也可能是一件好事。像內地可能也不止兩三個平台，可能更多。」

競委會表示，相信外賣平台間競爭加強，最終消費者受惠，帶來更高水平服務，及更低廉的餐點價格。

Keeta回覆查詢時表示，是經過詳細討論，主動作出承諾。相信良性競爭有利行業可持續發展，將繼續致力深耕香港市場。"
691462afc17f94bd583ee28b,11月12日 全運會精華(三),2025-11-12 18:34,2025-11-12 19:15,local,tvb,https://news.tvb.com/tc/local/691462afc17f94bd583ee28b,
69146294c17f94bd583ee196,本港中小飲食業經營改善有快餐集團盈警 有學者指傳統模式失競爭力,2025-11-12 18:33,2025-11-12 19:00,finance,tvb,https://news.tvb.com/tc/finance/69146294c17f94bd583ee196,"本港中小型飲食業經營有改善，但就有快餐集團繼續發盈警。有學者認為，除因為消費模式轉變，傳統快餐標準化模式，正失去競爭力。

政府統計處最新的中小型企業業務調查，
覆蓋了600間、少於50人的中小企。 十月份收益指數上升，特別是飲食業，營商氣氛以至經營預期都有改善。

但大企業經營未見樂觀。將於本月下旬派成績表的大家樂集團，上星期發出預警。預計截至九月底止上半年度，純利將倒退六成半至七成，已經集團連續三次發盈警。

業績差受著多項因素影響，包括市場價格競爭激烈，市民外遊消費，以至旅客消費疲弱等。

有分析認為，集團式的標準化經營，在效率上具有優勢，但隨著消費模式的轉變及市場競爭增加，快餐質素及服務難再滿足消費者需求。

浸會大學會計、經濟及金融學系副教授麥萃才指出：「過往因為香港的快餐業，均是由幾大的快餐店壟斷，所以產品、服務及質素，都維持某一定的水平。問題是對於消費者來說，食來食去都是這幾間快餐店，都可能會悶。再看目前的兩餸飯，針對那些地方、旺的區域，很多時於寫字樓附近，甚至或一百元一個兩餸飯，可以食到龍蝦，這些是傳統快餐店難以給予的。做兩餸飯的店舖，有部分是以前小菜或食店轉型，一向做開小炒，對於食材的處理及掌握，一定比起中央廚房的快餐店為好。」

他又表示，除了本地小店，近幾年內地的餐飲企業相繼來港發展，以香港作為試驗場，作推廣及開拓品牌。消費者餐飲選擇多了，對本地傳統快餐行業亦構成競爭威脅。"
69146282c17f94bd583ee0ae,調查指意大利企業熱衷拓展亞洲業務 內地及香港是首選市場,2025-11-12 18:33,2025-11-12 19:00,finance,tvb,https://news.tvb.com/tc/finance/69146282c17f94bd583ee0ae,"有調查發現，意大利企業熱衷拓展亞洲業務。

貿發局於今年第三季，訪問共172位在亞洲有業務的意大利公司管理層，有七成七的受訪者表示，計劃未來三年拓展亞洲業務。

其中，內地及香港是首選市場，其次是日本和南韓。

貿發局指，在環球貿易及經濟的不明朗因素，企業希望盡量擴展業務，分散風險。而受訪意大利企業認為，香港是通往多個亞洲市場的戰略門戶，同時作為物流及供應鏈，香港對於企業擴展亞洲業務，能提供有效支援。

香港貿發局經貿研究總監范婉兒表示：「大家都知道這個區域長遠來說，怎樣說都是最高增長的區域。你說中國內地的經濟增長百分之4至5，一個這樣大的經濟體系來說，是很強的增長。如果你說歐洲，歐洲的增長不足百分之1，至百分之1多些，所以對他們來說，這是很吸引的增長地區。在做生意方面層面上，大家都想盡量拓展，或者分散風險。」"
6914622cc17f94bd583edc2a,海關執勤被斬｜疑兇落網 其家人涉提供虛假資訊誤導警方同樣被捕,2025-11-12 18:31,2025-11-12 19:00,local,tvb,https://news.tvb.com/tc/local/6914622cc17f94bd583edc2a,"海關關員上周在土瓜灣執勤期間遇襲，警方追查近一星期，今日在元朗拘捕38歲疑兇，警方又拘捕疑兇一個家人，涉嫌提供虛假資訊誤導警方。

被捕的38歲的男子黑布蒙頭，押解到西九龍總區警察總部調查，他涉嫌上周四在土瓜灣定安大廈，用菜刀斬傷緝毒的海關關員。西九龍總區探員調查後，相信疑兇先後到過西貢、洪水橋、元朗等地匿藏，根據線報，周三早上在元朗街頭捕獲他。

西九龍總區刑事部署理高級警司賈錦琳表示：「我們亦去過不同地點，包括他曾經藏身地點作出搜查，所以我們才能告訴大家，為何疑犯那麼多天以來不斷轉換地方。」

警方又押解疑兇到其住所搜查，檢獲五支仿製槍械、弩和長刀，以及四公斤懷疑海洛英，市值約180萬元，以傷人、販運危險藥物、管有仿製槍械等罪名拘捕他。

賈錦琳稱：「這些仿製槍械一般裝填彈珠，性能不大，我們看不到疑犯當天有意圖有機會使用。」

警方早前已拘捕三人涉嫌協助疑兇逃走，全部有黑社會背景，另外警方在查問疑犯家人時，懷疑有人提供誤導資訊，以誤導警方罪名拘捕多一名女子。

賈錦琳指出：「如果在調查期間，讓我們發現有任何意圖說謊，專門誤導我們，拖延和妨礙我們的調查，全部都會作出拘捕。」

案發是在上周四，七名海關關員在土瓜灣定安大廈緝毒期間，一名男子用菜刀斬傷兩人，另一名關員行動時受傷，兇徒其後從5樓爬窗逃走。"
69144fb5c17f94bd583e3d66,時事通識｜車企造機器人,2025-11-12 18:25,2025-11-12 18:30,finance,tvb,https://news.tvb.com/tc/finance/69144fb5c17f94bd583e3d66,"電動車生產商小鵬汽車近日發布人形機器人，形態以至走路流暢，仿如真人一樣，惹來市場關注。

新一代的造車企業，除了引擎等硬件，更專注在智能化領域的開發。不單只小鵬，廣汽集團、比亞迪，以及美國電動車生產商Tesla特斯拉，都有研發機器人。

原因是電動車與機器人，在軟硬件技術和生產環節，有同源性和協同性。自動駕駛和人工智能視覺的技術，都與機器人的開發有共通之處。

特斯拉的人形機器人，使用了電動車的視覺感知算法架構和攝像頭模組。車企跨界拓展機器人，可善用汽車製造的供應鏈，更可令業務更多元化，創造新的增長空間。

內地新能源車龍頭比亞迪，據報2022年已啟動代號「堯舜禹」的人形機器人項目。市場預計憑集團的垂直整合能力，生產成本可以大幅降低。

華為早前發布關鍵技術趨勢報告，預測十年後，逾九成的中國家庭將擁有智能機器人。

<a href=""https://news.tvb.com/tc/programme/behindtheheadlines"" target=""_blank"" rel="""">點擊重溫其他集數</a>"
69145e06c17f94bd583eb0ac,全運會｜巴赫訪港觀賞七人欖球賽事 指大灣區有條件申請合辦奧運,2025-11-12 18:14,2025-11-12 18:45,local,tvb,https://news.tvb.com/tc/local/69145e06c17f94bd583eb0ac,"國際奧委會終身名譽主席巴赫訪港，到啟德體育園，觀賞全運七人欖球賽事，他指大灣區有條件申請合辦奧運。

國際奧委會終身名譽主席巴赫說：「去爭取（申請奧運）吧，大灣區已具備多個世界級體育設施，有熱愛體育的民眾及各項必備條件，未來將會是申辦奧運的候選地區。我認為方向是正確的，你們有所需的體育設施，也舉辦更多的國際體育比賽，同時也在建立更強的代表隊，全運會有助建立更強的代表隊。繼續努力，終可圓夢。」"
69145df1c17f94bd583eaf8e,60歲女子被捕 涉「起底」欠債同學獲准保釋候查,2025-11-12 18:14,2025-11-12 18:30,local,tvb,https://news.tvb.com/tc/local/69145df1c17f94bd583eaf8e,"個人資料私隱專員公署，拘捕一名60歲女子，涉嫌「起底」欠債的同學，獲准保釋候查。

事主與被捕女子是中學同學，在2018年重遇。

事主因經營的工廠面對財政困難，向女疑犯兩度借款，合共約2,000萬元，並承諾每月支付利息。但事主今年初起無有還利息。

女疑犯涉嫌在4至5月期間，向事主的鄰居郵遞三款不同的單張，稱事主欠款不還，作出負面評論，並披露其個人資料，包括中文姓名、香港身份證號碼，住址及照片。"
69145d93c17f94bd583eae6c,專家指甲流病毒株變異或增加傳播性 惟疫苗仍有效預防,2025-11-12 18:12,2025-11-12 18:30,local,tvb,https://news.tvb.com/tc/local/69145d93c17f94bd583eae6c,"本港仍處於流感高峰期，當中流行的甲型流感病毒株H3N2，有研究發現出現7處變異。有專家指可能增加傳播性，不過，注射疫苗仍然有效預防。

英國劍橋大學病原體進化中心發現，甲型流感病毒H3N2樣本出現7處變異。有本港專家認為，病毒變異可令傳播力更高。

中大呼吸系統科講座教授許樹昌表示︰「即100人感染，可傳染到120人，但今次H3N2有個抗原轉變，它的傳播性可以由100人傳至140人，傳播性高了，但嚴重程度未有增加。」

他指雖然病毒變異後與流感疫苗不太吻合，但接種疫苗仍然有效。

許樹昌稱︰「不等於疫苗是沒效的，因為流感疫苗亦可以減低死亡風險，以及減低入院機會，現時流感疫苗不單是針對H3N2，也是針對H1N1及乙型流感。」

另外，港大傳染病專家孔繁毅就估計，明年一至三月爆發H1N1流感的機會比較高。

港大內科學系講座教授及傳染病科主任孔繁毅指︰「2026年(爆發)H1機會多些，因為相隔比較長的時間，接近是一年的時間，可能H1會出現，因為社區整體的抗體相對較低，究竟(下年)夏季流感會推遲至八月底九月初，還是如常在六、七月開始，要視乎基因變異，以及社區抗體免疫情況。」

他又指，流感病毒出現變異是隨機性，認為毋須再區分冬季或夏季流感。"
69145932c17f94bd583e9269,日圓匯價跌至九個月低位 每百日圓兌港元曾見5.02算,2025-11-12 17:53,2025-11-12 18:15,finance,tvb,https://news.tvb.com/tc/finance/69145932c17f94bd583e9269,"日圓匯價跌至九個月低位，逼近155兌一美元。每百日圓兌港元曾見5.02算。

市場憧憬美國政府停擺可望結束，美元匯價有支持。加上對日本央行加息的預期降溫。日圓匯價下跌，曾跌穿154.7兌一美元，見今年2月以來低位。

日本財務大臣片山皋月，出席國會時表示，圓匯近期出現單邊及快速波動，政府高度密切關注任何過度及無序的匯率波動問題。

日本央行上一次干預匯市是2024年7月，當時日圓跌至160兌一美元附近。"
691458e4c17f94bd583e917f,港股跟隨外圍造好連升三日 曾重上兩萬七,2025-11-12 17:52,2025-11-12 18:45,finance,tvb,https://news.tvb.com/tc/finance/691458e4c17f94bd583e917f,"港股跟隨外圍造好，連升三日，曾經重上兩萬七水平。

美股道指創新高，大市跟隨高開58點。之後升幅擴大，最多升319點，一度突破兩萬七關口，見超過一個月高位。全日收報26,922點，上升226點。成交2,363億元。

信誠證券聯席董事張智威說：「投資者要留意一事，今次這一輪升勢，很明顯無論科網或，晶片板塊未能跟上。美股亦同樣地，看到納指走勢，明顯走得慢過道指和標普。所以投資者在此輪升浪，要留意個別股份可能跟不上。」

多隻金融股見逾一年高位。友邦和今日除淨的中銀香港，上升百分之1至2。

平保升穿60元。

中國人壽上升百分之4。

「中特估」概念繼續有支持。中石油和中海油，齊升百分之2。

宏橋升半成，創新高。

地產股亦向好，新地升半成。

科網股個別發展，阿里巴巴和百度，逆市跌百分之1至2。

明天公布業績的騰訊，升百分之1。

獲DeepSeek前研究員羅福莉加入的小米，上升百分之1。"
69144f40c17f94bd583e3c71,港交所入股迅清結算 陳茂波：吸引更多國際投資者配置中國資產,2025-11-12 17:11,2025-11-12 17:45,finance,tvb,https://news.tvb.com/tc/finance/69144f40c17f94bd583e3c71,"金融管理局旗下迅清結算控股，引入香港交易所為策略性股東。合作加快推動香港固定收益產品發展。財政司司長陳茂波表示，可吸引更加多國際投資者配置中國資產，強化離岸人民幣中心地位。

金融管理局旗下迅清結算控股，引入港交所為策略性股東。港交所將投資最多4.55億元，認購迅清結算兩成股權。

財政司司長陳茂波指，今次的策略性合作是金管局和港交所強強聯手，並且是本港加速推動金融基建、高效聯動的關鍵一步，將提升投資效率和靈活度。

財政司司長陳茂波說：「我們預期在可見的未來，將會有更加多國際投資者配置中國資產，包括中國國債。香港作為全球最大離岸人民幣中心，亦都是點心債主要交易市場，流入香港的資金量以及香港託管的資產總值，一定會持續增加。」

在內地和香港債券市場互聯互通安排下，港交所行政總裁陳翊庭表示，有需要加強場外結算，衍生產品以及交易後的服務配套。

港交所行政總裁陳翊庭指出：「這次合作將是結合雙方資源、科技、人才和市場專業知識，加速建設區內領先的中央證券存管平台，發揮協同效益，我們目標是建立一個完善及有活力的固定收益，及貨幣市場生態圈。」

金管局就指，迅清結算會以更商業的模式營運，期望可錄得盈利。亦希望能夠更靈活快捷，向投資者和發行人提供服務。

迅清結算是金管局旗下外匯基金，於2024年成立的公司。自2025年起，負責營運香港的債務工具中央結算系統，為多幣種債券提供託管與結算服務，是互聯互通下「債券通」的核心基建。截至九月底，託管資產等值約5萬億港元。"
69144f4cc17f94bd583e3c97,陳翊庭指與迅清結算策略性合作 是香港金融基建發展里程碑,2025-11-12 17:11,2025-11-12 17:30,finance,tvb,https://news.tvb.com/tc/finance/69144f4cc17f94bd583e3c97,"港交所行政總裁陳翊庭指，隨著內地債券市場和債券通規模不斷擴大，越來越多國際投資者配置中國債券。今次與金管局、迅清結算的策略性合作，是香港金融基建發展的一個重要里程碑。

港交所行政總裁陳翊庭表示：「除持續優化債券通和互換通之外，我們亦需要加強場外結算，衍生產品以及交易後的服務，推動香港成為全球領先的固定收益及貨幣中心。這次合作將是結合雙方資源、科技、人才和市場專業知識，加速建設區內領先的中央證券存管平台，發揮協同效益。我們目標是建立一個完善及有活力的，固定收益及貨幣市場生態圈。」"
69144f64c17f94bd583e3cf1,亞太區股市普遍靠穩,2025-11-12 17:11,2025-11-12 17:30,finance,tvb,https://news.tvb.com/tc/finance/69144f64c17f94bd583e3cf1,"亞太區股市普遍靠穩。

日本股市重回51,000點水平，並以接近全日高位收市。

南韓股市連升第三日。

台灣股市曾經突破28,000點關口，收市升幅略為收窄。

澳洲股市則連跌兩日。失守8,800點。"
69144f59c17f94bd583e3cc1,內地股市連跌第二日,2025-11-12 17:11,2025-11-12 17:30,finance,tvb,https://news.tvb.com/tc/finance/69144f59c17f94bd583e3cc1,"內地股市連跌第二日。

四大指數跌幅不足百分之1。

滬深京三市成交接近1.97萬億元人民幣。

內銀股先升後回軟，農業銀行和工商銀行A股曾創新高。

醫藥和油氣股向好。"
6914468bc17f94bd583df490,六男一女被捕 涉盜竊及於藥房售賣贓物,2025-11-12 16:34,2025-11-12 17:15,local,tvb,https://news.tvb.com/tc/local/6914468bc17f94bd583df490,"警方拘捕六男一女，涉嫌店舖盜竊，並在藥房售賣贓物。

警方早前突擊搜查區內兩間藥房，檢獲奶粉、藥油、消毒藥水、朱古力等懷疑贓物。警方以涉嫌盜竊罪，拘捕兩男一女非華裔疑匪，並以處理贓物罪拘捕藥房負責人，及三名男職員，介乎31至51歲。

警方指，賊人今年七月起，在多間大型連鎖店偷取逾370件日用品或食物，價值大約28,000港元，再以低於市價一半價錢，將贓物轉售給油麻地兩間藥房。"
69143fe6c17f94bd583dba33,海關執勤被斬｜38歲疑兇涉傷人等被捕 住所藏仿製槍械及毒品,2025-11-12 16:32,2025-11-12 17:00,local,tvb,https://news.tvb.com/tc/local/69143fe6c17f94bd583dba33,"海關關員上周在土瓜灣執勤期間遭襲，警方拘捕一名38歲疑兇。

七名海關關員上周四在土瓜灣定安大廈緝毒期間，一名男子突然用菜刀斬傷其中兩人，另一名關員行動時受傷，兇徒其後逃走。

警方展開追捕，並根據線報，今早在元朗街頭拘捕一名男子，押解他回住所搜查，發現仿製槍械，以及毒品等，以傷人、販運危險藥物罪等將他拘捕。

另外，警方亦先後亦拘捕四人，涉嫌協助疑兇逃走或誤導警方。

西九龍總區刑事部署理高級警司賈錦琳稱：「我們亦去過不同地點，包括他曾經藏身地點作出搜查，所以我們才能告訴大家，為何疑犯那麼多天以來不斷轉換地方。這是一宗嚴重案件，深信如果他沒有逃走意圖，不會對公職人員作出施襲，和不斷逃避追捕。如果在調查期間，讓我們發現有任何意圖說謊、故意誤導我們，拖延和妨礙我們的調查，全部都會做出拘捕。」"
691442e4c17f94bd583dd2a7,Keeta與競委會修改同食肆合約條文 避免妨礙其他平台進入市場,2025-11-12 16:18,2025-11-12 16:45,local,tvb,https://news.tvb.com/tc/local/691442e4c17f94bd583dd2a7,"外賣平台Keeta與競委會達成協議，修改同食肆的合約條文，避免妨礙其他平台進入市場。

原來合約規定，餐廳與Keeta獨家合作會收取較低的佣金，但餐廳之後若同時與其他平台合作，可能會受懲罰，條文將會修改。

另外，Keeta亦會放寬合作餐廳於其他銷售渠道，價格不低於Keeta的規定。

競委會指，餐廳與新進或小型平台合作，以及訂定堂食等價格時，可有更大彈性，同時這些平台亦可與更多餐廳合作，擴展網絡。

外賣平台之間的競爭加強，最終消費者受惠，帶來更高水平服務及更低廉的餐點價格。"
69144019c17f94bd583dbb92,港股收市報26922點 升226點,2025-11-12 16:10,2025-11-12 16:15,finance,tvb,https://news.tvb.com/tc/finance/69144019c17f94bd583dbb92,"恒生指數收市報26,922點，升226點。

華潤萬象生活升百分之6.3，新鴻基地產升百分之5.3。"
691433a1c17f94bd583d4362,迅清結算引入港交所為策略性股東 陳茂波：推動金融基建高效聯動關鍵一步,2025-11-12 15:13,2025-11-12 16:45,finance,tvb,https://news.tvb.com/tc/finance/691433a1c17f94bd583d4362,"金融管理局旗下迅清結算，引入香港交易所為策略性股東。財政司司長陳茂波指，今次策略性合作，是本港加速推動金融基建高效聯動的關鍵一步。

財政司司長陳茂波表示：「今次的策略合作，是金管局和港交所強強聯手，為香港國際金融市場的提速，和深化發展創造有利條件。我們預期在可見的未來，將會有更加多國際投資者配置中國資產，包括中國國債。香港作為全球最大離岸人民幣中心，亦都是點心債主要交易市場，流入香港的資金量，以及香港託管的資產總值，一定會持續增加。」"
69142cf9c17f94bd583d0ed1,海關執勤被斬．現場｜警方：今早於元朗區拘捕疑兇 涉傷人等罪名,2025-11-12 14:45,2025-11-12 15:30,local,tvb,https://news.tvb.com/tc/local/69142cf9c17f94bd583d0ed1,警方舉行記者會，交代上周土瓜灣海關關員遇襲，指今早於元朗區拘捕疑兇，涉及罪名包括傷人、販運危險藥物等，另外至今共拘捕三名涉嫌協助逃犯的男子。
691422b9c17f94bd583cbeaf,外交部駐港公署舉辦中共二十屆四中全會精神專題宣介會,2025-11-12 14:01,2025-11-12 14:30,local,tvb,https://news.tvb.com/tc/local/691422b9c17f94bd583cbeaf,"外交部駐港公署舉辦中共二十屆四中全會精神專題宣介會。

約50個國家、60多位外國駐港領團、商會及媒體代表出席宣介會。駐港公署特派員崔建春介紹四中全會最重要成果，是審議通過了「十五五」規劃建議，為中國未來五年經濟社會發展，作出頂層設計和戰略藍圖。

包括要促進香港與澳門長期繁榮穩定，堅定不移貫徹「一國兩制」、「港人治港」、「澳人治澳」，及高度自治等方針，提升特區依法治理效能，支持港澳更好融入國家發展大局。"
69142286c17f94bd583cbd4a,立法會選舉｜五名候選人出席新界北地方選區論壇 討論北都發展等議題,2025-11-12 14:00,2025-11-12 15:00,local,tvb,https://news.tvb.com/tc/local/69142286c17f94bd583cbd4a,"政府第二日舉行立法會選舉論壇，早上是新界北地方選區，五位候選人討論北部都會區發展等議題。

新界東北選舉論壇，在天水圍天瑞體育館舉行。這區兩名現屆議員均無競逐連任，五名候選人包括，新界社團聯會的譚鎮國，工聯會的曾勁聰，及民建聯的姚銘，還有沈豪傑，以及新民黨、公民力量的廖子聰。

在提問環節，討論了如何深化國際交往合作。

立法會新界北候選人譚鎮國說：「我自己亦有商界背景，希望可吸引更多內地及海外企業，讓他們知道香港的獨特優勢。」

立法會新界北候選人曾勁聰稱：「祖國的政策都在講『一帶一路』，香港人中有少數族裔，他們其實都很想貢獻國家。」

立法會新界北候選人沈豪傑認為：「去看山頂或尖沙咀海旁，其實新界北都有很多特別的地方，去屏山宗祠吃盆菜及九大簋。」

立法會新界北候選人廖子聰指：「隨著市場南方經貿合作重要性提升，建議政府考慮以出入境措施，吸引更多東盟商務旅客來港。」

立法會新界北候選人姚銘表示：「創新科技方面我們應與內地企業，聯手發展更多創科園區，善用香港基礎研發能力貢獻國家。」

而在辯論環節，候選人除了各自表述，亦有互相發問。

沈豪傑提出：「不要忽略在發展過程中，有很多本地居民受影響，所以我要求政府加快土地賠償，想問四號的廖子聰此方面有何見解？」

廖子聰就問：「我覺得青少年是新界北未來的新力軍，要加強青年政策，請問候選人們，對推動國際深度交流合作，大家有何意見？」

譚鎮國回答：「在北部都會區國際深度交流合作，我是絕對支持，李家超特首亦與新加坡總理，推薦投資北部都會區。」

曾勁聰表示：「相對之下我覺得，香港的人力資源政策應重新檢視，北部都會區發展，究竟人力資源是否配合到？」

姚銘說：「憑我過去經驗相信能在新界北，推動路線完善，期望我們做好交通規劃，令居民出行更便利，減少他們生活的成本。」

新界北選區包括了北區，及元朗區的西北部，即是天水圍、流浮山、新田、落馬洲一帶。"
69141f96c17f94bd583c9fdd,業主不遵從清拆令罰款逾五萬元,2025-11-12 13:43,2025-11-12 14:15,local,tvb,https://news.tvb.com/tc/local/69141f96c17f94bd583c9fdd,"​一名業主不遵從根據《建築物條例》（第123章）發出的清拆令，於觀塘裁判法院定罪及罰款合共50,250元，當中30,250元屬就罪行持續的日數所判的罰款。

個䅁涉及西貢一幢獨立屋外牆附建的兩個伸建物及地下、天台及高層天台加建的若干搭建物，面積共約28平方米。這些僭建物並無獲得屋宇署的批准及同意，屋宇署根據《建築物條例》第24（1）條向業主發出清拆令，但業主沒有履行清拆令，遭屋宇署檢控。

屋宇署發言人表示，僭建物可導致嚴重後果。業主必須盡快遵從清拆令。對於未有遵從清拆令的業主，屋宇署會繼續採取執法行動，包括提出檢控，以保障樓宇及公眾安全。

根據《建築物條例》，任何人無合理辯解而沒有遵從清拆令是嚴重罪行，一經定罪，最高可處罰款二十萬元及監禁一年，可就罪行持續的每一天，另處罰款最高二萬元。"
691414f3c17f94bd583c4a30,天氣｜天文台料下周顯著轉涼 下周三最低氣溫僅16度,2025-11-12 13:40,2025-11-12 13:45,local,tvb,https://news.tvb.com/tc/local/691414f3c17f94bd583c4a30,"天文台預料下周顯著轉涼，下周三最低只有16度。

乾燥的東北季候風正影響廣東沿岸，並在未來兩三日，為華南沿岸帶來大致良好的天氣，周末日間溫暖。

不過，一股強烈東北季候風補充預料下周初抵達華南沿岸，天氣顯著轉涼，預測下周二最低氣溫降至17度，周三最低更只有16度。"
69141e54c17f94bd583c8ec2,土拓署與廣東地震局簽署合作框架協議,2025-11-12 13:39,2025-11-12 13:45,local,tvb,https://news.tvb.com/tc/local/69141e54c17f94bd583c8ec2,"土木工程拓展署與廣東省地震局簽署為期五年的合作框架協議，推動粵港在地震和地質災害風險管理技術的合作。

協議由土木工程拓展署署長方學誠與廣東省地震局局長楊振宇簽署。協議範圍涵蓋地震及地質災害風險管理技術的發展與應用、促進科研成果及學術資源共享，以及加強培育專業人才。

方學誠表示協議將為雙方帶來更多合作機會，通過研發關鍵技術，共同應對岩土工程的挑戰，加強地震及地質災害風險管理。合作將進一步深化專家團隊交流，加速科研成果轉化，提升區域防災減災能力。

廣東省地震局主要負責監測廣東省內的地震活動、進行地震風險評估及實施災害預防措施，並長期專注於地震地質研究與監測技術的開發。"
69141cecc17f94bd583c88f8,研究指甲流病毒株H3N2出現變異 本港專家認為或增加傳播性,2025-11-12 13:36,2025-11-12 15:00,local,tvb,https://news.tvb.com/tc/local/69141cecc17f94bd583c88f8,"本港仍處於流感高峰期，當中流行的甲型流感病毒株H3N2，有研究發現出現7處變異。有傳染病專家指，可能增加傳播性。

英國劍橋大學病原體進化中心發現，甲型流感病毒H3N2樣本出現7處變異。本港專家認為，病毒變異可令傳播力更高。

中大呼吸系統科講座教授許樹昌表示：「即100人感染，可傳染到120人，但今次H3N2有個抗原轉變，它的傳播性可以由100人傳至140人。傳播性高了，但嚴重程度未有增加。」

不過，他指現時注射的流感疫苗仍然有效。

許樹昌說：「不等於疫苗是沒效的，因為流感疫苗亦可以減低死亡風險，以及減低入院機會。現時流感疫苗不單是針對H3N2，也是針對H1N1及乙型流感。」

另外，傳染病專家孔繁毅認為，流感病毒出現變異是隨機性，認為毋須再區分冬季或夏季流感。

港大內科學系講座教授及傳染病科主任孔繁毅指出：「情況第一要看病毒有沒有變異，第二是社區本來的抗體是否足夠，例如多不多人接種疫苗，令到病毒是否控制得到，這些都是很多不同的元素，使流感爆發的時間出現一些與以往不同。」

他又估計，明年二月有可能出現H1N1流感爆發。"
69141ca3c17f94bd583c86d0,全運會．現場｜七欖開鑼啟德現場觀眾增加 不時揮動區旗為港隊打氣,2025-11-12 13:35,2025-11-12 14:00,local,tvb,https://news.tvb.com/tc/local/69141ca3c17f94bd583c86d0,全運會七人欖球賽開鑼，港隊出戰女子組分組賽，在啟德主場館迎戰山東。現場觀眾較上一場增加，部分人不時揮動區旗為港隊打氣。
691414e9c17f94bd583c49bf,全運會．現場｜七欖開鑼 港隊即將出戰女子組分組賽,2025-11-12 13:04,2025-11-12 13:45,local,tvb,https://news.tvb.com/tc/local/691414e9c17f94bd583c49bf,全運會一連三日的七人欖球賽，於啟德主場館展開，港隊即將於女子組分組賽登場，迎戰山東。
6914146ac17f94bd583c4664,肉毒桿菌注射命案｜93歲李宏邦獲判無條件釋放 辯方律師向死者家屬致歉,2025-11-12 13:00,2025-11-12 14:00,local,tvb,https://news.tvb.com/tc/local/6914146ac17f94bd583c4664,"93歲西醫李宏邦被控誤殺的案件，早前被裁定有作出誤殺罪中的行為，最終在高院「特殊聆訊」獲判無條件釋放。

被告李宏邦抵達高等法院聽取裁決。他2018年在尖沙咀美容中心，為52歲女子張淑玲注射肉毒桿菌時，因為混合使用多種藥物，導致對方死亡，被控嚴重疏忽而非法殺死病人。

高等法院陪審團今年9月，一致裁定患有阿茲海默症和重度認知障礙症等的被告，不適合答辯。不過，法庭上月舉行「特殊聆訊」，重新宣誓的陪審團，一致裁定李宏邦於案中有作出誤殺罪中的行為。

法官郭啟安判刑時表示，今次事故是不必要的死亡，被告在案發後，沒有即時向醫護人員透露向女事主使用過甚麼藥物，而被告與女事主是朋友，案中的做法是「背叛朋友」。

但考慮到被告年老及身體疾病，在家中可得到更好照顧，認為醫院令、監管治療或監管令都不適合，最終判處李宏邦無條件釋放。

在法官宣判後，李宏邦代表律師駱應淦發言，向死者家屬致以真誠道歉。李宏邦其後步出法院，登上私家車離開，全程未有回應記者提問。"
69140e0ec17f94bd583c0d03,海關執勤被斬｜據了解警方新界拘捕38歲疑兇 下午交代案情,2025-11-12 12:32,2025-11-12 12:45,local,tvb,https://news.tvb.com/tc/local/69140e0ec17f94bd583c0d03,海關緝毒被斬案，據了解警方新界拘捕38歲疑兇，下午交代案情。
69140d9fc17f94bd583c05ab,再有港鐵站出口指示牌更改標示惹爭議,2025-11-12 12:26,2025-11-12 12:45,local,tvb,https://news.tvb.com/tc/local/69140d9fc17f94bd583c05ab,"港鐵九龍灣站通往B出口的指示牌，由原來的淘大花園，改為月初啟用的東九文化中心，而站內地圖及其他指示牌就兩個地點都顯示。

港鐵何文田站早前有出口標示更改，同樣引起爭議，港鐵其後修改。"
691409d1c17f94bd583be230,萬科大股東深鐵集團再借出約17億元人民幣 以償還債息及本金,2025-11-12 12:15,2025-11-12 12:30,finance,tvb,https://news.tvb.com/tc/finance/691409d1c17f94bd583be230,"萬科大股東深鐵集團再借出約17億元人民幣，用於償還債息及本金。

萬科企業公布，大股東深圳市地鐵集團計劃提供股東貸款，最多16.66億元人民幣，期限不超過三年。利率為一年期貸款市場報價利率LPR減66個基點。以現時報價計為2.34厘。

有關款項將用於償還已發行債券的本金和利息。深鐵集團之前已累計向萬科提供逾291億元人民幣貸款。"
69140980c17f94bd583bdd1c,恒指曾重上兩萬七水平 金融股造好,2025-11-12 12:13,2025-11-12 12:30,finance,tvb,https://news.tvb.com/tc/finance/69140980c17f94bd583bdd1c,"港股跟隨外圍造好，曾經重上兩萬七水平。

美股道指創新高，大市跟隨高開58點後升幅擴大，曾經升超過300點，一度突破兩萬七關口，見超過一個月高位。

金融股造好，滙控再升百分之1。連同今日除淨的中銀香港，齊創逾一年新高。

「中特估」概念繼續有支持。中石油、中海油、中人壽和平保，升幅百分之2至3。

科網股逆市受壓，阿里巴巴和百度下跌百分之2。"
691406f5c17f94bd583bd6b0,港股中午收市報26863點 升166點,2025-11-12 12:00,2025-11-12 12:30,finance,tvb,https://news.tvb.com/tc/finance/691406f5c17f94bd583bd6b0,"恒生指數中午收報26,863點，升166點。

華潤萬象生活及京東健康均升百分之4.3，信義光能跌百分之6.1。"
69140541c17f94bd583bc0f2,環境及生態局局長出席聯合國氣候變化大會,2025-11-12 11:41,2025-11-12 12:15,local,tvb,https://news.tvb.com/tc/local/69140541c17f94bd583bc0f2,"環境及生態局局長謝展寰在巴西貝倫出席《聯合國氣候變化框架公約》締約方會議第30屆會議（氣候變化大會），與中國代表團會面及在中國角邊會論壇致辭。
 
謝展寰下午在中國角邊會，出席由國家生態環境部應對氣候變化司指導，特區政府環境及生態局、香港地球之友和香港金融發展局合辦的論壇，主題為「香港匯聚創新：共建韌性城市與全球綠色金融樞紐」。此次邊會論壇聚焦探討香港在應對氣候變化方面的角色、成果和策略，主要討論範疇包括氣候行動、能源轉型、綠色及可持續金融、提升對氣候變化的韌性，以及加強區域和國際合作框架等。
 
謝展寰致開幕辭時表示，為應對氣候變化，香港自1997年起已停止興建燃煤發電機組，並在2014年已經碳達峰。現時香港的溫室氣體排放總量與2014年排放峰值比較下降約4分之1，而人均溫室氣體排放量下降近3成至低於4.5公噸二氧化碳當量，是美國的約4分之1及歐盟的約6成。
 
他指出香港爭取在2035年減少一半碳排放，並在2050年前達致碳中和，為此，特區政府在《香港氣候行動藍圖2050》中提出四方面的減碳策略，包括淨零發電、節能綠建、綠色運輸和達致「零廢堆填」。能源方面的相關措施包括在2035年或之前停用燃煤發電、把零碳能源在發電燃料組合的比例提高至逾6成、去年制定了《香港氫能發展策略》穩慎有序地營造有利本地氫能發展的環境等。
 
轉廢為能方面，首座大型轉廢為能設施本月啓用，第二座設施正招標建設，預計2030年落成。香港亦正與內地合作在粵港澳大灣區建設可持續航空燃料生產基地，同時積極將香港發展為綠色船用燃料加注貿易中心。
 
謝展寰認為要應對氣候變化的挑戰，國際間的合作至關重要。"
